:020000040800F2
:1080000000000120658300086D8300087783000865
:10801000018400080B84000861840008000000004F
:10802000000000000000000000000000B98400080B
:10803000C384000800000000CD840008659D00088E
:10804000F1840008F1840008F1840008F18400083C
:10805000F1840008F1840008B9A70008E5A700082A
:1080600011A800083DA8000869A80008F1840008CC
:10807000F1840008F1840008F1840008F18400080C
:10808000F1840008F1840008F18400080000000079
:1080900000000000000000000000000095A800089B
:1080A000F1840008F1840008F1840008F1840008DC
:1080B000F1840008F1840008F1840008F1840008CC
:1080C000F1840008F1840008F1840008F1840008BC
:1080D000F1840008F9990008F1840008000000000C
:1080E000F1840008F1840008F18400080000000019
:1080F000000000000000000000000000F184000803
:1081000000000000F1840008F1840008F1840008F8
:10811000000000000000000000000000000000005F
:10812000F1840008F1840008F1840008F18400085B
:10813000F1840008000000000000000000000000C2
:10814000000000000000000000000000F1840008B2
:10815000F1840008F1840008F1840008F18400082B
:10816000F1840008F1840008000000000000000015
:1081700000000000000000000000000000000000FF
:1081800000000000F1840008000000000000000072
:10819000F184000880B596B000AF01F057F9604B4C
:1081A000604A1A60604B5F4A1A60604B7B6524E04E
:1081B0007B6D1A1D7A651B683B647B6D1A1D7A65A1
:1081C0001B68FB637B6D1A1D7A651B68BB633B6C88
:1081D0007B63FB6B3B63BB6BFB623B6BBB6207E090
:1081E0007A6B131D7B63BB6A191DB96212681A6032
:1081F000FA6ABB6A9A42F3D800BF7B6D4C4A93423D
:10820000D6D3474B1B684B4A934205D1464B1B685C
:10821000494A934200D100E0FEE7484B414A1A60C8
:10822000474B404A1A60474B3B651AE03B6D1A1DAD
:108230003A651B68BB643B6D1A1D3A651B687B641D
:10824000BB6C7B627B6C3B627B6AFB6104E0FB691D
:108250001A1DFA6100221A603A6AFB699A42F6D83E
:1082600000BF3B6D384A9342E0D3344B1B68002B70
:1082700004D1334B1B68002B00D100E0FEE70CF06B
:1082800029FA3A1D07F108031146184601F01EF8B5
:108290002E4A2F4BD31A9B103B610023FB6007E053
:1082A0002B4AFB6852F823309847FB680133FB6088
:1082B0003A69FB689A42F3DC264A274BD31A9B1093
:1082C0003B610023FB6007E0234AFB6852F8233040
:1082D0009847FB680133FB603A69FB689A42F3DC1C
:1082E00000BFBB687A68114618460CF0C9F9F864FB
:1082F0001A4A1B4BD31A9B10BB61BB697B6108E018
:108300007B69013B164A52F8233098477B69013B51
:108310007B617B69002BF3DC00BFF86C00F092FFFF
:1083200000000020BABADECA74000020FC840008F5
:10833000148500087856341232547698780000205C
:10834000380E0020148500082485000824850008C4
:108350002485000824850008248500082485000859
:108360002485000880B500AFFFF714FF80B400AF8C
:1083700000BE00BFFDE71EF0040F0CBFEFF3088046
:10838000EFF309807146574A104700BF80B588B0A7
:1083900002AF78603960184B5B6B7B61164B9B6B4F
:1083A0003B61154B9B6AFB60134B1B6B03F0020395
:1083B000002B10D0104BDB6A002B0CDA4BF6AB61B4
:1083C000786801F0EFF80346002B04D00A4B4FF019
:1083D0000042DA620DE0094800F09AFF3B68009322
:1083E0003B697A69F968786801F046F800BE00BF19
:1083F000FDE71837BD4680BD00ED00E0905601084E
:1084000080B400AF00BE00BFFDE71EF0040F0CBF3C
:10841000EFF30880EFF309807146334A104700BF3D
:1084200080B588B002AF786039600B4B5B6B7B61C5
:10843000094B9B6B3B61084B9B6AFB60074800F054
:1084400067FF3B6800933B697A69F968786801F0D7
:1084500013F800BE00BFFDE700ED00E0A0560108E4
:108460001EF0040F0CBFEFF30880EFF30980714694
:108470001E4A104700BF80B588B002AF78603960EF
:108480000B4B5B6B7B610A4B9B6B3B61084B9B6AA5
:10849000FB60084800F03CFF3B6800933B697A6949
:1084A000F968786800F0E8FF00BE00BFFDE700BF94
:1084B00000ED00E0AC56010880B400AF00BE00BF84
:1084C000FDE780B400AF00BE00BFFDE780B400AFA1
:1084D00000BE00BFFDE780B400AF00BFBD465DF841
:1084E000047B70478D83000821840008778400088E
:0A84F00080B400AF00BE00BFFDE73E
:1084FC006C61010800000020780000206C6101080C
:10850C000000001000000010780000203C0E00203D
:08851C00000000100000001037
:1085300080B500AF0E4B1B680D4A43F40073136007
:108540000B4B1B680A4A43F480631360084B1B689B
:10855000074A43F480731360032000F0E5F80F200E
:1085600000F008F80CF01EF90023184680BD00BF8B
:10857000003C024080B582B000AF7860094B1B68B8
:10858000094AA2FB03239B09184600F019F90022AF
:1085900079684FF0FF3000F0E7F8002318460837FD
:1085A000BD4680BD0C000020D34D621080B400AFEA
:1085B000034B1B681846BD465DF8047B704700BF3F
:1085C0007C00002080B485B000AF78607B6803F049
:1085D0000703FB600C4BDB68BB60BA684FF6FF0318
:1085E0001340BB60FB681A02BB68134343F0BF63D0
:1085F00043F40033BB60044ABB68D36000BF143748
:10860000BD465DF8047B704700ED00E080B400AF2C
:10861000044BDB681B0A03F007031846BD465DF8F0
:10862000047B704700ED00E080B483B000AF0346E8
:108630003960FB7197F90730002B0BDA3B68DAB22F
:108640000C49FB7903F00F03043B1201D2B20B4437
:108650001A7609E03B68DAB2074997F90730120148
:10866000D2B20B4483F8002300BF0C37BD465DF83F
:10867000047B704700ED00E000E100E080B489B0C9
:1086800000AFF860B9607A60FB6803F00703FB6134
:10869000FB69C3F10703042B28BF0423BB61FB69FB
:1086A0000433062B02D9FB69033B00E000237B6106
:1086B0004FF0FF32BB6902FA03F3DA43BB681A409A
:1086C0007B699A404FF0FF317B6901FA03F3D9438C
:1086D0007B680B40134318462437BD465DF8047B86
:1086E0007047000080B582B000AF78607B68013BC6
:1086F000B3F1807F01D301230FE00A4A7B68013B7D
:1087000053600F214FF0FF30FFF78EFF054B002223
:108710009A60044B07221A60002318460837BD46AA
:1087200080BD00BF10E000E080B582B000AF78608F
:108730007B68072B0FD07B68062B0CD07B68052B42
:1087400009D07B68042B06D07B68032B03D0A421BF
:10875000044800F0CFFD7868FFF734FF00BF08370A
:10876000BD4680BD4C54010880B586B000AF0346BD
:10877000B9607A60FB7300237B617B680F2B03D9A0
:10878000BC210E4800F0B6FDBB680F2B03D9BD21FC
:108790000A4800F0AFFDFFF739FF78617A68B968E1
:1087A0007869FFF76BFF024697F90F3011461846BC
:1087B000FFF73AFF00BF1837BD4680BD4C54010893
:1087C00080B582B000AF78607868FFF78BFF034612
:1087D00018460837BD4680BD80B582B000AF7860CE
:1087E0007B68042B07D07B68002B04D040F2B311C8
:1087F0000B4800F07FFD7B68042B06D1094B1B68FA
:10880000084A43F00403136005E0064B1B68054A61
:1088100023F00403136000BF0837BD4680BD00BFCE
:108820004C54010810E000E080B58EB000AF7860D5
:1088300000237B637B681B680F2B03D9F5219A48C3
:1088400000F058FD7B681B6803F00103002B60D02B
:108850007B685B68002B0BD07B685B68012B07D0C3
:108860007B685B68052B03D0FA218F4800F042FD3E
:108870008E4B9B6803F00C03042B0CD08B4B9B6836
:1088800003F00C03082B12D1884B5B6803F48003C0
:10889000B3F5800F0BD1854B1B6803F40033002B1D
:1088A00036D07B685B68002B32D1012377E27B688E
:1088B0005A687F4BD2B21A707B685B68002B13D06A
:1088C000FFF774FE786308E0FFF770FE02467B6BEB
:1088D000D31A642B01D9032361E2744B1B6803F4A0
:1088E0000033002BF0D014E0FFF760FE786308E05F
:1088F000FFF75CFE02467B6BD31A642B01D903237E
:108900004DE26A4B1B6803F40033002BF0D100E00A
:1089100000BF7B681B6803F00203002B00F08E8011
:108920007B68DB68002B08D07B68DB68012B04D0F8
:108930004FF496715C4800F0DDFC7B681B691F2BCF
:1089400004D940F22D11584800F0D4FC574B9B68D5
:1089500003F00C03002B0BD0544B9B6803F00C036B
:10896000082B26D1514B5B6803F48003002B20D1E8
:108970004E4B1B6803F00203002B05D07B68DB68BD
:10898000012B01D001230AE2484B1B6823F0F802B7
:108990007B681969F8233B633B6B93FAA3F3FB6293
:1089A000FB6AB3FA83F301FA03F3404913430B6004
:1089B00044E07B68DB68002B2AD03E4B01221A6022
:1089C000FFF7F4FD786308E0FFF7F0FD02467B6BEC
:1089D000D31A022B01D90323E1E1344B1B6803F0C6
:1089E0000203002BF0D0314B1B6823F0F8027B68A8
:1089F0001969F823BB62BB6A93FAA3F37B627B6AB3
:108A0000B3FA83F301FA03F3284913430B6015E02B
:108A1000284B00221A60FFF7C9FD786308E0FFF7D2
:108A2000C5FD02467B6BD31A022B01D90323B6E1A5
:108A30001E4B1B6803F00203002BF0D17B681B6800
:108A400003F00803002B48D07B685B69002B08D03B
:108A50007B685B69012B04D040F26D11124800F075
:108A600049FC7B685B69002B16D0134B01221A600E
:108A7000FFF79CFD786308E0FFF798FD02467B6BEB
:108A8000D31A022B01D9032389E1084B5B6F03F052
:108A90000203002BF0D020E0074B00221A60FFF702
:108AA00085FD786313E000BF905401080038024050
:108AB0000238024000004742800E4742FFF776FD31
:108AC00002467B6BD31A022B01D9032367E19E4B2D
:108AD0005B6F03F00203002BF0D17B681B6803F08F
:108AE0000403002B6BD07B689B68002B0CD07B6849
:108AF0009B68012B08D07B689B68052B04D040F253
:108B00009711924800F0F6FB0023BB608E4B1B6C64
:108B10008D4A43F0805313648B4B1B6C03F08053DE
:108B2000BB60BB688A4B1B68894A43F4807313603F
:108B3000FFF73CFD786308E0FFF738FD02467B6BEA
:108B4000D31A022B01D9032329E1814B1B6803F4BB
:108B50008073002BF0D07B689A687E4BD2B21A707B
:108B60007B689B68002B15D0FFF720FD78630AE037
:108B7000FFF71CFD02467B6BD31A41F28832934209
:108B800001D903230BE1704B1B6F03F00203002B91
:108B9000EED014E0FFF70AFD78630AE0FFF706FD68
:108BA00002467B6BD31A41F28832934201D90323E8
:108BB000F5E0654B1B6F03F00203002BEED17B68E1
:108BC0009B69002B0CD07B689B69012B08D07B68CC
:108BD0009B69022B04D04FF4E6715C4800F08AFBDD
:108BE0007B689B69002B00F0D980574B9B6803F092
:108BF0000C03082B00F0D0807B689B69022B40F0AF
:108C0000B4807B68DB69002B09D07B68DB69B3F536
:108C1000800F04D040F2D5114C4800F06BFB7B680C
:108C20001B6A3F2B04D94FF4EB71484800F062FBFC
:108C30007B685B6A312B04D97B685B6AB3F5D87FAC
:108C400004D940F2D711414800F054FB7B689B6A7D
:108C5000022B10D07B689B6A042B0CD07B689B6A2C
:108C6000062B08D07B689B6A082B04D04FF4EC716C
:108C7000364800F03FFB7B68DB6A032B03D97B6837
:108C8000DB6A0F2B04D940F2D911304800F032FBD7
:108C9000314B00221A60FFF789FC786308E0FFF788
:108CA00085FC02467B6BD31A022B01D9032376E0A5
:108CB000254B1B6803F00073002BF0D17B68DA6949
:108CC0007B681B6A1A437B68596A47F6C0733B612D
:108CD0003B6993FAA3F3FB60FB68B3FA83F301FAF1
:108CE00003F31A437B689B6A5B08591E4FF44033B9
:108CF000BB61BB6993FAA3F37B617B69B3FA83F32E
:108D000001FA03F31A437B68D96A4FF070633B6240
:108D10003B6A93FAA3F3FB61FB69B3FA83F301FAAD
:108D200003F3094913434B600B4B01221A60FFF711
:108D30003DFC786312E0FFF739FC02467B6BD31AE7
:108D4000022B0BD903232AE000380240905401087B
:108D5000007000407038024060004742124B1B68B0
:108D600003F00073002BE6D018E0104B00221A60CD
:108D7000FFF71CFC786308E0FFF718FC02467B6BEA
:108D8000D31A022B01D9032309E0074B1B6803F018
:108D90000073002BF0D101E0012300E0002318460E
:108DA0003837BD4680BD00BF0038024060004742F2
:108DB00080B586B000AF7860396000237B617B6846
:108DC0001B68002B03D07B681B680F2B04D940F273
:108DD0003721914800F08EFA3B68002B19D03B6890
:108DE000012B16D03B68022B13D03B68032B10D00D
:108DF0003B68042B0DD03B68052B0AD03B68062B43
:108E000007D03B68072B04D04FF40E71824800F066
:108E100071FA824B1B6803F00F033A689A420CD92F
:108E20007E4B3A68D2B21A707C4B1B6803F00F037A
:108E30003A689A4201D0012369E17B681B6803F01C
:108E40000203002B31D07B689B68002B24D07B6809
:108E50009B68802B20D07B689B68902B1CD07B6804
:108E60009B68A02B18D07B689B68B02B14D07B68C4
:108E70009B68C02B10D07B689B68D02B0CD07B6884
:108E80009B68E02B08D07B689B68F02B04D040F2F5
:108E90004F21614800F02EFA614B9B6823F0F002ED
:108EA0007B689B685E4913438B607B681B6803F09B
:108EB0000103002B00F09B807B685B68002B10D0C7
:108EC0007B685B68012B0CD07B685B68022B08D049
:108ED0007B685B68032B04D040F256214E4800F0BB
:108EE00009FA7B685B68012B07D14D4B1B6803F4C3
:108EF0000033002B19D1012309E17B685B68022B49
:108F000003D07B685B68032B07D1454B1B6803F0DC
:108F10000073002B09D10123F9E0414B1B6803F0DA
:108F20000203002B01D10123F1E03D4B9B6823F0AC
:108F300003027B685B683A4913438B60FFF736FB9B
:108F400078617B685B68012B12D10AE0FFF72EFB8A
:108F500002467B69D31A41F28832934201D9032336
:108F6000D5E02F4B9B6803F00C03042BEED13EE0C1
:108F70007B685B68022B12D10AE0FFF717FB024601
:108F80007B69D31A41F28832934201D90323BEE0B0
:108F9000234B9B6803F00C03082BEED127E07B6882
:108FA0005B68032B1DD10AE0FFF700FB02467B69DB
:108FB000D31A41F28832934201D90323A7E0184B18
:108FC0009B6803F00C030C2BEED110E0FFF7EEFAD8
:108FD00002467B69D31A41F28832934201D90323B6
:108FE00095E00F4B9B6803F00C03002BEED10B4B6D
:108FF0001B6803F00F033A689A4213D2074B3A6892
:10900000D2B21A70054B1B6803F00F033A689A42FC
:1090100008D001237BE000BF90540108003C0240CF
:10902000003802407B681B6803F00403002B25D046
:109030007B68DB68002B18D07B68DB68B3F5805F4A
:1090400013D07B68DB68B3F5A05F0ED07B68DB686C
:10905000B3F5C05F09D07B68DB68B3F5E05F04D08F
:109060004FF42D712C4800F045F92C4B9B6823F4EC
:10907000E0527B68DB68294913438B607B681B687F
:1090800003F00803002B26D07B681B69002B18D047
:109090007B681B69B3F5805F13D07B681B69B3F5F0
:1090A000A05F0ED07B681B69B3F5C05F09D07B68F9
:1090B0001B69B3F5E05F04D040F2BB21164800F015
:1090C00019F9164B9B6823F460427B681B69DB002F
:1090D000124913438B6000F027F801460F4B9B6841
:1090E00003F0F002F0233B613B6993FAA3F3FB60CA
:1090F000FB68B3FA83F322FA03F3094AD35C21FA3B
:1091000003F3084A13600F20FFF734FA00231846D0
:109110001837BD4680BD00BF90540108003802409A
:10912000805401080C00002080B48BB000AF0023F5
:10913000FB6100237B620023BB6100233B62384B51
:109140009B6803F00C03082B0CD0082B5DD8002B78
:1091500002D0042B03D058E0324B3B6258E0324B34
:109160003B6255E02E4B5B6803F03F03FB612C4BE9
:109170005B6803F48003002B17D02B4AFB69B2FB1A
:10918000F3F2274B596847F6C0730B4047F6C0719E
:109190007961796991FAA1F139613969B1FA81F19D
:1091A000CB4002FB03F37B6216E01E4AFB69B2FB75
:1091B000F3F21B4B596847F6C0730B4047F6C0717A
:1091C000F960F96891FAA1F1B960B968B1FA81F171
:1091D000CB4002FB03F37B62114B5B6803F440322C
:1091E0004FF440337B607B6893FAA3F33B603B68AA
:1091F000B3FA83F322FA03F301335B00BB617A6AAB
:10920000BB69B2FBF3F33B6202E0064B3B6200BF7B
:109210003B6A18462C37BD465DF8047B704700BF9B
:10922000003802400024F40040787D0180B400AF93
:10923000034B1B681846BD465DF8047B704700BFB2
:109240000C00002080B483B000AF786000BFFDE761
:1092500080B500AF024800F07DF80120FFF7F2FF73
:10926000C054010880B584B000AF7860144B1B680F
:10927000002B02D1124B134A1A60114B1B68FB6082
:109280007B68033323F003037B600D4B1A687B6814
:1092900013440D4A934207D90BF020FC03460C22DD
:1092A0001A604FF0FF3306E0054B1A687B681344E1
:1092B000034A1360FB6818461037BD4680BD00BFE7
:1092C000800000203C0E002000FC002080B483B011
:1092D00000AF786039607B6801221A603B68044AFD
:1092E0001A6000BF0C37BD465DF8047B704700BFB5
:1092F0000400002080B582B000AF786039603A6821
:109300007968024800F004F8FFF7A2FF1855010839
:109310000FB480B582B000AF07F114033B603B6827
:109320003A6980210A480BF0BBFB78607B68002B10
:1093300005DD7B681946064800F024F878607B68F4
:1093400018460837BD46BDE8804004B0704700BFEE
:109350008C00002080B582B000AF786078680BF098
:10936000C3FB03461946786800F00CF80121044855
:1093700000F008F8034618460837BD4680BD00BF18
:109380004455010880B582B000AF78603960396813
:10939000786800F005F8034618460837BD4680BDDA
:1093A000B0B590B000AF786039607A683B6813441C
:1093B00093F90030002B0BD104233B637B68FB62E5
:1093C0003C6BFD6A20462946ABBE0446BC6237E0D2
:1093D0003B68FB6331E0FB6B102B28BF10237B63E2
:1093E0000023BB630EE07B6893F9001007F10C02C9
:1093F000BB6B13440A461A70BB6B0133BB637B68BB
:1094000001337B60BA6B7B6B9A42ECD307F10C02A1
:10941000BB6B134400221A7004237B6207F10C0318
:109420003B627C6A3D6A20462946ABBE0446FC612D
:1094300000BFFA6B7B6BD31AFB63FB6B002BCAD1AB
:109440003B6818464037BD46B0BD000080B500AF50
:1094500000F0D2F8064B074A9A60054BD3F88830E3
:10946000034A43F47003C2F8883000BF80BD00BFD8
:1094700000ED00E00080000880B584B000AFF86027
:10948000B9607A603B603448FFF742FFFB681B68B5
:1094900019463248FFF73CFFFB685B6819463048C5
:1094A000FFF736FFFB689B6819462E48FFF730FF31
:1094B000FB68DB6819462C48FFF72AFFFB681B692D
:1094C00019462A48FFF724FFFB685B6919462848BC
:1094D000FFF71EFFFB689B6919462648FFF718FF38
:1094E000FB68DB6919462448FFF712FF2348FFF7A2
:1094F0000FFFB9682248FFF70BFF224BDB6A1946C2
:109500002148FFF705FF1F4B1B6B19461F48FFF74C
:10951000FFFE1C4BDB6B19461D48FFF7F9FEBB68CD
:1095200003F08003002B03D079681A48FFF7F0FEA0
:10953000BB6803F40043002B03D039681648FFF7DB
:10954000E7FE1648FFF7E4FEB9691548FFF7E0FEAD
:1095500000BF1037BD4680BD745501088455010811
:1095600094550108A4550108B4550108C4550108D3
:10957000D4550108E4550108F455010804560108C2
:109580001056010800ED00E0205601083056010891
:1095900040560108505601086056010870560108EF
:1095A0007856010880B485B000AF78600B467B80A8
:1095B0007B689B69FB60FB681B887A889A4214D1A0
:1095C0007B681B68BB60BB68032B04D0BB68042BA3
:1095D00003D000230AE000BF00E000BF7B689B6966
:1095E0009A1C7B689A61012300E000231846143717
:1095F000BD465DF8047B704780B400AF164BD3F8CE
:109600008830154A43F47003C2F88830134B1B6846
:10961000124A43F001031360104B00229A600F4B73
:109620001B680E4A23F0847323F4803313600B4BC2
:109630000B4A5A60094B1B68084A23F480231360C5
:10964000064B0022DA60044B4FF000629A6000BFC4
:10965000BD465DF8047B704700ED00E00038024035
:109660001030002480B487B000AF00233B6100239A
:109670007B610223FB600023BB6002237B60344BD1
:109680009B6803F00C033B613B69082B11D03B69DD
:10969000082B44D83B69002B03D03B69042B04D032
:1096A0003DE02C4B2C4A1A603DE02A4B2B4A1A60B5
:1096B00039E0274B5B689B0D03F00103BB60244B33
:1096C0005B6803F03F037B60BB68002B0CD0234A30
:1096D0007B68B2FBF3F31E4A52689209C2F3080298
:1096E00002FB03F37B610BE01B4A7B68B2FBF3F3E5
:1096F000174A52689209C2F3080202FB03F37B6126
:10970000134B5B681B0C03F0030301335B00FB602E
:109710007A69FB68B2FBF3F30E4A136003E00D4B6A
:109720000D4A1A6000BF0A4B9B681B0903F00F0328
:109730000B4AD35C3B61074B1A683B6922FA03F37F
:10974000044A136000BF1C37BD465DF8047B7047B8
:10975000003802400C0000200024F40040787D0115
:10976000BC56010880B483B000AF78607B68002BE2
:1097700007D0144B1B889AB2134B1B889BB29A429A
:1097800001D1002317E00F4B1B889BB21A460F4BE9
:109790009B5CDAB27B681A700A4B1B889BB2013360
:1097A0005A42C3F30903C2F3090258BF53429AB2A3
:1097B000044B1A80012318460C37BD465DF8047B24
:1097C000704700BF0C0900200E0900200C05002086
:1097D00080B400AF0B4B00221A700B4B00221A70A2
:1097E0000A4B00221A700A4B00221A80094B0022F1
:1097F0001A80094B00221A7000BFBD465DF8047B39
:10980000704700BF190900201A0900201B09002019
:109810000C0900200E0900200C01002080B500AFCB
:109820001B4BDB681A4A23F40043D360184BDB68F8
:10983000174A23F48053D360154BDB68144A23F492
:109840008063D360124BD9229A60114B1B69104A76
:1098500023F4805313610E4B1B690D4A23F400530C
:1098600013610B4BDB680A4A43F00803D360084BD3
:10987000DB68074A43F00403D360054BDB68044A06
:1098800043F40053D36000F085F800BF80BD00BFF3
:109890000010014080B582B000AF0346FB71FB7938
:1098A000184600F005F800BF0837BD4680BD00002F
:1098B00080B485B000AF0346FB711C4BFB6002E037
:1098C000FB68013BFB601A4B1B6803F08003002B15
:1098D00002D1FB68002BF3D1FB68002B01D10023E0
:1098E0001DE0134AFB795360104BFB6002E0FB68FC
:1098F000013BFB600E4B1B6803F04003002B02D1C1
:10990000FB68002BF3D1FB68002B01D1002306E09C
:10991000074B1B68064A23F04003136001231846D7
:109920001437BD465DF8047B704700BF40420F000E
:109930000010014080B400AF054BDB68044A23F0FF
:109940008003D36000BFBD465DF8047B704700BF55
:109950000010014080B400AF054BDB68044A43F0BF
:109960004003D36000BFBD465DF8047B704700BF75
:109970000010014080B400AF054BDB68044A23F0BF
:109980004003D36000BFBD465DF8047B704700BF55
:109990000010014080B400AF054BDB68044A43F07F
:1099A0002003D36000BFBD465DF8047B704700BF55
:1099B0000010014080B584B000AF78607B68002B58
:1099C00016D07B6893F90030FB730023BB600CE07A
:1099D000FB7B1846FFF75EFFBB680133BB60BB68CB
:1099E0007A68134493F90030FB73FB7B002BEFD1B3
:1099F00000BF1037BD4680BD80B582B000AF654B5B
:109A00001B6803F08003002B2DD0624BDB6803F052
:109A10008003002B27D0604B1B68604A12681344F8
:109A20001B78DBB2002B14D05C4B1B6840F2FE327B
:109A300093420EDC584B1B68584A126813441B783B
:109A4000DAB2544B5A60554B1B680133534A1360CA
:109A500009E0FFF76FFFFFF77DFF504B00221A6010
:109A60004F4B00221A704B4B1B6803F04003002B36
:109A70000DD0484BDB6803F04003002B07D0454B6B
:109A80001B68444A23F040031360FFF773FF414B08
:109A90001B6803F02003002B78D03E4BDB6803F0FB
:109AA0002003002B72D03B4B5B68FB713D4B1B8846
:109AB0009BB201335A42C3F30903C2F3090258BFF0
:109AC0005342BB80384B1B889BB2BA889A4209D05C
:109AD000344B1B889BB21946344AFB795354314AA4
:109AE000BB881380FB793E2B0FD1314B3E221A707D
:109AF0002F4B00225A702F4B00221A702E4B01223E
:109B00001A702E4B00221A7040E0FB790A2B08D104
:109B10002A4B1B78DBB2002B03D0284B00221A7093
:109B200034E0FB790D2B10D1224B1B78DBB21A46A7
:109B30001F4B002199541F4B00221A701E4B01220B
:109B40001A701E4B01221A7020E0FB790A2B0DD1EE
:109B5000184B1B78DBB21A46154B00219954154B54
:109B600000221A70144B01221A700FE0114B1B785F
:109B7000124B00221A700F4B1B78DBB25A1CD1B269
:109B80000C4A117019460A4AFB79535400BF083732
:109B9000BD4680BD001001401009002014090020BE
:109BA000180900200E0900200C0900200C050020D7
:109BB0000C0100201A090020190900201B090020AF
:109BC00080B483B000AF78601A4B1B68194A23F049
:109BD000010313607B681B78012B06D1154B1B68B2
:109BE000144A43F00203136009E07B681B78002BE2
:109BF00005D1104B1B680F4A23F0020313607B68EA
:109C00005B78012B06D10B4B1B680A4A43F0040317
:109C1000136009E07B685B78022B05D1054B1B685C
:109C2000044A23F00403136000BF0C37BD465DF8FF
:109C3000047B704710E000E080B483B000AF786030
:109C4000084A7B685360074B00229A60054B1B68EB
:109C5000044A43F00103136000BF0C37BD465DF8B2
:109C6000047B704710E000E080B400AF064B1B6837
:109C7000054A23F001031360034B00229A6000BFE2
:109C8000BD465DF8047B704710E000E00000000076
:109C900080B584B000AF87ED000B16A3D3E9002395
:109CA000D7E900010AF086FD02460B461046194628
:109CB0000AF0AAFE0346FB600D4B00229A60FB6887
:109CC000002B10D0FB686FF07F4293420BD2F868F4
:109CD000FFF7B2FF00BF064B1B6803F48033002B75
:109CE000F9D0FFF7C1FF00BF1037BD4680BD00BFF0
:109CF00010E000E000000000006AA84080B584B0D9
:109D000000AF87ED000B4FF00002144BD7E90001C4
:109D10000AF050FD02460B46104619460AF074FE42
:109D20000346FB600E4B00229A60FB68002B10D0AC
:109D3000FB686FF07F4293420BD2F868FFF77CFF1D
:109D400000BF074B1B6803F48033002BF9D0FFF7EB
:109D50008BFF00BF1037BD4680BD00BF000009402B
:109D600010E000E080B500AF074B1B68002B02D06D
:109D7000054B1B689847054B1B78012B01D1FFF75A
:109D800073FF00BF80BD00BF1C0900202009002018
:109D900080B400AF1A4B1B68194A43F40073136078
:109DA000174B1B68164A43F480731360144B1B68EF
:109DB000134A23F400631360114B1B68104A23F00D
:109DC000800313600E4B1B680D4A43F004031360BD
:109DD0000B4B1B680A4A23F002031360084B1B68F5
:109DE000074A23F001031360054B1B68044A43F044
:109DF0004003136000BFBD465DF8047B704700BFA1
:109E00000030014080B485B000AF0346FB711A4BAF
:109E1000FB6002E0FB68013BFB60184B9B6803F0B2
:109E20000203002B02D1FB68002BF3D1FB68002B4F
:109E300001D1002319E0114AFB79D3600E4BFB607E
:109E400002E0FB68013BFB600C4B9B6803F00103E5
:109E5000002B02D1FB68002BF3D1FB68002B01D152
:109E6000002302E0054BDB68DBB218461437BD4621
:109E70005DF8047B704700BF40420F000030014096
:109E800080B400AF114B1B68104A23F48023136089
:109E90000E4B1B680D4A43F48033136000BF0B4B1D
:109EA0001B6803F40033002BF9D0084B9B68074A6A
:109EB00023F002039360054B9B68044A43F00103BF
:109EC000936000BFBD465DF8047B704700380240D8
:109ED00080B483B000AF03460A46FB711346BB71E2
:109EE000FB79032B32D801A252F823F0FD9E000823
:109EF000119F0008259F0008399F0008164B1A6B18
:109F0000BB79012101FA03F3134913430B631DE0ED
:109F1000114B5A6BBB79012101FA03F30E4913432C
:109F20004B6313E00C4B1A6CBB79012101FA03F36C
:109F3000094913430B6409E0074B5A6CBB790121B3
:109F400001FA03F3044913434B6400BF00BF0C370D
:109F5000BD465DF8047B70470038024080B483B092
:109F600000AF0346FB710B4AFB795B09D8B203468D
:109F700052F82320FB7903F01F03012101FA03F3B8
:109F80000449134341F8203000BF0C37BD465DF84B
:109F9000047B704700E100E080B483B000AF03466B
:109FA000FB710B46BB7113467B71FB79002B08D10B
:109FB000BB790D2B60D0BB790E2B5DD0BB790F2BFD
:109FC0005AD0FB79012B05D1BB79032B56D0BB7935
:109FD000042B53D0FB79022B36D0022B4FDC002B05
:109FE00002D0012B18D04AE0284B1B68BA795200E6
:109FF000032101FA02F2D2431146244A0B401360B6
:10A00000224B1B687979BA79520001FA02F21146A3
:10A010001E4A0B43136032E01D4B1B68BA79520095
:10A02000032101FA02F2D2431146194A0B40136090
:10A03000174B1B687979BA79520001FA02F211467E
:10A04000134A0B4313601AE0124B1B68BA79520093
:10A05000032101FA02F2D24311460E4A0B4013606B
:10A060000C4B1B687979BA79520001FA02F2114659
:10A07000084A0B43136002E000BF00E000BF00BFCE
:10A080000C37BD465DF8047B704700BF00000240FE
:10A09000000402400008024080B483B000AF0346D1
:10A0A000FB710B46BB7113467B71FB79002B08D10A
:10A0B000BB790D2B67D0BB790E2B64D0BB790F2BEE
:10A0C00061D0FB79012B05D1BB79032B5DD0BB7926
:10A0D000042B5AD07B79002B2AD1FB79022B1CD080
:10A0E000022B53DC002B02D0012B0BD04EE02A4B6D
:10A0F0005A68BB79012101FA03F3DB432649134077
:10A100004B6043E0254B5A68BB79012101FA03F308
:10A11000DB43224913404B6038E0214B5A68BB793E
:10A12000012101FA03F3DB431D4913404B602DE08D
:10A130007B79012B2AD1FB79022B1AD0022B25DC4B
:10A14000002B02D0012B0AD020E0134B5A68BB79B8
:10A15000012101FA03F3104913434B6016E00F4B42
:10A160005A68BB79012101FA03F30C4913434B6090
:10A170000CE00B4B5A68BB79012101FA03F3084943
:10A1800013434B6002E000BF00E000BF00BF0C378C
:10A19000BD465DF8047B70470000024000040240A9
:10A1A0000008024080B483B000AF0346FB710B4649
:10A1B000BB7113467B71FB79002B08D1BB790D2B4A
:10A1C00060D0BB790E2B5DD0BB790F2B5AD0FB79B9
:10A1D000012B05D1BB79032B56D0BB79042B53D06F
:10A1E000FB79022B36D0022B4FDC002B02D0012B47
:10A1F00018D04AE0284B9B68BA795200032101FA33
:10A2000002F2D2431146244A0B409360224B9B68D2
:10A210007979BA79520001FA02F211461E4A0B43CB
:10A22000936032E01D4B9B68BA795200032101FA1A
:10A2300002F2D2431146194A0B409360174B9B68B8
:10A240007979BA79520001FA02F21146134A0B43A6
:10A2500093601AE0124B9B68BA795200032101FA0D
:10A2600002F2D24311460E4A0B4093600C4B9B689E
:10A270007979BA79520001FA02F21146084A0B4381
:10A28000936002E000BF00E000BF00BF0C37BD4696
:10A290005DF8047B704700BF0000024000040240EC
:10A2A0000008024080B483B000AF0346FB710B4648
:10A2B000BB7113467B71FB79002B08D1BB790D2B49
:10A2C00060D0BB790E2B5DD0BB790F2B5AD0FB79B8
:10A2D000012B05D1BB79032B56D0BB79042B53D06E
:10A2E000FB79022B36D0022B4FDC002B02D0012B46
:10A2F00018D04AE0284BDB68BA795200032101FAF2
:10A3000002F2D2431146244A0B40D360224BDB6851
:10A310007979BA79520001FA02F211461E4A0B43CA
:10A32000D36032E01D4BDB68BA795200032101FA99
:10A3300002F2D2431146194A0B40D360174BDB6837
:10A340007979BA79520001FA02F21146134A0B43A5
:10A35000D3601AE0124BDB68BA795200032101FA8C
:10A3600002F2D24311460E4A0B40D3600C4BDB681D
:10A370007979BA79520001FA02F21146084A0B4380
:10A38000D36002E000BF00E000BF00BF0C37BD4655
:10A390005DF8047B704700BF0000024000040240EB
:10A3A0000008024080B483B000AF0346FB710B4647
:10A3B000BB7113467B71FB79002B08D1BB790D2B48
:10A3C00067D0BB790E2B64D0BB790F2B61D0FB79A2
:10A3D000012B05D1BB79032B5DD0BB79042B5AD05F
:10A3E0007B79002B2AD1FB79022B1CD0022B53DC6A
:10A3F000002B02D0012B0BD04EE02A4B5A69BB79BF
:10A40000012101FA03F3DB43264913404B6143E08A
:10A41000254B5A69BB79012101FA03F3DB43224939
:10A4200013404B6138E0214B5A69BB79012101FA95
:10A4300003F3DB431D4913404B612DE07B79012B76
:10A440002AD1FB79022B1AD0022B25DC002B02D05B
:10A45000012B0AD020E0134B5A69BB79012101FA84
:10A4600003F3104913434B6116E00F4B5A69BB7954
:10A47000012101FA03F30C4913434B610CE00B4B30
:10A480005A69BB79012101FA03F3084913434B616F
:10A4900002E000BF00E000BF00BF0C37BD465DF822
:10A4A000047B7047000002400004024000080240A4
:10A4B00080B483B000AF0346FB710B46BB711346FB
:10A4C0007B71BB79072B52D8FB79022B37D0022B3B
:10A4D00000F3AB80002B02D0012B18D0A5E0564B27
:10A4E0001B6ABA7992000F2101FA02F2D243114697
:10A4F000514A0B401362504B1B6A7979BA7992002A
:10A5000001FA02F211464C4A0B4313628DE04B4BA9
:10A510001B6ABA7992000F2101FA02F2D243114666
:10A52000464A0B401362454B1B6A7979BA7992000F
:10A5300001FA02F21146414A0B43136275E0404BA7
:10A540001B6ABA7992000F2101FA02F2D243114636
:10A550003B4A0B4013623A4B1B6A7979BA799200F5
:10A5600001FA02F21146364A0B4313625DE0BB79F1
:10A57000072B5AD9BB790F2B57D8FB79022B3AD02E
:10A58000022B52DC002B02D0012B1AD04DE02A4BBB
:10A590005B6ABA79083A92000F2101FA02F2D243BB
:10A5A0001146254A0B405362234B5B6A7979BA798D
:10A5B000083A920001FA02F211461F4A0B43536215
:10A5C00033E01E4B5B6ABA79083A92000F2101FA18
:10A5D00002F2D2431146194A0B405362174B5B6A91
:10A5E0007979BA79083A920001FA02F21146134ACF
:10A5F0000B43536219E0124B5B6ABA79083A920036
:10A600000F2101FA02F2D24311460D4A0B40536268
:10A610000B4B5B6A7979BA79083A920001FA02F237
:10A620001146074A0B43536200BF00BF0C37BD46BB
:10A630005DF8047B704700BF000002400004024048
:10A640000008024080B483B000AF0346FB710B46A4
:10A65000BB7113467B71FB79002B08D1BB790D2BA5
:10A660004FD0BB790E2B4CD0BB790F2B49D0FB7947
:10A67000012B05D1BB79032B45D0BB79042B42D0EC
:10A680007B79012B1BD1FB79022B12D0022B3BDCF7
:10A69000002B02D0012B06D036E0BB7901229A4074
:10A6A0001C4B9A6130E0BB7901229A401A4B9A61A7
:10A6B0002AE0BB7901229A40184B9A6124E07B7909
:10A6C000002B21D1FB79022B14D0022B1CDC002B98
:10A6D00002D0012B07D017E0BB79103301229A403A
:10A6E0000C4B9A6110E0BB79103301229A400A4B5F
:10A6F0009A6109E0BB79103301229A40074B9A61B5
:10A7000002E000BF00E000BF00BF0C37BD465DF8AF
:10A71000047B704700000240000402400008024031
:10A7200080B582B000AF78607B6818787B68597814
:10A730007B689B781A46FFF72FFC7B6818787B684C
:10A7400059787B68DB781A46FFF7A6FC7B68187897
:10A750007B6859787B681B791A46FFF723FD7B6875
:10A7600018787B6859787B685B791A46FFF79AFD01
:10A770007B6818787B6859787B689B791A46FFF765
:10A7800097FE00BF0837BD4680BD000080B483B08F
:10A7900000AF78600B46FB70FB780F2B04D8FB787A
:10A7A00004497A6841F8232000BF0C37BD465DF8A4
:10A7B000047B70472409002080B500AF074B1B685D
:10A7C000002B02D0054B1B689847054B5B69044A78
:10A7D00043F00103536100BF80BD00BF2409002086
:10A7E000003C014080B500AF074B5B68002B02D0F6
:10A7F000054B5B689847054B5B69044A43F00203CD
:10A80000536100BF80BD00BF24090020003C01400F
:10A8100080B500AF074B9B68002B02D0054B9B68AF
:10A820009847054B5B69044A43F00403536100BF3A
:10A8300080BD00BF24090020003C014080B500AF6E
:10A84000074BDB68002B02D0054BDB689847054BB4
:10A850005B69044A43F00803536100BF80BD00BF39
:10A8600024090020003C014080B500AF074B1B6964
:10A87000002B02D0054B1B699847054B5B69044AC6
:10A8800043F01003536100BF80BD00BF24090020C6
:10A89000003C014080B582B000AF164B5A69154BA1
:10A8A0001B68134003F478733B60124A3B685361A2
:10A8B0000523FB7115E0FB793A6822FA03F303F0F4
:10A8C0000103002B0AD0FB790B4A52F82330002BEE
:10A8D00004D0FB79084A52F823309847FB790133BA
:10A8E000FB71FB79092BE6D900BF00BF0837BD46D5
:10A8F00080BD00BF003C0140240900200000000092
:10A9000080B582B000AF1448FFF70AFF1348FFF785
:10A9100007FF00233B7102237B713B1D1846FFF7A5
:10A920004FF900F09DF8112000F068F89FED080B3A
:10A93000FFF7AEF93A2000F061F8052000F076F854
:10A94000292000F05BF800BF0837BD4680BD00BF7E
:10A950000000000000002E40100000201800002021
:10A9600090B585B000AF0446084611461A46234606
:10A97000FB800346BB800B467B8013463B80B7F9C8
:10A980000230002B34DBB7F902309F2B30DCB7F9F3
:10A990000620B7F904309A4205DDFB88FB81BB88AD
:10A9A000FB80FB89BB80B7F90430002B22DBB7F9B1
:10A9B00006307F2B1EDCB7F90630002B01DA0023AE
:10A9C000FB80B7F904307F2B01DD7F23BB80FB8840
:10A9D000BA881146184600F0AFF87B887A8811468D
:10A9E000184600F0E5F83B88184600F02DF902E023
:10A9F00000BF00E000BF1437BD4690BD80B582B0F7
:10AA000000AF0346FB71084B1B78074A51780022C0
:10AA10001846FFF7C7FCFB791846FFF7F3F900BFAC
:10AA20000837BD4680BD00BF1800002080B582B049
:10AA300000AF0346FB71084B1B78074A517801228F
:10AA40001846FFF7AFFCFB791846FFF7DBF900BFAC
:10AA50000837BD4680BD00BF180000200000000080
:10AA600080B500AF244B1B78234A51780122184649
:10AA7000FFF798FC9FED1A0BFFF740F91E4B1B7870
:10AA80001D4A517800221846FFF78CFC9FED160BEB
:10AA9000FFF734F9184B1B78174A517801221846F2
:10AAA000FFF780FC9FED0E0BFFF728F9124B1B7888
:10AAB000114A517800221846FFF774FC9FED080BED
:10AAC000FFF71CF90C4B1B780B4A517801221846F2
:10AAD000FFF768FC9FED060BFFF7DAF800BF80BDBB
:10AAE0000000000000005940000000000000F03F9E
:10AAF0000000000000005E401000002080B582B021
:10AB000000AF0346FB800B46BB8013467B80FA8870
:10AB1000FB881146184600F00FF8BA88BB8811462A
:10AB2000184600F045F87B88184600F08DF800BF05
:10AB30000837BD4680BD000080B584B000AF034635
:10AB40000A46FB801346BB80174AFB881380174ACE
:10AB5000BB881380144B1B889BB21B12FB73124BD8
:10AB60001B889BB2BB73114B1B889BB21B127B7360
:10AB70000E4B1B889BB23B732A20FFF73FFFFB7BEA
:10AB80001846FFF753FFBB7B1846FFF74FFF7B7B51
:10AB90001846FFF74BFF3B7B1846FFF747FF00BF08
:10ABA0001037BD4680BD00BF640900206809002041
:10ABB00080B584B000AF03460A46FB801346BB80D5
:10ABC000144AFB881380144ABB881380FB881B0A35
:10ABD0009BB2FB73FB88BB73BB881B0A9BB27B7366
:10ABE000BB883B732B20FFF709FFFB7B1846FFF761
:10ABF0001DFFBB7B1846FFF719FF7B7B1846FFF74D
:10AC000015FF3B7B1846FFF711FF00BF1037BD460D
:10AC100080BD00BF660900206A09002080B582B0AF
:10AC200000AF0346FB807F210020FFF785FF9F21B7
:10AC30000020FFF7BDFFFB88184600F005F800BFB5
:10AC40000837BD4680BD000080B586B000AF034622
:10AC5000FB80FB881B0A9BB2FB74FB88BB74204BF8
:10AC60001B889AB21F4B1B889BB29A4233D31E4B50
:10AC70001B889AB21D4B1B889BB29A422BD3184B50
:10AC80001B889BB21A46174B1B889BB2D31A013301
:10AC90001A46154B1B889BB21946144B1B889BB256
:10ACA000CB1A013302FB03F3FB602C20FFF7A6FE57
:10ACB00000237B610AE0FB7C1846FFF7B7FEBB7CF4
:10ACC0001846FFF7B3FE7B6901337B617A69FB6845
:10ACD0009A42F0D300E000BF1837BD4680BD00BFE8
:10ACE00068090020640900206A0900206609002024
:10ACF00090B587B000AF0446084611461A46234671
:10AD0000FB800346BB800B467B8013463B807A88E2
:10AD1000FB88D31A9BB2FB823A88BB88D31A9BB2BA
:10AD2000BB82B7F91630002B01DB012301E04FF0A5
:10AD3000FF33BB81B7F91430002B01DB012301E0A5
:10AD40004FF0FF337B81B7F91630002B03DAFB8A13
:10AD50005B429BB2FB82B7F91430002B03DABB8A4B
:10AD60005B429BB2BB82FA8ABB8AD31A9BB27B82BC
:10AD7000FB883B82BB88FB81B7F91030002B11DBCD
:10AD8000B7F910307F2B0DDCB7F90E30002B09DB43
:10AD9000B7F90E309F2B05DC3B8AF9893A8D1846AE
:10ADA000FFF7ACFEB7F90230B7F910209A4205D18F
:10ADB000B7F90030B7F90E209A4225D07B8A5B00A4
:10ADC0009BB23B81B7F90820B7F914305B429A4235
:10ADD00009DD7A8ABB8AD31A9BB27B823A8ABB8905
:10ADE00013449BB23B82B7F90820B7F916309A4258
:10ADF000C2DA7A8AFB8A13449BB27B82FA897B8906
:10AE000013449BB2FB81B7E700BF00BF1C37BD46B0
:10AE100090BD90B585B000AF0446084611461A466D
:10AE20002346FB800346BB800B467B8013463B805A
:10AE30000023FB817B88BB817B88C3F101039BB22C
:10AE40007B81DFE0FA88B7F90E3013447F2B11DCE9
:10AE5000BA88B7F90C3013449F2B0BDCFA89FB88B6
:10AE6000134498B2BA89BB8813449BB23A881946F6
:10AE7000FFF744FEFA88B7F90C3013447F2B11DC3E
:10AE8000BA88B7F90E3013449F2B0BDCBA89FB88C4
:10AE9000134498B2FA89BB8813449BB23A88194686
:10AEA000FFF72CFEFA88B7F90E309A4211DBBA8808
:10AEB000B7F90C3013449F2B0BDCFB89FA88D31AAB
:10AEC00098B2BA89BB8813449BB23A881946FFF7F7
:10AED00015FEFA88B7F90C309A4211DBBA88B7F937
:10AEE0000E3013449F2B0BDCBB89FA88D31A98B21F
:10AEF000FA89BB8813449BB23A881946FFF7FEFDD6
:10AF0000FA88B7F90E309A4210DBBA88B7F90C30DC
:10AF10009A420BDBFB89FA88D31A98B2BB89BA88AC
:10AF2000D31A9BB23A881946FFF7E8FDFA88B7F9B9
:10AF30000C309A4210DBBA88B7F90E309A420BDB1C
:10AF4000BB89FA88D31A98B2FB89BA88D31A9BB204
:10AF50003A881946FFF7D2FDFA88B7F90E30134444
:10AF60007F2B10DCBA88B7F90C309A420BDBFA89D8
:10AF7000FB88134498B2BB89BA88D31A9BB23A882B
:10AF80001946FFF7BBFDFA88B7F90C3013447F2B45
:10AF900010DCBA88B7F90E309A420BDBBA89FB880D
:10AFA000134498B2FB89BA88D31A9BB23A881946DF
:10AFB000FFF7A4FDB7F90A30002B09DAFB895B0023
:10AFC0009AB27B8913449BB203339BB27B8113E01B
:10AFD000B7F90E20B7F90C30D31A9BB25B009AB2C6
:10AFE0007B8913449BB205339BB27B81B7F90C304C
:10AFF0009BB2013B9BB2BB81B7F90E309BB20133D0
:10B000009BB2FB81B7F90E20B7F90C309A427FF75B
:10B0100019AF00BF00BF1437BD4690BD90B585B0D5
:10B0200000AF0446084611461A462346FB800346F5
:10B03000BB800B467B8013463B800023FB817B88D3
:10B04000BB817B88C3F101039BB27B816FE0BB892D
:10B05000FA88D31A9BB218B2BA89FB8813449BB200
:10B0600019B2FA89BB8813449BB21AB23B88FFF726
:10B0700077FCBB89FA88D31A9BB218B2BA89FB88CD
:10B0800013449BB219B2FB89BA88D31A9BB21AB285
:10B090003B88FFF765FCFB89FA88D31A9BB218B28C
:10B0A000FA89FB8813449BB219B2BA89BB8813444E
:10B0B0009BB21AB23B88FFF753FCFB89FA88D31A7C
:10B0C0009BB218B2FA89FB8813449BB219B2BB89B0
:10B0D000BA88D31A9BB21AB23B88FFF741FCB7F982
:10B0E0000A30002B09DAFB895B009AB27B89134492
:10B0F0009BB203339BB27B8113E0B7F90E20B7F903
:10B100000C30D31A9BB25B009AB27B8913449BB27A
:10B1100005339BB27B81B7F90C309BB2013B9BB2EC
:10B12000BB81B7F90E309BB201339BB2FB81B7F9FB
:10B130000E20B7F90C309A4289DD00BF00BF1437EA
:10B14000BD4690BD80B584B000AF0346FB71FB796E
:10B1500003F00703FB710023FB7320E0FB7903F18D
:10B160000802FB7BD31A5A4203F0070302F00702DE
:10B1700058BF5342BB73BB7B0D4A32F81330BB81BF
:10B18000FB7B0C4AD35C1846FB7B0B4AD35C19460D
:10B19000BB890422FFF742FFFB7B0133FB73FB7B80
:10B1A000072BDBD900BF00BF1037BD4680BD00BFF5
:10B1B000DC560108CC560108D456010880B582B08F
:10B1C00000AF0346FB71094AFB791370FB79002B32
:10B1D00014BF01230023DBB21A460B210020FFF726
:10B1E00031FA00BF0837BD4680BD00BF6D090020A1
:10B1F00080B582B000AF0C4A3B4692E8030018606D
:10B200000433198002330A0C1A703B461846FFF7C4
:10B2100087FA064B00221A700020FFF7CFFF00BF0D
:10B220000837BD4680BD00BFEC5601086C09002000
:10B2300080B582B000AF0346FB71FB79002B0BD0C9
:10B2400000F014F90346094A13600120FFF7B6FF26
:10B25000074B01221A7005E0054B00221A700020EE
:10B26000FFF7ACFF00BF0837BD4680BD7009002066
:10B270006C09002080B483B000AF78607B68002246
:10B280001A607B6800225A607B6800221A727B6811
:10B2900000225A7200BF0C37BD465DF8047B704730
:10B2A00080B487B000AFF860B9607A60FB681B6853
:10B2B000BA68D31A7B61FB68BA681A60FB685B7A6C
:10B2C000002B04D1FB6801225A72002369E07B69DC
:10B2D00042F6DF6293420ED97B69B3F57A5F0AD8F2
:10B2E000FB6800225A60FB6800221A72FB68022287
:10B2F0005A72002355E0FB685B7A022B50D17B69C0
:10B30000B3F5E16F0FD37B6940F6282293420AD848
:10B31000FB685A68FB681B7A194601238B401A4365
:10B32000FB685A600CE07B69B3F5617F03D37B69EE
:10B33000B3F5AF6F04D9FB6801225A72002330E0E5
:10B34000FB681B7A0133DAB2FB681A72FB681B7A5E
:10B35000202B25D1FB685B68FB74FB685B681B0ACC
:10B36000BB74FB685B681B0C7B74FB685B681B0E23
:10B370003B74FB6800225A72FA7CBB7C5340DBB200
:10B38000FF2B0DD17A7C3B7C5340DBB2FF2B07D1E6
:10B390007B68FA7C1A707B687A7C5A70012300E023
:10B3A000002318461C37BD465DF8047B704700003B
:10B3B00080B483B000AF0346FB71FB7903F01F023A
:10B3C000074997F907305B09012000FA02F241F8BA
:10B3D000232000BF0C37BD465DF8047B704700BFDB
:10B3E00000E100E080B483B000AF0346FB71FB795D
:10B3F00003F01F02074997F907305B09012000FAA3
:10B4000002F2603341F8232000BF0C37BD465DF8DF
:10B41000047B704700E100E080B483B000AF0346D6
:10B420003960FB7197F90730002B0BDA3B68DAB211
:10B430000C49FB7903F00F03043B1201D2B20B4419
:10B440001A7609E03B68DAB2074997F9073012012A
:10B45000D2B20B4483F8002300BF0C37BD465DF821
:10B46000047B704700ED00E000E100E080B400AF35
:10B470004FF080435B6A1846BD465DF8047B704719
:10B4800080B582B000AF204B1B6801331E4A1360A9
:10B49000FFF7ECFF01463B1D1A461C48FFF700FF73
:10B4A0000346002B2BD01A4B1B680133184A13603C
:10B4B000184B1B78DBB201335A4203F00F0302F042
:10B4C0000F0258BF5342FB71134B1B78DBB2FA7962
:10B4D0009A4205D1114B1B680133104A13600FE0EB
:10B4E0000C4B1B78DBB219460D4ABB8822F8113091
:10B4F000BFF35F8F00BF074AFB79137000E000BF06
:10B500000837BD4680BD00BFA40900207409002093
:10B51000A8090020A0090020A1090020AC090020F2
:10B520008009002080B485B000AF7860164B1B788E
:10B53000FB737B68002B05D0144B1B78DBB2FA7BC6
:10B540009A4201D1002319E0BFF35F8F00BFFB7B5C
:10B5500079680F4A5B0013441B880B80BFF35F8F31
:10B5600000BFFB7B01335A4203F00F0302F00F02CE
:10B5700058BF5342DAB2044B1A70012318461437ED
:10B58000BD465DF8047B7047A1090020A00900209A
:10B590008009002080B582B000AF114B1B6803F01A
:10B5A00040037B600E4B1B680D4A23F04003136081
:10B5B000BFF34F8F00BF0B4B1B78DAB20A4B1A70E8
:10B5C0000A48FFF757FE064B40225A61044B1A689F
:10B5D00003497B6813430B6000BF0837BD4680BD3D
:10B5E000003C0140A0090020A109002074090020AE
:10B5F00080B500AF064B1B68054A23F0400313607B
:10B60000BFF34F8F00BFFFF7C5FF00BF80BD00BF76
:10B61000003C014080B584B000AF654B1B68644AB4
:10B6200023F04003136000BF624B9B689A08614B94
:10B630009B68534003F00303002BF5D1FEF712F88B
:10B640005C4B9B689B0A03F00703BB605A4B1B686B
:10B65000FB60BB68032B06D9BB68033BFA6822FA80
:10B6600003F35B00FB60FB68544A93420AD9FA6813
:10B67000534BA3FB02139B0C524901FB03F3D31A58
:10B68000002B01D000238EE0FB684D4AA2FB032370
:10B690009B0C7B607B68B3F5803F01D9002382E07F
:10B6A000444B1B6B434A43F001031363414B5B6CF8
:10B6B000404A43F4804353643E4B1B6C3D4A43F085
:10B6C000010313643B4B1B6C3F4B1B683E4A23F446
:10B6D000405313603C4BDB6823F440533A4A43F435
:10B6E0008053D360394BDB68384A23F47063D360EE
:10B6F0004FF0804300221A604FF080430022DA604E
:10B700004FF0804300229A604FF080427B68013BFB
:10B7100093624FF080434FF0FF32DA624FF0804384
:10B7200001225A614FF0804300221A614FF080439A
:10B7300000225A624FF0804301221A600021244BFC
:10B740000A461A70234B0A461A700023224A1360D5
:10B75000224A1360224A13602248FFF78BFD06211C
:10B760002148FFF713F8124B9B68114A23F040035E
:10B7700093600F4BDB680E4A43F04003D3600C4BE1
:10B7800040225A6101211720FFF746FE1720FFF7DC
:10B7900029FE1720FFF70CFE054B1B68044A43F0F7
:10B7A00040031360012318461037BD4680BD00BF1B
:10B7B000003C0140003802400C0000203F420F00D6
:10B7C00083DE1B4340420F0000000240003801406E
:10B7D000A1090020A0090020AC090020A809002030
:10B7E000A40900207409002081B4000880B485B049
:10B7F00000AF78600023FB730BE0FB7B7A68134497
:10B800001B78DAB2FB7B51B20C4AD154FB7B01337B
:10B81000FB73FB7B3E2B06D8FB7B7A6813441B78BB
:10B82000DBB2002BE9D1FB7B044A0021D15400BFDD
:10B830001437BD465DF8047B704700BFB409002093
:10B8400080B485B000AF786039607B68002B02D08F
:10B850003B68002B28D100232CE07B68FB603B6811
:10B86000BB6005E0FB680133FB60BB680133BB6074
:10B87000FB6893F90030002B0CD0BB6893F90030C3
:10B88000002B07D0FB6893F90020BB6893F90030C8
:10B890009A42E7D0BB6893F90030002B01D1012315
:10B8A00008E07B6801337B607B6893F90030002BF4
:10B8B000D3D1002318461437BD465DF8047B70478A
:10B8C00080B485B000AF78600023FB817B68002BDB
:10B8D0000AD002E0FB890133FB81FB897A681344BB
:10B8E00093F90030002BF5D1FB8918461437BD467B
:10B8F0005DF8047B7047000080B485B000AF03465C
:10B900003960FB800023FB73FB88002B23D13B684D
:10B9100030221A703B68013300221A703CE0FA882A
:10B92000204BA3FB0213D9080B469B000B445B0082
:10B93000D31A9BB2DBB23033DAB2FB7B591CF973FA
:10B9400052B210333B4403F8082CFB88154AA2FB83
:10B950000323DB08FB80FB88002B02D0FB7B052B3D
:10B96000DDD90023BB730EE0FA7BBB7BD31A5A1ED2
:10B97000BB7B39680B4410323A4412F9082C1A7018
:10B98000BB7B0133BB73BA7BFB7B9A42ECD3FB7B63
:10B990003A68134400221A701437BD465DF8047BE0
:10B9A000704700BFCDCCCCCC80B5A6B000AF7860DE
:10B9B00039600023A7F896300023C7F8903066E07E
:10B9C00097F88F303E2B08D139497868FFF738FF58
:10B9D0000346002B49D000235FE097F88F300D2BF2
:10B9E00003D097F88F300A2B2ED1B7F896309833C2
:10B9F0003B44002203F88C2C07F10C031846FFF798
:10BA0000F5FE07F10C032B491846FFF719FF034613
:10BA1000002B08D107F10C0327491846FFF710FF48
:10BA20000346002B01D0022337E007F10C037968AD
:10BA30001846FFF705FF0346002B01D000232CE03A
:10BA40000023A7F8963011E0B7F896307E2B0DD87A
:10BA500097F88F20B7F89630591CA7F8961052B275
:10BA600098333B4403F88C2C00E000BF07F18F03B0
:10BA70001846FDF777FE0346002BA1D19FED0A0B78
:10BA8000FEF706F9D7F890300A33C7F89030D7F8A8
:10BA900090203B689A42E9D3012318469837BD4667
:10BAA00080BD00BFAFF30080000000000000244014
:10BAB000F4560108F856010800570108000000007C
:10BAC00080B5C6B000AF07F58C73A3F58A73186014
:10BAD0000A4607F58C73A3F58B731A800023A7F829
:10BAE00016310023C7F8103191E097F80D310D2B76
:10BAF00003D097F80D310A2B65D1B7F8163107F549
:10BB00008C72A2F586720021D15407F10C031846FD
:10BB1000FFF76CFE07F10C0345491846FFF790FE4E
:10BB20000346002B08D107F10C0342491846FFF7E2
:10BB300087FE0346002B37D00023A7F80E3114E010
:10BB4000B7F80E21B7F80E3107F58C71A1F58A719F
:10BB500009680B4407F58C71A1F586718A561A7035
:10BB6000B7F80E310133A7F80E31B7F80E3107F5EB
:10BB70008C72A2F58672D356002B09D0B7F80E212D
:10BB800007F58C73A3F58B731B88013B9A42D7DBB7
:10BB9000B7F80E3107F58C72A2F58A721268134459
:10BBA00000221A70002339E007F10C0322491846DD
:10BBB000FFF746FE0346002B01D002232EE00023B0
:10BBC000A7F8163111E0B7F81631FE2B0DD897F80B
:10BBD0000D11B7F816315A1CA7F816211A4649B2AA
:10BBE00007F58C73A3F58673995407F20D13184665
:10BBF000FDF7B8FD0346002B7FF477AF9FED0A0BEE
:10BC0000FEF746F8D7F810310A33C7F81031D7F8E5
:10BC1000103142F20F729342E7D90123184607F51B
:10BC20008C77BD4680BD00BF0000000000002440AE
:10BC30000857010810570108F856010880B584B06C
:10BC400000AFF860B9607A60FDF7C2FDF868FDF7F3
:10BC5000B1FE7968B868FFF7A7FE03461A46044BA1
:10BC60001A70034B1B78DBB218461037BD4680BDF7
:10BC7000B309002080B485B000AFF8607B600B464C
:10BC80007B8113463B817B68002B0DD17B8916E0BD
:10BC90007B685A1C7A607A89511C79811146FA684E
:10BCA0000A4493F9003013707B6893F90030002B3D
:10BCB00004D07A893B89013B9A42E9DB7B891846AB
:10BCC0001437BD465DF8047B7047000080B500AFB7
:10BCD000114B00221A70FDF7A1FD0F4B01221A70C3
:10BCE000FDF776FD0D4B00221A700D4B00221A70E5
:10BCF00041F288320B490C48FFF7A0FF064B0222A5
:10BD00001A7041F2883207490848FFF797FF024B43
:10BD100003221A7000BF80BDB2090020B0090020C4
:10BD2000B1090020185701081C57010824570108C1
:10BD300080B5ACB000AF786039600023A7F8AE30B2
:10BD4000B7F8AE1007F10C002F4BA022FFF792FFBF
:10BD50000346A7F8AE30B7F8AE1007F10C007B68C9
:10BD6000A022FFF787FF0346A7F8AE30B7F8AE1062
:10BD700007F10C00254BA022FFF77CFF0346A7F834
:10BD8000AE30B7F8AE1007F10C003B68A022FFF709
:10BD900071FF0346A7F8AE30B7F8AE1007F10C00FC
:10BDA0001B4BA022FFF766FF0346A7F8AE30B7F89B
:10BDB000AE30B0333B44002203F8A42C154B0422D0
:10BDC0001A7007F10C0343F6982213491846FFF73F
:10BDD00035FF034687F8AD3097F8AD30002B0CBF28
:10BDE00001230023DBB21A460C4B1A7097F8AD30D2
:10BDF000002B02D1074B05221A7097F8AD30184678
:10BE0000B037BD4680BD00BF345701084057010818
:10BE100044570108B209002018570108B109002051
:10BE200080B59CB000AF786039600023A7F86E3011
:10BE3000B7F86E1007F10C002D4B6022FFF71AFFC8
:10BE40000346A7F86E30B7F86E1007F10C007B6858
:10BE50006022FFF70FFF0346A7F86E30B7F86E10A9
:10BE600007F10C00234B6022FFF704FF0346A7F8FD
:10BE70006E30B7F86E1007F10C003B686022FFF7D8
:10BE8000F9FE0346A7F86E30B7F86E1007F10C0004
:10BE9000194B6022FFF7EEFE0346A7F86E30B7F8A5
:10BEA0006E3070333B44002203F8642C07F10C031E
:10BEB00041F2883211491846FFF7C0FE034687F861
:10BEC0006D3097F86D30002B0CBF01230023DBB2DF
:10BED0001A460B4B1A700A4B1B78002B02D0094BE9
:10BEE00006221A7097F86D3018467037BD4680BD2F
:10BEF000485701085C5701086057010818570108A6
:10BF0000B0090020B209002080B586B000AFF8600B
:10BF1000B9607A603B600223BB750023FB7521E0AA
:10BF2000174B1B78002B05D1B968F868FFF700FFA5
:10BF30000346BB75124B1B78002B0AD03968786812
:10BF4000FFF76EFF0346BB75BB7D002B01D10023BD
:10BF50000EE000F031FA9FED080BFDF799FEFB7D36
:10BF60000133FB75FA7D97F820309A42D8D3BB7D18
:10BF700018461837BD4680BD0000000000408F40C5
:10BF8000B109002080B5B0B000AFF860B9601346C9
:10BF9000FB800023A7F8BE303D4B1B78002B08D058
:10BFA000FB68002B05D0BB68002B02D0FB88012B5F
:10BFB00001D8032367E0B7F8BE1007F11C00354B2A
:10BFC000A022FFF757FE0346A7F8BE30B7F8BE1011
:10BFD00007F11C00FB68A022FFF74CFE0346A7F800
:10BFE000BE30B7F8BE1007F11C002B4BA022FFF7A4
:10BFF00041FE0346A7F8BE30B7F8BE30C0333B441D
:10C00000002203F8A42C07F11C031846FFF758FC84
:10C010000346A7F8BC3007F11402B7F8BC3011464C
:10C020001846FFF769FCFDF7D3FB1C48FDF7C2FC7F
:10C0300007F114031846FDF7BDFC1948FDF7BAFCDB
:10C0400041F288311748FFF7AFFC0346002B03D0BD
:10C0500000F0B2F9022316E0FDF7BAFB07F11C036A
:10C060001846FDF7A7FCBB6800221A70FB8819462A
:10C07000B868FFF725FD0346002B01D1002302E03D
:10C0800000F09AF901231846C037BD4680BD00BFB5
:10C09000B0090020645701086C570108AC5701082B
:10C0A00060570108F456010880B487B000AF78608B
:10C0B00039603B681B88FB8206233B8202E0FB8AD7
:10C0C000013BFB82FB8A002B0FD0FB8A013B7A6885
:10C0D000134493F900300D2BF1D0FB8A013B7A68B1
:10C0E000134493F900300A2BE9D0FA8A3B8A9A422A
:10C0F00023D3FA8A3B8AD31AFB810123FB740023E2
:10C10000BB8211E0FA89BB8A13441A467B68134448
:10C1100093F90020BB8A1049CB569A4201D00023E4
:10C12000FB74BB8A0133BB82BA8A3B8A9A42E9D349
:10C13000FB7C002B01D0FB89FB82FB8A7A681344CD
:10C1400000221A703B68FA8A1A8000BF1C37BD466D
:10C150005DF8047B704700BFD05701080000000065
:10C1600080B586B000AF78600B467B8000237B6192
:10C170000023FB740023BB7400237B740023BB816A
:10C180007B6800221A704CE000233B7429E00123F5
:10C190003B74FB7C002B14D1BB7C0D2B0CD17B7C26
:10C1A0000A2B09D1FB7B0A2B06D10123FB74002348
:10C1B000BB7400237B7414E0BB7C7B74FB7BBB747F
:10C1C0000FE0BB891A467B88013B9A4209DAFA7B69
:10C1D000BB89591C89B2B98119467B680B4452B29C
:10C1E0001A7007F10F031846FDF7BCFA0346002B3F
:10C1F000CDD13B7C002B14D1FB7C002B0AD0BB891A
:10C20000002B07D09FED140BFDF742FD7B69C8336F
:10C210007B610BE09FED120BFDF73AFD7B690A3362
:10C220007B617B6942F20F729342ADD9BB891A469A
:10C230007B68134400221A7007F10C0319467868D2
:10C24000FFF732FFBB89002B0CBF01230023DBB2B9
:10C2500018461837BD4680BD000000000000694048
:10C26000000000000000244080B5B0B000AFF860CE
:10C27000B9601346FB800023A7F8BE303B4B1B7808
:10C28000002B08D0FB68002B05D0BB68002B02D028
:10C29000FB88012B01D8032364E0B7F8BE1007F137
:10C2A0001C00334BA022FFF7E5FC0346A7F8BE3085
:10C2B000B7F8BE1007F11C00FB68A022FFF7DAFCFC
:10C2C0000346A7F8BE30B7F8BE1007F11C00294B93
:10C2D000A022FFF7CFFC0346A7F8BE30B7F8BE3068
:10C2E000C0333B44002203F8A42C07F11C0318467A
:10C2F000FFF7E6FA0346A7F8BC3007F11402B7F8D7
:10C30000BC3011461846FFF7F7FAFDF761FA1A48F4
:10C31000FDF750FB07F114031846FDF74BFB1748D8
:10C32000FDF748FB41F288311548FFF73DFB034616
:10C33000002B03D000F040F8022313E0FDF748FA89
:10C3400007F11C031846FDF735FBFB881946B86852
:10C35000FFF706FF0346002B01D1002302E000F0A7
:10C360002BF801231846C037BD4680BDB009002018
:10C37000645701086C570108AC5701086057010861
:10C38000F456010880B500AF084B1B78002B05D090
:10C3900041F2883206490748FFF750FC034B002260
:10C3A0001A70FDF715FA00BF80BD00BFB00900206C
:10C3B00018570108B857010880B500AFFDF708FA13
:10C3C0000748FDF7F7FA9FED040BFDF761FCFFF757
:10C3D000D9FF00BF80BD00BF000000000000594031
:10C3E000C857010880B584B000AF03460A46FB7108
:10C3F0001346BB710023FB738C4B1A88FB7999B2EF
:10C400008A4B5B8911FB03F39BB21344BB81874BBF
:10C410005B887B81854B5A8ABB8913449BB2013B65
:10C420009AB2BB8911461846FEF786FB7F4B9A8A63
:10C430007B8913449BB2013B9AB27B891146184613
:10C44000FEF7B6FB4FF6FF70FEF7FEFBBB79013B34
:10C45000052B00F2E78001A252F823F075C4000812
:10C460008BC40008B5C40008F3C4000845C5000823
:10C47000ABC50008BB890B3398B27B890B339BB2E9
:10C4800000221946FEF73AFBCCE0BB89043398B290
:10C490007B8904339BB200221946FEF72FFBBB8930
:10C4A000123398B27B8912339BB200221946FEF7F1
:10C4B00025FBB7E0BB89043398B27B8904339BB278
:10C4C00000221946FEF71AFBBB890B3398B27B8911
:10C4D0000B339BB200221946FEF710FBBB891233C7
:10C4E00098B27B8912339BB200221946FEF706FBF5
:10C4F00098E0BB89043398B27B8904339BB2002255
:10C500001946FEF7FBFABB89123398B27B890433D4
:10C510009BB200221946FEF7F1FABB89043398B2A8
:10C520007B8912339BB200221946FEF7E7FABB89DA
:10C53000123398B27B8912339BB200221946FEF760
:10C54000DDFA6FE0BB89043398B27B8904339BB278
:10C5500000221946FEF7D2FABB89123398B27B89C2
:10C5600004339BB200221946FEF7C8FABB890B338D
:10C5700098B27B890B339BB200221946FEF7BEFAB4
:10C58000BB89043398B27B8912339BB200221946CF
:10C59000FEF7B4FABB89123398B27B8912339BB28F
:10C5A00000221946FEF7AAFA3CE0BB89043398B290
:10C5B0007B8904339BB200221946FEF79FFABB89A0
:10C5C0000B3398B27B8904339BB200221946FEF7E5
:10C5D00095FABB89123398B27B8904339BB200224F
:10C5E0001946FEF78BFABB89043398B27B89123364
:10C5F0009BB200221946FEF781FABB890B3398B231
:10C600007B8912339BB200221946FEF777FABB8969
:10C61000123398B27B8912339BB200221946FEF77F
:10C620006DFA00BF00BF1037BD4680BDC85C010871
:10C6300080B588B002AF78607B681B7D344AA2FB6E
:10C640000323DB08DBB23033DBB25BB23B747B68C5
:10C650001A7D2F4BA3FB0213D9080B469B000B44FA
:10C660005B00D31ADBB23033DBB25BB27B740023E6
:10C67000BB74012301930023009340F2FF73254A0A
:10C680008E21042003F03AFB07F1100201230193ED
:10C69000002300934FF6FF738E21142003F02EFB2E
:10C6A0007B685B7D1A4AA2FB0323DB08DBB23033D5
:10C6B000DBB25BB23B727B685A7D154BA3FB021366
:10C6C000D9080B469B000B445B00D31ADBB2303316
:10C6D000DBB25BB27B720023BB72012301930023A8
:10C6E00000934FF61F030C4A8E21402003F006FBF7
:10C6F00007F1080201230193002300934FF6FF7313
:10C700008E21502003F0FAFA00BF1837BD4680BDD5
:10C71000CDCCCCCCD8570108DC57010880B500AF90
:10C72000074B00221A70074B00221A700020FEF7F8
:10C7300075FA054805F07EF805F0D2FB00BF80BD14
:10C74000F4090020F5090020C85C010880B584B018
:10C7500000AF786000237B737B68002B3FD07B6841
:10C760001B78002B03D17B685B78032B37D11E4BE2
:10C770001B78002B05D07B68DA781C4B1B789A421B
:10C780002ED0194B1B78002B08D10020FEF746FA5B
:10C79000174805F04FF87868FFF74AFF7B68DA78AA
:10C7A000124B1A700023FB7312E0FB7B7A68134470
:10C7B0001B79BB73BB7B002B01D10123BB73BA7BFD
:10C7C000FB7B11461846FFF70DFEFB7B0133FB7325
:10C7D000FB7B042BE9D9044B01221A7000E000BF57
:10C7E0001037BD4680BD00BFF4090020F5090020C8
:10C7F000C85C010880B582B002AF0020FEF70EFAD7
:10C800000D4805F017F8012301930023009340F22F
:10C81000FF730A4A0521142003F070FA01230193E3
:10C820000023009348F21043054A8E21122003F0A2
:10C8300065FA00BFBD4680BDC85C0108E05701082D
:10C84000E857010880B483B000AF7860396005E034
:10C850007B6801337B603B6801333B607B6893F905
:10C860000030002B0CD03B6893F90030002B07D030
:10C870007B6893F900203B6893F900309A42E7D037
:10C880007B6893F90030002B06D13B6893F90030A8
:10C89000002B01D1012300E00023DBB218460C3746
:10C8A000BD465DF8047B704780B582B000AF78600C
:10C8B0003C4B1B78002B6CD03B4B1A787B681B7869
:10C8C0009A4266D1384B5A787B685B789A4260D13D
:10C8D000354B93F85B207B6893F85B309A4258D1D4
:10C8E000314B9A787B689B789A4252D12E4BDA78FA
:10C8F0007B68DB789A424CD17B6804330522194669
:10C900002A4808F0DBF80346002B42D1264B5A7A1E
:10C910007B685B7A9A423CD17B680A33224A527A1E
:10C920001946234808F0CAF80346002B31D17B682A
:10C930000F331D4A527A19461E4808F0BFF80346C5
:10C94000002B26D1184B1A7D7B681B7D9A4220D183
:10C95000154B5A7D7B685B7D9A421AD17B685C33AC
:10C9600019461548FFF76EFF0346002B11D07B6870
:10C97000703319461148FFF765FF0346002B08D0B6
:10C980007B681A3319460E48FFF75CFF0346002BFD
:10C9900001D1012300E00023DBB218460837BD4671
:10C9A00080BD00BF740A0020F8090020FC090020A7
:10C9B000020A0020070A0020540A0020680A00200A
:10C9C000120A002080B485B000AF786039603B68FF
:10C9D0001A787B681A703B685A787B685A703B6893
:10C9E00093F85B207B6883F85B203B689A787B68D0
:10C9F0009A703B68DA787B68DA703B685A7A7B68B1
:10CA00005A723B681A7D7B681A753B685A7D7B6851
:10CA10005A753B681A7D7B681A753B685A7D7B683E
:10CA20005A753B6893F85A207B6883F85A20002394
:10CA3000FB730BE0FA7BFB7B39680A4411797A6857
:10CA400013440A461A71FB7B0133FB73FB7B042BF7
:10CA5000F0D90023FB730CE0FB7B7A6813440022BF
:10CA60009A72FB7B7A6813440022DA73FB7B0133F2
:10CA7000FB73FB7B042BEFD90023FB7314E0FA7BE1
:10CA8000FB7B39680A44917A7A6813440A469A72A1
:10CA9000FA7BFB7B39680A44D17B7A6813440A46E7
:10CAA000DA73FB7B0133FB733B685B7AFA7B9A4258
:10CAB00002D2FB7B042BE2D90023FB730DE0FA7B4F
:10CAC000FB7B39680A4492F95C107A6813440A4681
:10CAD00083F85C20FB7B0133FB73FB7B122B06D8B6
:10CAE000FB7B3A68134493F95C30002BE7D1FB7B66
:10CAF0007A681344002283F85C200023FB730DE066
:10CB0000FA7BFB7B39680A4492F970107A68134407
:10CB10000A4683F87020FB7B0133FB73FB7B0A2BF7
:10CB200006D8FB7B3A68134493F97030002BE7D1A9
:10CB3000FB7B7A681344002283F870200023FB7388
:10CB40000CE0FA7BFB7B39680A4492F91A107A6888
:10CB500013440A469A76FB7B0133FB73FB7B1E2B47
:10CB600006D8FB7B3A68134493F91A30002BE8D1BE
:10CB7000FB7B7A68134400229A760023FB730DE056
:10CB8000FA7BFB7B39680A4492F93A107A681344BD
:10CB90000A4683F83A20FB7B0133FB73FB7B1E2B99
:10CBA00006D8FB7B3A68134493F93A30002BE7D15F
:10CBB000FB7B7A681344002283F83A2000BF1437C5
:10CBC000BD465DF8047B704780B500AF034B002283
:10CBD0001A70FFF7A3FD00BF80BD00BF740A0020DC
:10CBE00080B582B000AF78607B68002B0FD078688A
:10CBF000FFF75AFE0346002B09D079680648FFF775
:10CC0000E1FE064B01221A707868FFF79FFD00BF16
:10CC10000837BD4680BD00BFF8090020740A002017
:10CC200080B500AF034B00221A70FFF7E3FD00BF91
:10CC300080BD00BF740A002080B584B002AF0346F7
:10CC4000FB710B46BB7113467B717B79002B06D1C0
:10CC5000BA79F97900230E4804F00AFE14E07B79D2
:10CC6000012B01D1582000E04F207B79012B02D10C
:10CC70004FF4784301E04FF6E073BA79F979009305
:10CC80000346034804F0EEFE00BF0837BD4680BDF2
:10CC90005C5C010890B587B002AF0346FB71FB797D
:10CCA000012B06D0FB79022B01D1E02302E0FF2308
:10CCB00000E00023BB730023FB7340E0FB79012BF2
:10CCC00002D0FB79022B14D1FB7B022B08D0FB7B1B
:10CCD000052B05D0FB7B062B02D0FB7B072B28D135
:10CCE000FB79032B05D0FB7B022B02D9FB7B062BA8
:10CCF00021D1FB79032B26D0FB7B1C4A12F8231091
:10CD0000FB7B1A4A9B0013445878FB7B174A9B0015
:10CD100013449C78FB7B154A9B001344DB78BA7B59
:10CD200092B20192009323460246114804F0DFFEBE
:10CD300002E000BF00E000BFFB7B0133FB73FB7B25
:10CD4000072BBBD900E000BFFB79032B0AD140F2CF
:10CD5000FF73019302230093012300220121044861
:10CD600004F0C5FE00BF1437BD4690BDFC57010856
:10CD70005C5C010880B500AF074B00221A70074BBE
:10CD800000221A700020FDF749FF054804F052FD0B
:10CD900005F0A6F800BF80BD750A0020760A0020C5
:10CDA0005C5C010880B584B000AF786000237B73C1
:10CDB0007B68002B5AD07B681B78002B03D17B68E3
:10CDC0005B78032B52D12B4B1B78002B05D07B6853
:10CDD0001A7B294B1B789A4249D0264B1B78002B93
:10CDE00005D10020FDF71AFF244804F023FD7B68DD
:10CDF0001A7B214B1A700023FB7327E00023BB73BF
:10CE00001EE07B7B5A1C7A731A467B681344DB78DE
:10CE10003B7397F90C30582B07D097F90C304F2BF8
:10CE200001D1022302E0002300E00123FB72FA7A21
:10CE3000B97BFB7B1846FFF7FFFEBB7B0133BB735F
:10CE4000BB7B022BDDD9FB7B0133FB73FB7B022B0E
:10CE5000D4D97B685B7B002B04D07B685B7B184656
:10CE6000FFF718FF034B01221A7000E000BF1037D4
:10CE7000BD4680BD750A0020760A00205C5C010872
:10CE800080B582B002AF0020FDF7C8FE01230193F8
:10CE90000023009340F2FF73034A46211E2002F054
:10CEA0002DFF00BFBD4680BDF057010880B483B0A0
:10CEB00000AF7860396005E07B6801337B603B68D8
:10CEC00001333B607B6893F90030002B0CD03B684A
:10CED00093F90030002B07D07B6893F900203B6862
:10CEE00093F900309A42E7D07B6893F90030002B29
:10CEF00006D13B6893F90030002B01D1012300E0FB
:10CF00000023DBB218460C37BD465DF8047B704742
:10CF100080B582B000AF78601D4B1B78002B2FD0FE
:10CF20001C4B1A787B681B789A4229D1194B5A7886
:10CF30007B685B789A4223D1164B9A787B689B7802
:10CF40009A421DD1134B1A7B7B681B7B9A4217D1E7
:10CF5000104B5A7B7B685B7B9A4211D17B680E3306
:10CF600019460D48FFF7A2FF0346002B08D07B6847
:10CF7000223319460948FFF799FF0346002B01D1D8
:10CF8000012300E00023DBB218460837BD4680BD10
:10CF9000A60A0020780A0020860A00209A0A0020AB
:10CFA00080B485B000AF786039603B681A787B68E0
:10CFB0001A703B685A787B685A703B689A787B682D
:10CFC0009A703B681A7B7B681A733B685A7B7B6854
:10CFD0005A730023FB730CE0FA7BFB7B39680A442D
:10CFE00092F903107A6813440A46DA70FB7B013326
:10CFF000FB73FB7B082BEFD97B680022DA720023DE
:10D00000FB730CE0FA7BFB7B39680A4492F90E1043
:10D010007A6813440A469A73FB7B0133FB73FB7BEC
:10D02000122B06D8FB7B3A68134493F90E30002B81
:10D03000E8D1FB7B7A68134400229A730023FB73C8
:10D040000DE0FA7BFB7B39680A4492F922107A687A
:10D0500013440A4683F82220FB7B0133FB73FB7BDE
:10D060000A2B06D8FB7B3A68134493F92230002B35
:10D07000E7D1FB7B7A681344002283F8222000BFAB
:10D080001437BD465DF8047B7047000080B500AFE3
:10D09000034B00221A70FFF76DFE00BF80BD00BF7A
:10D0A000A60A002080B582B000AF78607B68002BB4
:10D0B0000FD07868FFF72CFF0346002B09D0796862
:10D0C0000648FFF76DFF064B01221A707868FFF7DC
:10D0D00069FE00BF0837BD4680BD00BF780A00204A
:10D0E000A60A002080B500AF034B00221A70FFF79C
:10D0F000C7FE00BF80BD00BFA60A002080B483B079
:10D1000000AF7860396005E07B6801337B603B6885
:10D1100001333B607B6893F90030002B0CD03B68F7
:10D1200093F90030002B07D07B6893F900203B680F
:10D1300093F900309A42E7D07B6893F90030002BD6
:10D1400006D13B6893F90030002B01D1012300E0A8
:10D150000023DBB218460C37BD465DF8047B7047F0
:10D1600080B485B000AFF860B9601346FB71FB79FD
:10D17000632B12D9FB79284AA2FB03235B09DBB29C
:10D180003033D9B2BB681B785A1CD0B2BA68107061
:10D190001A46FB6813444AB21A70FB79092B1CD952
:10D1A000FB791E4AA2FB0323DB08DAB21B4BA3FB6D
:10D1B0000213D9080B469B000B445B00D31ADBB269
:10D1C0003033D9B2BB681B785A1CD0B2BA68107021
:10D1D0001A46FB6813444AB21A70FA790F4BA3FB44
:10D1E0000213D9080B469B000B445B00D31ADBB239
:10D1F0003033D9B2BB681B785A1CD0B2BA681070F1
:10D200001A46FB6813444AB21A7000BF1437BD4671
:10D210005DF8047B704700BF1F85EB51CDCCCCCCB3
:10D2200080B487B000AFB9607A603B600346FB739F
:10D23000FB7B002B01D10123FB73FB7B642B01D90A
:10D240006423FB73FB7B013B274A82FB0312921092
:10D25000DB17D31AFB75FB7B5A1E234B83FB021390
:10D260009910D317C91A0B469B000B445B00D11AC7
:10D270000B46BB75FB7D03F00103DBB2002B04D032
:10D28000BB7DC3F10903DBB200E0BB7D7B75FB7D99
:10D29000C3F109033B757B7D9BB21A4652001344D0
:10D2A0009B009BB204339AB2BB681A803B7D9BB251
:10D2B0001A46520013449B009BB212339AB27B6809
:10D2C0001A80BB681B880B339AB23B681A807B6854
:10D2D0001B880B339AB23B6A1A8000BF1C37BD46CD
:10D2E0005DF8047B704700BF6766666690B589B0DD
:10D2F00002AF0346B9607A60FB7307F1120407F1CD
:10D30000140207F11601F87B07F11003009323467E
:10D31000FFF786FFFB8A06339AB2BB681A80BB8A86
:10D3200006339AB27B681A8000BF1C37BD4690BD99
:10D3300080B485B000AF0346FB71FB79013B1D4A09
:10D3400082FB03129210DB17D31AFB73FB795A1E70
:10D35000184B83FB02139910D317C91A0B469B0075
:10D360000B445B00D11A0B46BB73FB7B03F001033C
:10D37000DBB2002B04D0BB7BC3F10903DBB200E0BE
:10D38000BB7B7B73FB7BC3F109033B737A7B3B7BEA
:10D390001344DBB203F00103002B02D142F2041369
:10D3A00001E041F2820318461437BD465DF8047B64
:10D3B000704700BF6766666690B587B002AF0346E8
:10D3C000FB7107F10A0407F10C0207F10E01F8796D
:10D3D00007F1080300932346FFF722FFFB897A89B0
:10D3E00011461846FDF7A8FBBB893A891146184635
:10D3F000FDF7DEFBFB791846FFF79AFF0346184658
:10D40000FDF722FCFB79012B21D1FB89013398B276
:10D41000BB8901339BB24FF4FC621946FDF76EFBEA
:10D42000FB89023398B2BB8901339BB24FF4FC6293
:10D430001946FDF763FBFB89013398B2BB890233C0
:10D440009BB24FF4FC621946FDF758FB23E0FB79D1
:10D45000642B20D17B89013B98B2BB8901339BB2FD
:10D460004FF6E0721946FDF749FB7B89023B98B203
:10D47000BB8901339BB24FF6E0721946FDF73EFBC4
:10D480007B89013B98B2BB8902339BB24FF6E072B5
:10D490001946FDF733FB00BF1437BD4690BD90B56C
:10D4A00089B002AF78600B467B807B681B7807F100
:10D4B0000E0207F110011846FFF718FF7B685B7832
:10D4C00007F10A0207F10C011846FFF70FFF3B8A2C
:10D4D000013B98B2F989BB89013B9AB27C897B8870
:10D4E00000932346FDF704FC3B8A013398B2F98987
:10D4F000BB8901339AB27C897B8800932346FDF770
:10D50000F7FB0123FB7529E0FB7DB9893A8A8A1A6A
:10D5100092B212B202FB03F39B109AB23B8A1344FD
:10D52000BB82FB7D7989FA898A1A92B212B202FB18
:10D5300003F39B109AB2FB8913447B82BB8A023BA4
:10D5400098B2BB8A02339AB27B8A798A4FF6E0742A
:10D550000094FDF7CDFBFB7D0133FB75FB7D032BB9
:10D56000D2D900BF00BF1C37BD4690BD90B587B073
:10D5700002AF78600B467B807B681B7807F10C025A
:10D5800007F10E011846FFF7B1FE7B685B7807F1E3
:10D59000080207F10A011846FFF7A8FEF889B989C1
:10D5A0007A893C897B8800932346FDF7A1FBF889A3
:10D5B000B9894FF4FC630222FDF730FDF889B9897F
:10D5C0007B880222FDF725FC7B8939897A881846F9
:10D5D000FDF794FA00BF1437BD4690BD80B582B008
:10D5E00000AF0023FB710BE0FB795B00114A134491
:10D5F0004FF620511846FFF752FFFB790133FB71BC
:10D60000FB79072BF0D90023BB710BE0BB795B00E2
:10D61000094A13444FF4FC611846FFF7A7FFBB7992
:10D620000133BB71BB79072BF0D900BF00BF0837AE
:10D63000BD4680BD1C5801082C58010880B584B037
:10D6400000AF0346FB710023FB730BE0FB7B5B0029
:10D65000114A13444FF620511846FFF720FFFB7B79
:10D660000133FB73FB7B072BF0D90023BB730BE06B
:10D67000BB7B5B00094A13444FF4FC611846FFF77B
:10D6800075FFBB7B0133BB73BB7B072BF0D900BF9E
:10D6900000BF1037BD4680BD1C5801082C5801083A
:10D6A00080B584B000AF0346FB71FB79002B1CD022
:10D6B000FB79642B19D807F10C0207F10E01FB79F5
:10D6C0001846FFF713FEFB89023B98B2B98940F276
:10D6D000FF730222FDF7A2FCFB89023B9BB2B989D2
:10D6E0004FF6FF721846FDF709FA00BF1037BD4626
:10D6F00080BD80B584B000AF0346FB71FB79002B81
:10D700001CD0FB79642B19D807F10C0207F10E012C
:10D71000FB791846FFF7EAFDFB89023398B2B98915
:10D720004FF6E0730222FDF779FCFB8902339BB2CE
:10D73000B9894FF478421846FDF7E0F900BF103779
:10D74000BD4680BD80B582B000AF0346FB710B467D
:10D75000BB7113467B71FB79002B1AD0FB79642BCC
:10D7600017D8FB791846FFF727FEFB791846FFF715
:10D7700065FFBA79FB799A420BD17B79002B04D0F3
:10D78000BB791846FFF7B5FF03E0BB791846FFF7F2
:10D7900087FF00BF0837BD4680BD80B584B000AFAD
:10D7A00003460A46FB711346BB717C210320FDF73B
:10D7B000C3F98A211120FDF7FBF944F20820FDF797
:10D7C00043FA0123FB7306E0FB7B1846FFF7F4FDE9
:10D7D000FB7B0133FB73FB7B642BF5D9FFF7FEFE6C
:10D7E000FB79002B03D0FB791846FFF759FFBB7973
:10D7F000002B03D0BB791846FFF77BFF00BF103723
:10D80000BD4680BD80B584B000AF78607F21002028
:10D81000FDF792F910210020FDF7CAF90020FDF76D
:10D8200013FA7B685B78002B07D14FF6E073042274
:10D830000421454804F002FB4EE07B685B78022B34
:10D840001FD17B68DB79012B07D140F2FF730422E3
:10D8500004213E4804F0F2FA3EE07B68DB79022BBB
:10D8600007D14FF6E07304220421394804F0E6FAA8
:10D8700032E04FF6FF7304220421364804F0DEFA4A
:10D880002AE07B685B78032B07D14FF478430422AE
:10D890000421314804F0D2FA1EE07B685B79012B49
:10D8A00007D140F2FF73042204212C4804F0C6FA89
:10D8B00012E07B685B79022B07D14FF6E0730422FC
:10D8C0000421274804F0BAFA06E04FF6FF73042259
:10D8D0000421244804F0B2FA4CF2186304225421C3
:10D8E000214804F0ABFA7B689B79002B14D07B684D
:10D8F0009B79062B10D87B689B793033DBB25BB207
:10D900003B7300237B7307F10C004FF4FC6304228C
:10D910006C2104F093FA06E048F2104304226C21D3
:10D92000124804F08BFA7F210020FDF705F9102141
:10D930001020FDF73DF944F20820FDF785F900BFFE
:10D940001037BD4680BD00BF3C5801084C58010847
:10D950005C5801086C5801087C5801088858010877
:10D960009058010898580108A0580108A8580108C3
:10D9700080B590B000AF78607F210020FDF7DCF823
:10D980009F218B20FDF714F90020FDF75DF97F2121
:10D990000020FDF7D1F88B218B20FDF709F944F227
:10D9A0000820FDF751F9AD4A07F1340392E803006E
:10D9B00018600433197007F1390300221A60C3F8A4
:10D9C0000320042387F833307B68DB78002B33D1C6
:10D9D00097F833305A1CD2B287F8332040333B4497
:10D9E000532203F80C2C97F833305A1CD2B287F824
:10D9F000332040333B44542203F80C2C97F8333047
:10DA00005A1CD2B287F8332040333B44522203F8E9
:10DA10000C2C97F833305A1CD2B287F8332040339D
:10DA20003B44542203F80C2C97F8333040333B44EA
:10DA3000002203F80C2C0FE07B68DA7807F1330141
:10DA400007F134031846FFF78BFB97F83330403368
:10DA50003B44002203F80C2C07F1340040F2FF7322
:10DA60008E22042104F0EAF97D4A07F1240392E8AA
:10DA7000030018600433197007F1290300221A60AB
:10DA8000C3F80320042387F823307B681B79002B1D
:10DA900033D197F823305A1CD2B287F82320403371
:10DAA0003B44532203F81C2C97F823305A1CD2B263
:10DAB00087F8232040333B44542203F81C2C97F86A
:10DAC00023305A1CD2B287F8232040333B445222E1
:10DAD00003F81C2C97F823305A1CD2B287F8232065
:10DAE00040333B44542203F81C2C97F82330403336
:10DAF0003B44002203F81C2C0FE07B681A7907F1E5
:10DB0000230107F124031846FFF72AFB97F8233077
:10DB100040333B44002203F81C2C07F124004FF64D
:10DB2000E0738E22482104F089F97B6808334D495F
:10DB30001846FFF7E3FA0346002B07D04FF6E073D1
:10DB400097221021484804F079F982E07B68083375
:10DB500046491846FFF7D2FA0346002B07D04FF488
:10DB6000784397221421424804F068F971E07B68F9
:10DB7000083340491846FFF7C1FA0346002B07D087
:10DB80004FF4FC63972210213B4804F057F960E002
:10DB90007B68083339491846FFF7B0FA0346002B73
:10DBA00007D04CF2186397222821354804F046F933
:10DBB0004FE07B68083333491846FFF79FFA034666
:10DBC000002B07D048F21043972224212E4804F05E
:10DBD00035F93EE07B6808332C491846FFF78EFA8A
:10DBE0000346002B07D04FF4FC6397221E212848E0
:10DBF00004F024F92DE07B689B78002B29D0254A7E
:10DC000007F1100392E8030018600433198002330F
:10DC10000A0C1A7007F1170300221A605A601A7270
:10DC20000623FB737B689A7807F10F0107F1100355
:10DC30001846FFF795FAFB7B40333B44002203F87C
:10DC4000302C07F1100048F2104397222C2104F0E9
:10DC5000F5F800BF4037BD4680BD00BF64590108DC
:10DC600070590108AC580108BC580108D058010887
:10DC7000DC580108F0580108FC5801081059010847
:10DC80001C59010828590108345901084459010850
:10DC9000545901087C59010880B584B000AF786000
:10DCA0007B6808333E491846FFF728FA0346002BE5
:10DCB00032D00023FB732BE0FB7B3A4A5B0013441A
:10DCC0005A787B68DB789A4208D0FB7B354A5B0048
:10DCD00013445A787B681B799A4216D1FB7B5B0010
:10DCE000304A13444FF6FF711846FFF7D8FB9FEDFB
:10DCF0002A0BFBF7CDFFFB7B5B002A4A13444FF650
:10DD000020511846FFF7CBFB42E0FB7B0133FB734E
:10DD1000FB7B072BD0D93BE07B68083322491846B0
:10DD2000FFF7ECF90346002B32D00023BB732BE046
:10DD3000BB7B1E4A5B0013445A787B68DB789A42AF
:10DD400008D0BB7B194A5B0013445A787B681B7967
:10DD50009A4216D1BB7B5B00144A13444FF47841BE
:10DD60001846FFF703FC9FED0C0BFBF791FFBB7B05
:10DD70005B000E4A13444FF4FC611846FFF7F6FBB4
:10DD800006E0BB7B0133BB73BB7B072BD0D9FFE71E
:10DD900000BF1037BD4680BD0000000000004E40AF
:10DDA000AC5801081C580108D05801082C5801082B
:10DDB00080B500AF0020FCF731FF04F091F8074B6D
:10DDC00000221A70064B00221A70064B00221A70AD
:10DDD000054B00221A7000BF80BD00BFA70A0020BB
:10DDE000A80A0020A90A0020AA0A002080B582B053
:10DDF00000AF78607B68002B60D0324B1B78002B23
:10DE000009D07B689A78304B1B789A4203D17B68A3
:10DE10005B78002B1AD10020FCF700FF7B68DA78D2
:10DE20007B681B7919461046FFF7B7FC254B01228A
:10DE30001A707B68DA78254B1A707B681A79244B44
:10DE40001A707B689A78204B1A702DE07B68DA781C
:10DE50001E4B1B789A4210D01C4B1B781C4A117821
:10DE600001221846FFF76EFC7B68DA78174B1A70B0
:10DE70007B68DB781846FFF713FC7B681A79144B34
:10DE80001B789A4210D0124B1B78104A117800224E
:10DE90001846FFF757FC7B681A790D4B1A707B68A0
:10DEA0001B791846FFF725FC7868FFF7F5FE7868C0
:10DEB000FFF7A8FC7868FFF75BFD00E000BF0837BC
:10DEC000BD4680BDA70A0020AA0A0020A80A00209B
:10DED000A90A002080B500AF0020FCF79FFE40F2A9
:10DEE000FF73462218210C4803F0A8FF48F21043A4
:10DEF00055221821094803F0A1FF094B00221A708E
:10DF0000084B00221A70084B00221A70074B00229F
:10DF10001A7000BF80BD00BF8C590108A0590108CC
:10DF2000A70A0020A80A0020A90A0020AA0A0020A7
:10DF300080B483B000AF7860396005E07B6801335E
:10DF40007B603B6801333B607B6893F90030002BBA
:10DF50000CD03B6893F90030002B07D07B6893F915
:10DF600000203B6893F900309A42E7D07B6893F930
:10DF70000030002B06D13B6893F90030002B01D113
:10DF8000012300E00023DBB218460C37BD465DF8E4
:10DF9000047B704780B582B000AF7860264B1B7859
:10DFA000002B41D0254B1A787B681B789A423BD1D5
:10DFB000224B5A787B685B789A4235D11F4B9A780E
:10DFC0007B689B789A422FD11C4BDA787B68DB7890
:10DFD0009A4229D1194B1A797B681B799A4223D12D
:10DFE000164B5A797B685B799A421DD1134B9A790B
:10DFF0007B689B799A4217D1104BDA797B68DB7981
:10E000009A4211D17B68083319460D48FFF790FFFB
:10E010000346002B08D07B681C3319460948FFF7DC
:10E0200087FF0346002B01D1012300E00023DBB270
:10E0300018460837BD4680BDD40A0020AC0A00202F
:10E04000B40A0020C80A002080B487B000AFF8608E
:10E05000B9601346FB710023FB750BE0FB7DBA68CA
:10E060001A44FB7DF9680B4492F900201A70FB7D7D
:10E070000133FB75FA7DFB79013B9A4206DAFB7DA1
:10E08000BA68134493F90030002BE7D1FB7DFA689E
:10E09000134400221A7000BF1C37BD465DF8047B94
:10E0A000704780B582B000AF786039603B681A78FD
:10E0B0007B681A703B685A787B685A703B689A781C
:10E0C0007B689A703B68DA787B68DA703B681A790B
:10E0D0007B681A713B685A797B685A713B689A79F8
:10E0E0007B689A713B68DA797B68DA717B6803F147
:10E0F00008003B68083314221946FFF7A5FF7B6828
:10E1000003F11C003B681C330C221946FFF79CFFEF
:10E1100000BF0837BD4680BD80B500AF034B00226D
:10E120001A70FFF745FE00BF80BD00BFD40A002073
:10E1300080B582B000AF78607B68002B1ED07B6812
:10E140001B78002B09D17B685B78032B05D0FFF788
:10E15000C1FE0C4B00221A7011E07868FFF71AFF1D
:10E160000346002B0BD079680748FFF79AFF054B51
:10E1700001221A707868FFF739FE00E000BF083707
:10E18000BD4680BDD40A0020AC0A002080B500AF97
:10E19000034B00221A70FFF79DFE00BF80BD00BF39
:10E1A000D40A002080B500AF50212D20FCF7C4FC1C
:10E1B00037212820FCF7FCFC44F20820FCF744FD42
:10E1C0005A212320FCF7B8FC55213720FCF7F0FC3E
:10E1D00044F20820FCF738FD4B212820FCF7ACFC6A
:10E1E00064215520FCF7E4FC44F20820FCF72CFDE8
:10E1F00064214B20FCF7A0FC5F214B20FCF7D8FCEE
:10E2000044F20820FCF720FD4B212F20FCF794FC62
:10E2100037212A20FCF7CCFC48F21040FCF714FD13
:10E2200050212520FCF788FC4B213720FCF7C0FC4F
:10E2300048F21040FCF708FD41212A20FCF77CFC45
:10E240005F214B20FCF7B4FC48F21040FCF7FCFCCB
:10E250005F214D20FCF770FC55214D20FCF7A8FCF8
:10E2600048F21040FCF7F0FC41212F20FCF764FC41
:10E2700030212A20FCF79CFC4CF21860FCF7E4FCEF
:10E2800032212520FCF758FC46213720FCF790FC72
:10E290004CF21860FCF7D8FC3C212D20FCF74CFC1C
:10E2A00046214120FCF784FC4CF21860FCF7CCFCC2
:10E2B00055214D20FCF740FC50214D20FCF778FC07
:10E2C0004CF21860FCF7C0FC37213420FCF734FC1A
:10E2D0003A213720FCF76CFC4CF21860FCF7B4FCD8
:10E2E00041213E20FCF728FC33213020FCF760FC64
:10E2F0004CF21860FCF7A8FC46214320FCF71CFCFC
:10E300003F213C20FCF754FC48F21040FCF79CFCF9
:10E310004B214820FCF710FC53215020FCF748FC0F
:10E3200048F21040FCF790FC44214120FCF704FC2B
:10E330005B215820FCF73CFC48F21040FCF784FCC1
:10E3400034212F20FCF7F8FB2C212A20FCF730FC8D
:10E350004FF6FF70FCF778FC28212520FCF7ECFB3A
:10E360003C213720FCF724FC4FF6FF70FCF76CFCD7
:10E3700032212D20FCF7E0FB43214120FCF718FC63
:10E380004FF6FF70FCF760FC4B214620FCF7D4FBF6
:10E3900055214B20FCF70CFC0020FCF755FC4621D6
:10E3A0004220FCF7C9FB5F215520FCF701FC00204F
:10E3B000FCF74AFC50212620FCF7BEFB68216420B4
:10E3C000FCF7F6FB0020FCF73FFC66214B20FCF736
:10E3D000B3FB63215F20FCF7EBFB0020FCF734FC70
:10E3E00000BF80BD80B500AF61211E20FCF7A4FBFB
:10E3F00087211920FCF7DCFB4FF6FF70FCF724FCAB
:10E400001E211A20FCF798FB7D212320FCF7D0FB6E
:10E410004CF21860FCF718FC65216120FCF78CFBBE
:10E420007D212320FCF7C4FB4CF21860FCF70CFCA8
:10E4300028212520FCF780FB80212320FCF7B8FB56
:10E440004FF47840FCF700FC56212A20FCF774FBBF
:10E450003A213720FCF7ACFB1F20FCF7F5FB5621D7
:10E460002A20FCF769FB4E214B20FCF7A1FB1F2063
:10E47000FCF7EAFB48212A20FCF75EFB62215F20C3
:10E48000FCF796FB1F20FCF7DFFB00BF80BD80B5CB
:10E4900000AF4FF47843122273212A20FCF7B9FC15
:10E4A0004FF47843122273215620FCF7B2FC00236C
:10E4B000092273212A20FCF7ACFC002309227321D6
:10E4C0005620FCF7A6FC4CF21863052273212A2083
:10E4D000FCF79FFC4CF21863052273215620FCF7D1
:10E4E00098FC44F2082307225B214020FCF791FCB2
:10E4F0004CF2186303225B214020FCF78AFC3F2189
:10E500003820FCF719FB5B212620FCF751FB4CF26D
:10E510001860FCF799FB3C213420FCF70DFB4B21E4
:10E520002D20FCF745FB4CF21860FCF78DFB3F21DA
:10E530003C20FCF701FB2D211E20FCF739FB4FF698
:10E54000FF70FCF781FB3A213820FCF7F5FA4E21E9
:10E550002820FCF72DFB4FF6FF70FCF775FB4821D8
:10E560004120FCF7E9FA5B212620FCF721FB4CF265
:10E570001860FCF769FB4C214420FCF7DDFA4B21C5
:10E580002D20FCF715FB4CF21860FCF75DFB4421D5
:10E590004120FCF7D1FA2D211E20FCF709FB4FF694
:10E5A000FF70FCF751FB47214520FCF7C5FA4E21CF
:10E5B0002820FCF7FDFA4FF6FF70FCF745FB3A21E7
:10E5C0003020FCF7B9FA65215A20FCF7F1FA4FF434
:10E5D0007840FCF739FB50214620FCF7ADFA652165
:10E5E0005A20FCF7E5FA4FF47840FCF72DFB44F293
:10E5F000082305225B214020FCF70BFC4FF6FF733C
:10E6000002225B214020FCF704FC00BF80BD80B5E6
:10E6100000AF0020FCF702FB03F062FC00BF80BDEE
:10E6200080B584B002AF0346FB710B46BB80134636
:10E630007B80FB79012B0DD17B88B888162248217D
:10E64000FCF7ECFCB8884FF6FF7316224821FCF764
:10E65000E0FB8AE0FB79022B54D1BB88123B9AB2D3
:10E66000BB8812339BB219461046FCF765FA5E214F
:10E670003220FCF79DFA7B881846FCF7E5FABB8848
:10E68000123B9AB2BB8812339BB219461046FCF774
:10E6900053FA5E213220FCF78BFABB88123B98B20A
:10E6A000BB8812339AB24FF6FF73009332233221A4
:10E6B000FCF71EFBBB88123398B2BB8812339AB2A8
:10E6C0004FF6FF7300935E233221FCF711FBBB88EA
:10E6D000123398B2BB88123B9AB24FF6FF73009385
:10E6E0005E235E21FCF704FBBB88123B98B2BB881B
:10E6F000123B9AB24FF6FF73009332235E21FCF770
:10E70000F7FA32E0FB79032B28D1BB880A3B98B299
:10E710007B880A225421FCF77CFBBB880A3398B221
:10E720007B880A225421FCF774FBBB88053B98B216
:10E73000BB8812339AB27B88009330234E21FCF7BA
:10E74000D7FABB88053398B2BB88123B9AB27B8854
:10E75000009330234E21FCF7CBFA06E0B88848F24C
:10E76000104305224821FCF754FB00BF0837BD4683
:10E7700080BD80B582B000AF0346FB71FB79012BF1
:10E7800002D1FFF70FFD0AE0FB79022B02D1FFF760
:10E7900029FE04E0FB79032B01D1FFF778FE00BFCF
:10E7A0000837BD4680BD000080B483B000AF03468B
:10E7B000FB71FB79012B01D1094B0AE0FB79022B9C
:10E7C00001D1084B05E0FB79032B01D1064B00E09A
:10E7D000064B18460C37BD465DF8047B704700BFFA
:10E7E000B4590108BC590108C4590108D05901089D
:10E7F00080B58CB000AF78604B4BBB6107F11C0358
:10E8000000221A605A609A60484BBB6007F10C0303
:10E8100000221A605A609A60032387F82F307B68C1
:10E82000DB781846FFF7C0FFB8620FE0BB6A5A1CDE
:10E83000BA6297F82F20511C87F82F10114693F9D0
:10E84000002001F130033B4403F8182CBB6A93F914
:10E850000030002B03D097F82F300E2BE6D997F815
:10E860002F3030333B44002203F8182C032387F861
:10E870002F307B681B791846FFF796FFB8620FE0D0
:10E88000BB6A5A1CBA6297F82F20511C87F82F10C8
:10E89000114693F9002001F130033B4403F8282C82
:10E8A000BB6A93F90030002B03D097F82F300E2B62
:10E8B000E6D997F82F3030333B44002203F8282C58
:10E8C0007B685B79012B07D14FF4FC638F22022117
:10E8D000174803F0B3FA12E07B685B79022B07D18B
:10E8E0004FF4FC638F220221124803F0A7FA06E0DE
:10E8F0004FF6E0738F2202210F4803F09FFA07F1D1
:10E90000180040F2FF739522022103F097FA07F1F5
:10E9100008004FF61F039B22022103F08FFA00BF6D
:10E920003037BD4680BD00BF50312000503220003E
:10E93000D8590108E0590108E859010880B584B0A8
:10E9400002AF78607B68002B00F099807B681B78B1
:10E95000002B04D17B685B78032B40F09080002073
:10E96000FCF75CF97B685B78032B19D14FF4784393
:10E97000182248214020FCF74CFA4FF6FF73009311
:10E980005823502238213020FCF7B2F94FF6FF739C
:10E9900000935823302238215020FCF7A9F96FE06A
:10E9A0007B685B78002B11D17B68DB78002B05D06E
:10E9B0007B68DB781846FFF7DCFE61E048F2104325
:10E9C000162248214020FCF724FA59E07B685B7846
:10E9D000022B27D17B685B79012B05D17B68DB7823
:10E9E0001846FFF7C6FE19E07B685B79022B05D15C
:10E9F0007B681B791846FFF7BCFE0FE07B68DB786D
:10EA000040F2FF7220211846FFF70AFE7B681B794F
:10EA10004FF61F0260211846FFF702FE7868FFF7E5
:10EA2000E7FE2DE07B68DB78002B09D17B681B7942
:10EA3000002B05D07B681B791846FFF79AFE1FE074
:10EA40007B681B79002B09D17B68DB78002B05D014
:10EA50007B68DB781846FFF78CFE11E07B68DB787B
:10EA600040F2FF7220211846FFF7DAFD7B681B7920
:10EA70004FF61F0260211846FFF7D2FD00E000BFED
:10EA80000837BD4680BD80B500AF0020FCF7C6F852
:10EA900048F21043162248214020FCF7BAF900BF83
:10EAA00080BD80B483B000AF7860396005E07B68DA
:10EAB00001337B603B6801333B607B6893F9003036
:10EAC000002B0CD03B6893F90030002B07D07B68FB
:10EAD00093F900203B6893F900309A42E7D07B68B5
:10EAE00093F90030002B06D13B6893F90030002BDE
:10EAF00001D1012300E00023DBB218460C37BD46EC
:10EB00005DF8047B7047000080B582B000AF78608C
:10EB1000204B1B78002B35D01F4B1A787B681B7855
:10EB20009A422FD11C4B5A787B685B789A4229D144
:10EB3000194B9A787B689B789A4223D1164BDA78E6
:10EB40007B68DB789A421DD1134B1A797B681B795D
:10EB50009A4217D1104B5A797B685B799A4211D14E
:10EB60007B68063319460D48FFF79BFF0346002BD1
:10EB700008D07B681A3319460948FFF792FF03460D
:10EB8000002B01D1012300E00023DBB21846083737
:10EB9000BD4680BDFE0A0020D80A0020DE0A002003
:10EBA000F20A002080B485B000AF786039603B681D
:10EBB0001A787B681A703B685A787B685A703B6891
:10EBC0009A787B689A703B68DA787B68DA703B6881
:10EBD0001A797B681A713B685A797B685A710023ED
:10EBE000FB730CE0FA7BFB7B39680A4492F9061050
:10EBF0007A6813440A469A71FB7B0133FB73FB7BF3
:10EC0000122B06D8FB7B3A68134493F90630002B8D
:10EC1000E8D1FB7B7A68134400229A710023FB73CE
:10EC20000CE0FA7BFB7B39680A4492F91A107A6887
:10EC300013440A469A76FB7B0133FB73FB7B0A2B5A
:10EC400006D8FB7B3A68134493F91A30002BE8D1BD
:10EC5000FB7B7A68134400229A7600BF1437BD46C6
:10EC60005DF8047B7047000080B500AF034B0022C5
:10EC70001A70FFF7CCFC00BF80BD00BFFE0A002069
:10EC800080B582B000AF78607B68002B0FD07868C9
:10EC9000FFF73AFF0346002B09D079680648FFF7D3
:10ECA00081FF064B01221A707868FFF747FE00BF0C
:10ECB0000837BD4680BD00BFD80A0020FE0A0020EC
:10ECC00080B500AF034B00221A70FFF7DCFE00BFD7
:10ECD00080BD00BFFE0A002080B582B000AF0346B1
:10ECE0000A46FB711346BB80BA88FB791946034874
:10ECF00002F06AFE00BF0837BD4680BD805C010897
:10ED000080B590B002AF012387F8353097F83530E1
:10ED1000002B47D0002387F834301EE0002387F80B
:10ED2000333011E097F8342097F833101346DB00A6
:10ED30009B1A38333B440B44343B00221A7097F83B
:10ED40003330013387F8333097F83330062BE9D965
:10ED500097F83430013387F8343097F83430052B86
:10ED6000DCD9032387F83730012387F836300023B6
:10ED700087F835300020FBF751FF724802F05AFD4A
:10ED8000012301930023009340F2FF736E4A052193
:10ED9000252000F0B3FF97F837304FF4784118463C
:10EDA000FFF79AFFFB1C184600F0D6F80346002B2D
:10EDB00000F0BE80FB78452B00F0BE80FB78082B6E
:10EDC00002D0FB785A2B2CD197F837300021184607
:10EDD000FFF782FFFB78082B08D197F83730002B1C
:10EDE00004D097F83730013B87F83730FB785A2B3F
:10EDF00008D197F83730052B04D897F8373001330E
:10EE000087F8373097F83630012B02D14FF478422B
:10EE100001E04FF6E07297F8373011461846FFF7D9
:10EE20005BFFFB781C2B7FF471AF052387F8323032
:10EE300097F83630012B02D14FF4784301E04FF6BA
:10EE4000E0733B8606E097F93230DBB2013BDBB280
:10EE500087F8323097F93230002B0DDB97F93220EA
:10EE600097F837101346DB009B1A38333B440B44AA
:10EE7000343B1B78002BE6D197F93230002B59DB5D
:10EE800097F9322097F837101346DB009B1A383376
:10EE90003B440B44343B97F836201A7097F83210F5
:10EEA0003B8E97F83720274802F0C5FD381D97F8AC
:10EEB0003630009304230722062100F099F8034618
:10EEC000002B1FD097F83630012B01D11C2000E019
:10EED000132097F83630012B01D11C4A00E01C4A60
:10EEE0003B8E01210191002100918E2100F006FF4F
:10EEF000184800F04BF80346002B1FD1012387F878
:10EF0000353003E797F83630C3F1030387F836301E
:10EF100097F83630012B02D14FF4784201E04FF6DA
:10EF2000E07297F8373011461846FFF7D5FEEDE648
:10EF300000BFEBE600BFE9E600BF00E000BF3837E6
:10EF4000BD4680BD805C0108F0590108FC590108EC
:10EF5000085A0108A025260080B584B000AF78606B
:10EF600007E03B7B002B04D17A7B7B681A7001237E
:10EF700008E007F10C031846FCF7D4FA0346002B0F
:10EF8000EFD1002318461037BD4680BD80B586B04E
:10EF900000AF7860FCF76AFA38610023FB750CE07B
:10EFA00007F10F031846FFF7D7FF0346002B04D0E5
:10EFB000FB7B452B01D10123FB75FCF757FA024679
:10EFC0003B69D31A7A689A42EAD804E0FB7B452B66
:10EFD00001D10123FB7507F10F031846FFF7BCFFB2
:10EFE0000346002BF2D1FB7D18461837BD4680BD85
:10EFF00080B485B000AF7860084611461A460346D3
:10F00000FB700B46BB7013467B700023FB7362E002
:10F010000023BB7358E000237B734FE000233B7356
:10F020003FE0BB7B9AB27B7B3049CB5699B23B7BAE
:10F030009BB211FB03F39BB213449BB27B81FB7B1E
:10F040009AB27B7B2A49CB5699B23B7B9BB211FB90
:10F0500003F39BB213449BB23B81B7F90A30002BF8
:10F0600023DBB7F90A20BB789A421EDAB7F90830D9
:10F07000002B1ADBB7F90820FB789A4215DAB7F9AA
:10F080000830BA7803FB02F2B7F90A3013441A4683
:10F090007B6813441B783A7E9A4206D13B7B01334E
:10F0A0003B733A7B7B789A42BBD33A7B7B789A421C
:10F0B00001D1012314E07B7B01337B737B7B032B2A
:10F0C000ACD9BB7B0133BB73BA7BBB789A42A2D36A
:10F0D000FB7B0133FB73FA7BFB789A4298D30023C6
:10F0E00018461437BD465DF8047B7047185A01086E
:10F0F0001C5A010880B582B000AF00233B71012388
:10F10000FB71FCF747FA3B791A4603212F4800F0C0
:10F1100081FF3B79BB71FB1C1846FFF71DFF0346BF
:10F12000002B4CD0FB78072B01D00023FB71FB7820
:10F13000072B02D1FB79002B43D1FB783A1D032129
:10F14000184600F0A9FF03467B717B79022B02D1A0
:10F15000FCF720FA37E07B79012B18D1FCF71AFA7B
:10F160003B79002B02D1FFF7CBFD07E03B79012B68
:10F1700002D100F0C3FA01E000F018FAFCF70AFA35
:10F180003B791A460321114800F044FFC1E73B795F
:10F19000BA799A42BDD0BB790C4A52F82330B9797A
:10F1A0000022184600F0EAFE3B791A46074B53F856
:10F1B000223039790122184600F0E0FEA9E700BFAD
:10F1C000A7E700BFA5E70837BD4680BD445A010840
:10F1D00080B483B000AF0F4BD3F848327B607B68BC
:10F1E0005B037A6853407B607B685B0C7A685340B2
:10F1F0007B607B685B017A6853407B60054A7B6873
:10F20000C2F848327B6818460C37BD465DF8047B6F
:10F21000704700BF000B002080B485B000AF0346EC
:10F220000A46FB711346BB710023FB8112E0FB8988
:10F230000F4AD35CFA799A4209D1FB890C4A1344EC
:10F2400093F82031BA799A4201D1012309E0FB8970
:10F250000133FB81064BB3F84032FA899A42E6D378
:10F26000002318461437BD465DF8047B704700BF85
:10F27000000B002080B584B002AF0346FB710B4643
:10F28000BB711346BB80FB799BB2DB009BB20133A1
:10F2900098B2BB799BB2DB009BB2013399B2BB88B9
:10F2A00000930723072200F0DBFC00BF0837BD46B0
:10F2B00080BD000080B582B000AF244BB3F840326F
:10F2C000C3F590737B807B88002B3BD0FFF780FFDA
:10F2D00002467B88B2FBF3F101FB03F3D31AFB80F8
:10F2E00000233B712AE000237B7121E03A797B798E
:10F2F00011461846FFF790FF0346002B15D1FB88F7
:10F30000002B0FD1114A7B7982F844320F4A3B79A6
:10F3100082F8453239797B794FF478421846FFF705
:10F32000A9FF10E0FB88013BFB807B7901337B71F7
:10F330007B790F2BDAD93B7901333B713B79112B68
:10F34000D1D900E000BF0837BD4680BD000B0020CA
:10F3500080B584B002AFFFF73BFF0346DBB203F09A
:10F360000303BB71314B0322A3F840222F4ABB7920
:10F3700082F843322D4B93F843222C4B83F84222E0
:10F380000020FBF74BFC012301930023009340F284
:10F39000FF73274A9421312000F0B0FC4FF6FF7331
:10F3A0000093012380229121002000F059FC0023CA
:10F3B000FB7132E0BB791F4AD15CBB791E4AD35640
:10F3C000DBB2FA7912FB03F3DAB2FB798A1AD1B213
:10F3D000164AD154BB79194AD15CBB79184AD35625
:10F3E000DBB2FA7912FB03F3DAB2FB798A1AD1B2F3
:10F3F0000E4A13440A4683F82021FB790B4AD05C5D
:10F40000FB790A4A134493F820314FF4FC62194601
:10F41000FFF730FFFB790133FB71FB79022BC9D970
:10F42000FFF748FF00BF0837BD4680BD000B002036
:10F43000585A0108605A0108505A0108645A0108D4
:10F44000545A010880B582B000AF554B93F843225F
:10F45000534B83F84222524B1B781BB2504A92F80E
:10F46000422211464F4A52561344BB804C4B93F8EC
:10F4700020311BB24A4A92F8422211464A4A525659
:10F4800013447B80B7F90430002B16DBB7F9043046
:10F490000F2B12DCB7F90230002B0EDBB7F902306C
:10F4A000112B0ADCBB88DBB27A88D2B2114618462F
:10F4B000FFF7B2FE0346002B02D0FFF749FF6BE0D7
:10F4C000B7F90430364A92F84422934208D1B7F98A
:10F4D0000230334A92F84522934201D1012300E0E1
:10F4E00000237B707B78002B08D02D4BB3F8403283
:10F4F00001339AB22A4BA3F8402211E0284BB3F80B
:10F500004032013B264AD05C254BB3F84032013BE8
:10F51000234A134493F8203100221946FFF7AAFE2C
:10F520001F4BB3F84032013BFB8015E0FB885A1EAD
:10F53000FB881B49895C1A4AD154FB885A1EFB88F8
:10F5400017490A4492F82011154A13440A4683F8D1
:10F550002021FB88013BFB80FB88002BE6D1BB8888
:10F56000DAB20F4B1A707B88DAB20D4B83F8202188
:10F57000BB88DBB27A88D1B24FF4FC621846FFF741
:10F5800079FE7B78002B07D0054BB3F84032B3F5FA
:10F59000907F01D2FFF78EFE0837BD4680BD00BFC9
:10F5A000000B0020505A0108545A010880B582B05F
:10F5B00000AFFBF75BFF03462C4AC2F848322B4BE7
:10F5C000D3F84832002B03D1284B0122C3F848223C
:10F5D000FFF7BEFEFBF74AFF7860BB1C1846FFF73B
:10F5E000BBFC0346002B2DD00423FB70BB78452BBE
:10F5F00038D0BB78182B01D10023FB70BB785A2B75
:10F6000001D10123FB70BB78522B01D10223FB7087
:10F61000BB78082B01D10323FB70FB78032B11D897
:10F62000FA78124B93F842320233594203F0030343
:10F6300001F0030158BF4B429A4203D00B4AFB78BA
:10F6400082F84332FBF712FF02467B68D31A084A5E
:10F650009342C2D97B6803F5743390337B60FFF724
:10F66000F1FEBAE700BF0837BD4680BD000B0020A1
:10F670008FD0030080B582B000AF0346FB710B460C
:10F68000BB711346BB80BB88BA79F979034802F095
:10F690002EF900BF0837BD4680BD00BF5C5C010885
:10F6A00080B584B002AF0346FB710B46BB711346B5
:10F6B0007B717B79002B06D1BA79F97900230E484A
:10F6C00002F0D6F814E07B79012B01D1582000E03C
:10F6D0004F207B79012B02D14FF4784301E04FF6A4
:10F6E000E073BA79F97900930346034802F0BAF956
:10F6F00000BF0837BD4680BD5C5C010880B588B09E
:10F7000002AF0123FB74FB7C002B3ED00023BB74B3
:10F7100016E000237B740DE0BA7C797C13465B0015
:10F72000134418333B440B44143B00221A707B7C77
:10F7300001337B747B7C022BEED9BB7C0133BB7421
:10F74000BB7C022BE5D90123BB75BB7DFB75012377
:10F750007B7500233B750023FB740020FBF75EFAEA
:10F76000012301930023009340F2FF73704A8F211D
:10F770001F2000F0C3FA6F4802F05CF8B97DFB7DF2
:10F7800040F2FF721846FFF775FFFB1C1846FFF7A3
:10F79000E3FB0346002B00F0C280FB78452B00F012
:10F7A000C080FB78082B08D0FB785A2B05D0FB785B
:10F7B000182B02D0FB78522B40D1FA7DB97D13462D
:10F7C0005B00134418333B440B44143B1A78B97D57
:10F7D000FB7D1846FFF764FFB97DFB7D4FF6FF7296
:10F7E0001846FFF747FFFB78082B05D1BB7D002BA0
:10F7F00002D0BB7D013BBB75FB785A2B05D1BB7D8D
:10F80000012B02D8BB7D0133BB75FB78182B05D1CA
:10F81000FB7D002B02D0FB7D013BFB75FB78522B5F
:10F8200005D1FB7D012B02D8FB7D0133FB75B97D32
:10F83000FB7D40F2FF721846FFF71CFFFB781C2B84
:10F840007FF461AFFA7DB97D13465B001344183332
:10F850003B440B44143B1B78002B7FF454AFFA7DE0
:10F86000B97D13465B00134418333B440B44143BEF
:10F870007A7D1A703B7D01333B757A7DB97DFB7DC6
:10F880001846FFF70DFFB97DFB7D40F2FF72184669
:10F89000FFF7F0FE381D7B7D009303230322032135
:10F8A000FFF7A6FB03463B743B7C002B02D13B7D5C
:10F8B000092B2FD13B7C002B06D07B7D012B01D166
:10F8C0001D4A02E01D4A00E01D4A3B7C002B08D087
:10F8D0007B7D012B02D14FF4784304E04FF6E073B7
:10F8E00001E040F2FF7301210191002100910A2102
:10F8F000232000F003FA3B7C002B01D0114B00E0E9
:10F90000114B1846FFF742FB0346002B0BD1012396
:10F91000FB7405E07B7DC3F103037B75F3E600BF59
:10F92000F1E600BF00E000BF1837BD4680BD00BF54
:10F93000685A01085C5C0108745A01087C5A010885
:10F94000845A0108A025260060E3160080B48BB01D
:10F9500000AFF860B9607A607B80FB687B6200234F
:10F960007B8402E07B8C01337B847B8CBA681344FC
:10F9700093F90030002BF5D197E07B6ABB6100233F
:10F980003B8402E07B6A01337B627B6A93F900303F
:10F99000002B09D07B6A93F900303D2B04D07B6AA1
:10F9A00093F900303B2BEDD17B6A93F900303D2B6E
:10F9B00067D17A6ABB69D31A9BB27A8C9A4260D1BA
:10F9C00001237B770023FB8310E0FB8BBA69134490
:10F9D00093F90020FB8BB9680B4493F900309A42ED
:10F9E00001D000237B77FB8B0133FB83FA8B7B8C6D
:10F9F0009A42EAD37B6A01337B627B6A7B6102E0D5
:10FA00007B6A01337B627B6A93F90030002B08D05C
:10FA10007B6A93F900303B2BF2D102E03B8C01333F
:10FA20003B843B8C7A6913447A6A9A42F6D87B7F8E
:10FA3000002B31D07B88002B2ED03A8C7B889A42C9
:10FA400002D37B88013B3B840023FB830BE0FB8BD1
:10FA50007A691A44FB8B79680B4492F900201A707A
:10FA6000FB8B0133FB83FA8B3B8C9A42EFD33B8CAD
:10FA70007A68134400221A7001231DE07B6A013367
:10FA80007B627B6A93F90030002B06D07B6A93F986
:10FA900000303B2BF2D100E000BF7B6A93F90030CD
:10FAA0003B2B02D17B6A01337B627B6A93F9003086
:10FAB000002B7FF462AF002318462C37BD465DF85B
:10FAC000047B704780B485B000AF78600023FB6092
:10FAD0000EE0FA6813469B0013445B001A467B68ED
:10FAE00093F900301344303BFB607B6801337B604B
:10FAF0007B6893F900302F2B04DD7B6893F900308D
:10FB0000392BE6DDFB6818461437BD465DF8047BEB
:10FB1000704780B582B000AF78600B467B800020D4
:10FB2000FBF77CF87B8846222821786802F086F96A
:10FB300000BF0837BD4680BD80B5DEB002AF0323ED
:10FB400000933D4B3D4A3E493E48FCF7DDF90346F4
:10FB5000002B05D0FCF730FC0020FBF769FB62E0CE
:10FB600007F16C034FF4807219463748FCF77CFBB1
:10FB70000346002B05D0FCF71FFC0020FBF758FBC9
:10FB800051E0FCF7FFFB07F1600207F16C000C236A
:10FB90002E49FFF7DBFE0346002B1FD007F12002A2
:10FBA00007F16C0040232A49FFF7D0FE0346002BE3
:10FBB00014D007F1100207F16C0010232549FFF75C
:10FBC000C5FE0346002B09D03A1D07F16C000C233B
:10FBD0002149FFF7BBFE0346002B03D10020FBF7B2
:10FBE00027FB20E007F160031846FFF76BFFC7F81B
:10FBF0006C01D7F86C31042B03D80020FBF718FBFD
:10FC000011E040F2FF711548FFF783FF0120FBF779
:10FC10000FFB9FED070BFAF73BF80020FBF708FB03
:10FC20000020FAF7FBFF07F5B877BD4680BD00BF9F
:10FC30000000000000409F408C5A0108905A0108C3
:10FC4000A05A0108AC5A0108B85A0108C85A01085C
:10FC5000D05A0108D45A0108DC5A0108E45A0108B4
:10FC600090B583B000AF0446084611461A462346B5
:10FC7000FB800346BB800B467B8013463B807B8822
:10FC8000002B37D03B88002B34D0FB887F2B31D81A
:10FC9000BB889F2B2ED87A88FB88C3F180039A42B9
:10FCA00003DDFB88C3F180037B803A88BB88C3F106
:10FCB000A0039A4203DDBB88C3F1A0033B80FA880E
:10FCC0007B8813449BB2013B9AB2FB8811461846CD
:10FCD000FAF732FFBA883B8813449BB2013B9AB2D1
:10FCE000BB8811461846FAF763FF3B8B1846FAF7B4
:10FCF000ABFF00E000BF0C37BD4690BD90B58BB0A8
:10FD000002AFBA601A460346FB810B46BB8113461D
:10FD1000FB800023FB83BB68002B00F0C08097F8BA
:10FD20003430002B00F0BB8002E0FB8B0133FB83FF
:10FD3000FB8BBA68134493F90030002BF5D10023F4
:10FD4000BB83A6E00023BB61BB8BBA6813441B785E
:10FD50007B75FA8BBB8BD31A013B9AB297F8343080
:10FD60009BB212FB03F39BB21A46520013445B0092
:10FD70009AB2FB8913447B8297F91530402B0DDD35
:10FD800097F915305A2B09DC97F91530A3F1410288
:10FD900013469B001344444A1344BB6197F9153042
:10FDA0002F2B0DDD97F91530392B09DC97F915301C
:10FDB000A3F1300213469B0013443C4A1344BB6139
:10FDC00097F834309BB21A46520013445B009AB243
:10FDD00097F834309BB2DB009CB2B989788A3B8EAD
:10FDE00000932346FFF73CFF0023FB754BE0BB6904
:10FDF000002B04D0FB7DBA6913441B7809E097F906
:10FE00001530212B04D1FB7D022B01D15F2300E0B3
:10FE100000237B740023BB752FE07A7CBB7D22FA24
:10FE200003F303F00103002B24D0FB7DC3F1050392
:10FE30009AB297F834309BB212FB03F39AB27B8AE2
:10FE4000134498B2BB7DC3F107039AB297F83430DC
:10FE50009BB212FB03F39AB2BB89134499B297F891
:10FE600034309AB297F834309CB2FB880093234622
:10FE7000FFF7F6FEBB7D0133BB75BB7D072BCCD9ED
:10FE8000FB7D0133FB75FB7D042BB0D9BB8B0133AC
:10FE9000BB83BA8BFB8B9A42FFF454AF00E000BFE8
:10FEA0002437BD4690BD00BFF45A0108785B0108B5
:10FEB00090B587B002AF0446084611461A4623465D
:10FEC000FB800346BB800B467B8013463B807B88D0
:10FED00001339AB23B8801339BB2B988F888002479
:10FEE0000094FFF7BDFE0023FB731AE0FB7B9AB280
:10FEF000798897F8203091FBF3F39BB212FB03F360
:10FF00009AB2FB88134498B23B8801339BB2B988FC
:10FF10004FF6FF7200920122FFF7A2FEFB7B013336
:10FF2000FB73FA7B97F820309A42DFD90023FB73EA
:10FF30001AE0FB7B9AB2398897F8243091FBF3F3EF
:10FF40009BB212FB03F39AB2BB88134499B27B882D
:10FF500001339AB2F8884FF6FF7300930123FFF73D
:10FF60007FFEFB7B0133FB73FA7B97F824309A42C8
:10FF7000DFD900BF00BF1437BD4690BD80B586B045
:10FF800002AF78600B46FB701346BB700023FB8109
:10FF9000FB789BB21B019BB2C3F17D03BB81BB7895
:10FFA000002B02D040F2FF7300E000237B8102E0CF
:10FFB000FB890133FB81FB897A68134493F9003094
:10FFC000002BF5D1BB89033B99B27B8900931023A9
:10FFD00076220520FFF744FEFA89134692009B1A09
:10FFE0005B008033DA0F13445B1098B2BB78002BB0
:10FFF00001D0002201E04FF6FF72B989012301937D
:020000040801F1
:100000007B89009313467A68FFF778FE00BF1037AC
:10001000BD4680BD80B586B002AF78600B46FB70F0
:100020001346BB700020FAF7F9FD0123019300236A
:10003000009340F2FF73174A8F211C20FFF75EFEEA
:1000400040F2FF73009301236D228C210A20FFF7F9
:1000500007FE0023FB7313E0FB7B9B007A681344CD
:100060001868FA7BBB789A420CBF01230023DBB2ED
:100070001A46FB7B1946FFF781FFFB7B0133FB73BD
:10008000FA7BFB789A42E7D300BF00BF1037BD462A
:1000900080BD00BFAC5B010880B483B000AF0346F5
:1000A0003A60FB710B46BB71BB79002B02D03B68F9
:1000B000002B01D100232EE0FB79462B27D0462BC5
:1000C00027DC432B14D0432B23DC072B1DD0402BE4
:1000D0001FD13B681B78002B03D1BB79013BDBB2FE
:1000E00003E03B681B78013BDBB23A68137011E018
:1000F0003B681B780133BA7993FBF2F101FB02F202
:100100009B1ADAB23B681A7004E0012303E0022371
:1001100001E000BF002318460C37BD465DF8047BA4
:100120007047000080B582B000AF0023BB71FBF7C1
:1001300031FABB791A4602211C48FFF76BFFBB79E5
:10014000FB713B1D1846FBF7EDF90346002B27D04A
:100150003B79002B24D17B79BA1D02211846FFF789
:100160009BFF0346012B03D1FBF714FABB7919E07F
:10017000BB79FA799A42E2D0FB790C4A52F82330E3
:10018000F97900221846FFF7F9FEBB791A46074BAA
:1001900053F82230B97901221846FFF7EFFECEE777
:1001A00000BFCCE718460837BD4680BDD85B0108C4
:1001B00080B483B000AF0346FB7197F90730423B30
:1001C0000E2B29D801A252F823F000BF0902010822
:1001D000190201081102010819020108150201089B
:1001E000190201081902010819020108190201087F
:1001F000190201081902010819020108190201086F
:10020000190201080D020108012306E0022304E09F
:10021000032302E0042300E0002318460C37BD4608
:100220005DF8047B704700BF80B586B002AF03461F
:10023000FB710B46BB7113467B71FB799B08FB730B
:10024000FB7903F00303BB737B79002B03D197F990
:1002500006302D2B45D097F906301846FFF7A8FF3A
:1002600003467B737B7B013B032B32D801A252F800
:1002700023F000BF8502010899020108AD020108C0
:10028000C1020108BA7BF97B4FF478430093422303
:100290001A4801F0E7FB23E0BA7BF97B4FF4FC63DB
:1002A00000935023154801F0DDFB19E0BA7BF97B80
:1002B0004FF6E07300934423104801F0D3FB0FE0A6
:1002C000BA7BF97B1F23009346230C4801F0CAFB3D
:1002D00006E0BA7BF97B0023084801F0C9FA08E080
:1002E00007E0BA7BF97B48F21043044801F0C0FAFA
:1002F00000BF00BF1037BD4680BD00BFA45C010831
:1003000080B500AF0B4B00221A700B4BFF221A7006
:10031000094B1A78094B1A70094B00221A700020F9
:10032000FAF77CFC074801F085FA01F0D9FD00BF1F
:1003300080BD00BF4C0D0020200000201F000020C9
:100340004D0D0020A45C010880B584B000AF78603A
:100350007B68002B64D07B681B78002B03D17B6803
:100360005B78032B5CD1304B1B78002B11D07B6862
:10037000DA782E4B1B789A420BD17B681A792C4B7A
:100380001B789A4205D17B685A792A4B1B789A428E
:1003900047D0284B1B78042B0AD17B685B79042B50
:1003A00006D10020FAF73AFC234801F043FA09E0AD
:1003B0001D4B1B78002B05D10020FAF72FFC1E489F
:1003C00001F038FA0023FB7317E0FB7B7A681344D3
:1003D00093F906302D2B14BF01230023DBB2BB732E
:1003E000FB7B7A68134493F90610BA7BFB7B1846B3
:1003F000FFF71AFFFB7B0133FB73FB7B072BE4D971
:10040000094B01221A707B68DA78084B1A707B68F6
:100410001A79074B1A707B685A79064B1A7000E0FC
:1004200000BF1037BD4680BD4C0D00201F000020CE
:10043000200000204D0D0020A45C010880B582B092
:1004400002AF0020FAF7EAFB0D4801F0F3F90123AF
:1004500001930023009340F2FF730A4A8221172080
:10046000FFF74CFC012301930023009348F2104353
:10047000054A8F211420FFF741FC00BFBD4680BD17
:10048000A45C0108E05B0108E85B010880B483B06C
:1004900000AF7860396005E07B6801337B603B68C2
:1004A00001333B607B6893F90030002B0CD03B6834
:1004B00093F90030002B07D07B6893F900203B684C
:1004C00093F900309A42E7D07B6893F90030002B13
:1004D00006D13B6893F90030002B01D1012300E0E5
:1004E0000023DBB218460C37BD465DF8047B70472D
:1004F00080B582B000AF78602B4B1B78002B4BD0BF
:100500002A4B1A787B681B789A4245D1274B5A7838
:100510007B685B789A423FD1244B1A7C7B681B7CBA
:100520009A4239D1214B9A787B689B789A4233D191
:100530001E4BDA787B68DB789A422DD11B4B1A79F7
:100540007B681B799A4227D1184B5A797B685B7973
:100550009A4221D17B68063308221946144804F0D8
:10056000ADFA0346002B17D1104BDA7B7B68DB7B9F
:100570009A4211D17B68113319460E48FFF786FF66
:100580000346002B08D07B68253319460A48FFF73D
:100590007DFF0346002B01D1012300E00023DBB2E5
:1005A00018460837BD4680BD810D0020500D002043
:1005B000560D0020610D0020750D002080B485B01F
:1005C00000AF786039603B681A787B681A703B68C6
:1005D0005A787B685A703B681A7C7B681A743B684F
:1005E0009A787B689A703B68DA787B68DA703B6847
:1005F0001A797B681A713B685A797B685A713B6833
:10060000DA7B7B68DA730023FB730CE0FA7BFB7BFD
:1006100039680A4492F906107A6813440A469A71B6
:10062000FB7B0133FB73FB7B072BEFD97B6800223D
:100630009A730023FB730CE0FA7BFB7B39680A4456
:1006400092F911107A6813440A465A74FB7B0133FD
:10065000FB73FB7B122B06D8FB7B3A68134493F9A0
:100660001130002BE8D1FB7B7A68134400225A74C6
:100670000023FB730DE0FA7BFB7B39680A4492F997
:1006800025107A6813440A4683F82520FB7B013342
:10069000FB73FB7B0A2B06D8FB7B3A68134493F968
:1006A0002530002BE7D1FB7B7A681344002283F8C6
:1006B000252000BF1437BD465DF8047B704700005D
:1006C00080B500AF034B00221A70FFF719FE00BF80
:1006D00080BD00BF810D002080B582B000AF786082
:1006E0007B68002B0FD07868FFF702FF0346002BD2
:1006F00009D079680648FFF761FF064B01221A709E
:100700007868FFF721FE00BF0837BD4680BD00BFF7
:10071000500D0020810D002080B500AF034B00225A
:100720001A70FFF78BFE00BF80BD00BF810D002057
:1007300080B485B000AF78600023FB8105E0FB89C1
:100740000133FB817B6801337B607B6893F9003068
:10075000002BF4D1FB8918461437BD465DF8047BA5
:100760007047000080B485B000AFF860B9601346F0
:10077000FB71FB79632B12D9FB79284AA2FB032377
:100780005B09DBB23033D9B2BB681B785A1CD0B2DC
:10079000BA6810701A46FB6813444AB21A70FB79A3
:1007A000092B1CD9FB791E4AA2FB0323DB08DAB212
:1007B0001B4BA3FB0213D9080B469B000B445B00A9
:1007C000D31ADBB23033D9B2BB681B785A1CD0B213
:1007D000BA6810701A46FB6813444AB21A70FA7964
:1007E0000F4BA3FB0213D9080B469B000B445B0085
:1007F000D31ADBB23033D9B2BB681B785A1CD0B2E3
:10080000BA6810701A46FB6813444AB21A7000BFE7
:100810001437BD465DF8047B704700BF1F85EB5160
:10082000CDCCCCCC80B584B000AF78600B467B805B
:1008300013463B807868FFF77BFF03469B00FB81F4
:10084000FB897F2B05D8FB89C3F180035B109BB22A
:1008500000E00023BB813B887A88B989786801F081
:10086000EDFA00BF1037BD4680BD80B588B000AF3F
:10087000F860084611461A4603467B810B463B81C9
:100880001346FB805CE0FB685A1CFA6093F9003069
:10089000184601F097F978610023FB7747E00023C1
:1008A000BB773EE0FB7F7A6913441B781A46BB7F17
:1008B00042FA03F303F00103002B2FD00023BB8384
:1008C00028E000237B831EE0FB7F9BB2FA8812FBAB
:1008D00003F39AB27B8913449AB2BB8B134498B248
:1008E000BB7F9BB2FA8812FB03F39AB23B89134495
:1008F0009AB27B8B13449BB23A8D1946FAF7FEF8F5
:100900007B8B01337B837A8BFB889A42DCD3BB8B56
:100910000133BB83BA8BFB889A42D2D3BB7F0133AE
:10092000BB77BB7F042BBDD9FB7F0133FB77FB7FFC
:10093000022BB4D9FB889B009AB27B8913447B813C
:10094000FB6893F90030002B02D07B89772B9AD972
:1009500000BF2037BD4680BD80B588B002AFF860CB
:10096000084611461A4603467B810B463B811346D7
:10097000FB80F868FFF7DCFE03461A463B8913FB51
:1009800002F39BB29B00FB82FB8A7F2B05D8FB8A7C
:10099000C3F180035B109BB200E00023BB82388967
:1009A0007A89B98AFB8800930346F868FFF75DFFF0
:1009B00000BF1837BD4680BD80B582B000AF03468A
:1009C0000A46FB801346BB80FB88033398B2BB8882
:1009D000033399B24FF4FC630322FAF71FFBFB8841
:1009E000033398B2BB88033399B24FF4FC630322FC
:1009F000FAF70FFA00BF0837BD4680BD90B585B045
:100A000002AF03460A46FB801346BB80FB880633D1
:100A10009AB2BB8806339BB2B988F8884FF4784401
:100A20000094FAF765F9FB88063398B2BB88063361
:100A30009BB2FA88B9884FF478440094FAF758F9D1
:100A400000BF0C37BD4690BD80B483B000AF786066
:100A50007B685B78022B25D17B6893F82530002BCF
:100A600020D07B689A78124B1B789A421AD07B6808
:100A70009A780F4B1A707B6893F82530012B06D1BA
:100A80000C4B1B780133DAB20A4B1A700AE07B6810
:100A900093F82530022B05D1074B1B780133DAB2CE
:100AA000054B1A7000BF0C37BD465DF8047B7047DC
:100AB000840D0020820D0020830D002080B588B0B9
:100AC00000AF0346FB800023FB73FB7B5A1CD2B2B2
:100AD000FA7320333B44502203F8102CFB7B5A1C42
:100AE000D2B2FA7320333B44312203F8102CFB7B43
:100AF0005A1CD2B2FA7320333B44202203F8102C44
:100B00002C4B1A7807F10F0107F110031846FFF775
:100B100029FEFB7B5A1CD2B2FA7320333B442022BD
:100B200003F8102CFB7B5A1CD2B2FA7320333B44DF
:100B30003A2203F8102CFB7B5A1CD2B2FA732033F2
:100B40003B44202203F8102CFB7B5A1CD2B2FA73D0
:100B500020333B44502203F8102CFB7B5A1CD2B2AA
:100B6000FA7320333B44322203F8102CFB7B5A1CCF
:100B7000D2B2FA7320333B44202203F8102C0E4BE0
:100B80001A7807F10F0107F110031846FFF7EAFD85
:100B9000FB7B20333B44002203F8102CFA8807F13A
:100BA000100302211846FFF73DFE00BF2037BD4667
:100BB00080BD00BF820D0020830D002080B586B06F
:100BC00000AF78600023FB72FB7A5A1CD2B2FA7233
:100BD00018333B44522203F80C2CFB7A5A1CD2B235
:100BE000FA7218333B444E2203F80C2CFB7A5A1C41
:100BF000D2B2FA7218333B44442203F80C2CFB7A2D
:100C00005A1CD2B2FA7218333B44202203F80C2C3F
:100C10007B689A7807F10B0107F10C031846FFF780
:100C2000A1FDFB7A18333B44002203F80C2C07F19A
:100C30000C034FF6E0720C211846FFF7F3FD00BFDE
:100C40001837BD4680BD000080B586B000AFBA60E1
:100C50007B600346FB810B46BB81B868FFF768FDEC
:100C600003469B009AB2FB8913449BB20333FB8279
:100C7000BB89F9896822B86801F0E0F897F820305C
:100C8000002B07D1F98A48F210436822154801F079
:100C9000D5F824E0F98A4FF6FF736822786801F0EE
:100CA000CDF897F82430002B19D07868FFF740FD75
:100CB00003469B009AB2FB8A13449BB20233BB8269
:100CC00097F82830002B05D0BB8A69211846FFF71A
:100CD00073FE04E0BB8A69211846FFF78FFE1837C0
:100CE000BD4680BDF05B010880B588B004AF786078
:100CF0007B685B78022B0CBF01230023DBB2FB7304
:100D00007B6893F82530012B0CBF01230023DBB255
:100D1000BB737B6893F82530022B0CBF01230023A3
:100D2000DBB27B737B6803F114017B68DB7CBA7BED
:100D30000292FA7B019200930B460D4A40F2FF713A
:100D40000420FFF781FF7B6803F11D017B681B7F97
:100D50007A7B0292FA7B019200930B46054A4FF68A
:100D60001F015020FFF770FF00BF1037BD4680BD48
:100D7000F45B0108F85B010880B582B000AF7860D1
:100D80007B685B78032B06D14FF478428C211E4898
:100D9000FFF748FD33E07B685B78022B1ED17B6850
:100DA00093F82530012B06D14FF4FC628C211748B3
:100DB000FFF738FD23E07B6893F82530022B06D13E
:100DC0004FF4FC628C211248FFF72CFD17E04FF620
:100DD000E0728C210F48FFF725FD10E07B685B78FF
:100DE000012B06D14FF6E0728C210B48FFF71AFD5C
:100DF00005E048F210428C210848FFF713FD00BFC0
:100E00000837BD4680BD00BFFC5B0108085C0108D7
:100E1000105C0108185C0108205C0108285C0108CE
:100E200080B500AF074B00221A70074B00221A70E2
:100E3000064B00221A700020F9F7F0FE01F050F87E
:100E400000BF80BD820D0020830D0020840D002096
:100E500080B582B000AF78607B68002B34D07B68AF
:100E60001B78002B03D17B685B78032B2CD178682F
:100E7000FFF7EAFD0020F9F7D1FE40F2FF70FFF71F
:100E80001DFE7868FFF79AFE7B685B78002B07D120
:100E900048F21043032224210D48FFF75DFD0CE0CA
:100EA0007B6893F90330002B07D07B68D81C4FF682
:100EB000FF7303222421FFF74FFD7868FFF714FF2B
:100EC0007868FFF759FF00E000BF0837BD4680BDD6
:100ED000305C010880B500AF0020F9F79FFE48F2B2
:100EE000104246210248FFF79DFC00BF80BD00BFB5
:100EF000385C010880B483B000AF7860396005E0E9
:100F00007B6801337B603B6801333B607B6893F90E
:100F10000030002B0CD03B6893F90030002B07D039
:100F20007B6893F900203B6893F900309A42E7D040
:100F30007B6893F90030002B06D13B6893F90030B1
:100F4000002B01D1012300E00023DBB218460C374F
:100F5000BD465DF8047B704780B582B000AF786015
:100F60002F4B1B78002B52D02E4B1A787B681B78A6
:100F70009A424CD12B4B5A787B685B789A4246D187
:100F8000284B9A787B689B789A4240D1254B93F8FE
:100F900025207B6893F825309A4238D1214BDA7CA2
:100FA0007B68DB7C9A4232D11E4B1A7F7B681B7FA9
:100FB0009A422CD17B68033319461B48FFF79AFFEE
:100FC0000346002B23D07B68143319461748FFF7DC
:100FD00091FF0346002B1AD07B681D331946144835
:100FE000FFF788FF0346002B11D07B682633194694
:100FF0001048FFF77FFF0346002B08D07B683A3389
:1010000019460D48FFF776FF0346002B01D1012357
:1010100000E00023DBB218460837BD4680BD00BFA4
:10102000CE0D0020880D00208B0D00209C0D00208F
:10103000A50D0020AE0D0020C20D002080B487B0A9
:1010400000AFF860B9601346FB710023FB750BE03D
:10105000FB7DBA681A44FB7DF9680B4492F90020C5
:101060001A70FB7D0133FB75FA7DFB79013B9A42D7
:1010700006DAFB7DBA68134493F90030002BE7D100
:10108000FB7DFA68134400221A7000BF1C37BD466E
:101090005DF8047B704780B584B000AF786039603C
:1010A0003B681A787B681A703B685A787B685A707C
:1010B0003B689A787B689A703B6893F825207B6838
:1010C00083F825203B68DA7C7B68DA743B681A7FFA
:1010D0007B681A777B68D81C3B680333102219465B
:1010E000FFF7ACFF7B6803F114003B681433082260
:1010F0001946FFF7A3FF7B6803F11D003B681D3312
:1011000008221946FFF79AFF7B6803F126003B6827
:10111000263314221946FFF791FF0023FB730DE0DD
:10112000FA7BFB7B39680A4492F93A107A681344D7
:101130000A4683F83A20FB7B0133FB73FB7B0A2BC7
:1011400006D8FB7B3A68134493F93A30002BE7D179
:10115000FB7B7A681344002283F83A2000BF1037E3
:10116000BD4680BD80B500AF034B00221A70FFF76B
:1011700057FE00BF80BD00BFCE0D002080B582B0FD
:1011800000AF78607B68002B0FD07868FFF7E4FE33
:101190000346002B09D079680648FFF77CFF064B11
:1011A00001221A707868FFF753FE00BF0837BD466A
:1011B00080BD00BF880D0020CE0D002080B500AF9F
:1011C000034B00221A70FFF785FE00BF80BD00BFF1
:1011D000CE0D002080B483B000AF0346FB7197F9B9
:1011E0000730522B01D1012306E097F90730592B24
:1011F00001D1022300E0002318460C37BD465DF8FC
:10120000047B704780B584B000AF0346FB710B468A
:10121000BB7113467B717B79012B02D14FF478436C
:1012200001E04FF6E073FB81FB89BA79F979034855
:1012300000F001FC00BF1037BD4680BD805C010896
:1012400080B582B000AF03460A46FB711346BB80EF
:10125000BA88FB791946034800F0B6FB00BF08378F
:10126000BD4680BD805C010890B585B002AF0446E4
:10127000084611461A462346FB710346BB710B46CE
:101280007B7113463B717879BA79F9794FF6FF7320
:1012900001933B7900930346034800F028FC00BF0C
:1012A0000C37BD4690BD00BF805C010880B500AF23
:1012B000074B00221A70074B00221A700020F9F722
:1012C000ADFC054800F0B6FA00F00AFE00BF80BD94
:1012D000CF0D0020D00D0020805C010880B586B0C5
:1012E00000AF78607B68002B00F0D9807B681B78AA
:1012F000002B04D17B685B78032B40F0D0806A4BD5
:101300001B78002B07D07B6893F83F20674B1B7836
:101310009A4200F0C580644B1B78002B05D1002059
:10132000F9F77CFC624800F085FA7B6893F83F206F
:101330005E4B1A700023BB7525E00023FB751CE093
:10134000BA7D1346DB009A1AFB7D13447A68134476
:101350001B7D3B7497F910301846FFF73BFF03469F
:10136000FB73FB7B002B05D0FA7BF97DBB7D184618
:10137000FFF748FFFB7D0133FB75FB7D062BDFD9B3
:10138000BB7D0133BB75BB7D052BD6D97B6893F83C
:101390003F30012B02D14FF4784201E04FF6E0726A
:1013A000FB7D11461846FFF74BFF7B6893F84030F2
:1013B000012B04D07B6893F84030022B6BD17B6803
:1013C0009B7C7B7500233B750023FB7456E0FB7C04
:1013D0007A68134493F914301A467B6893F84030C6
:1013E000012B01D1522300E05923934243D1FA7CCF
:1013F000304BA3FB0213D11A49080B4499080B4642
:10140000DB005B1AD31A3B75FB7C222B3AD80023F6
:10141000BB7401237B7416E0F97C7A7C1346DB00F5
:101420009B1A0B447A68134493F91420FB7C796867
:101430000B4493F914309A4202D1BB7C0133BB7444
:101440007B7C01337B747B7C032B07D8F97C7A7C13
:101450001346DB009B1A0B44292BDDDDBB7C022BE2
:1014600009D9FA7C134BA3FB0213D21A5208134476
:101470009B087B7507E0FB7C0133FB74FB7C292B0D
:10148000A5D900E000BF7B689A7C7B68DB7C397D56
:10149000787DFFF7E9FE044B01221A7000E000BFDF
:1014A0001837BD4680BD00BFCF0D0020D00D0020F5
:1014B000805C01082549922480B582B002AF0020EB
:1014C000F9F7ACFB0D4800F0B5F9012301930023B7
:1014D000009340F2FF730A4A05211920FEF70EFC23
:1014E000012301930023009348F21043054A9721FA
:1014F0001E20FEF703FC00BFBD4680BD805C0108D6
:10150000485C0108545C010880B483B000AF786087
:10151000396005E07B6801337B603B6801333B60E9
:101520007B6893F90030002B0CD03B6893F90030B6
:10153000002B07D07B6893F900203B6893F90030BB
:101540009A42E7D07B6893F90030002B06D13B68C4
:1015500093F90030002B01D1012300E00023DBB21E
:1015600018460C37BD465DF8047B704780B582B0E5
:1015700000AF7860254B1B78002B3FD0244B1A78A6
:101580007B681B789A4239D1214B5A787B685B780B
:101590009A4233D11E4B93F841207B6893F8413037
:1015A0009A422BD11A4B93F83F207B6893F83F3037
:1015B0009A4223D1164B93F840207B6893F8403031
:1015C0009A421BD17B6814332A221946114803F032
:1015D00075FA0346002B11D17B68423319460E4839
:1015E000FFF792FF0346002B08D07B6802331946B1
:1015F0000A48FFF789FF0346002B01D1012300E0D1
:101600000023DBB218460837BD4680BD2A0E0020F5
:10161000D40D0020E80D0020160E0020D60D00206D
:1016200080B485B000AF786039603B681A787B6819
:101630001A703B685A787B685A703B6893F841206F
:101640007B6883F841203B6893F83F207B6883F8F0
:101650003F203B6893F840207B6883F840203B683C
:101660009A7C7B689A743B68DA7C7B68DA74002326
:10167000FB730CE0FA7BFB7B39680A4492F9141087
:101680007A6813440A461A75FB7B0133FB73FB7BB4
:10169000292BEFD97B68002283F83E200023FB73BF
:1016A0000CE0FA7BFB7B39680A4492F902107A68F5
:1016B00013440A469A70FB7B0133FB73FB7B0A2BB6
:1016C00006D8FB7B3A68134493F90230002BE8D12B
:1016D000FB7B7A68134400229A700023FB730DE0B1
:1016E000FA7BFB7B39680A4492F942107A6813440A
:1016F0000A4683F84220FB7B0133FB73FB7B122BF2
:1017000006D8FB7B3A68134493F94230002BE7D1AB
:10171000FB7B7A681344002283F842200023FB738A
:101720000CE0FA7BFB7B39680A4492F90E107A6868
:1017300013440A469A73FB7B0133FB73FB7B022B3A
:1017400006D8FB7B3A68134493F90E30002BE8D19E
:10175000FB7B7A68134400229A7300BF1437BD469E
:101760005DF8047B7047000080B500AF034B00229A
:101770001A70FFF79BFD00BF80BD00BF2A0E00203E
:1017800080B582B000AF78607B68002B0FD078689E
:10179000FFF7ECFE0346002B09D079680648FFF7F7
:1017A0003FFF064B01221A707868FFF797FD00BFD4
:1017B0000837BD4680BD00BFD40D00202A0E002092
:1017C00080B500AF034B00221A70FFF775FE00BF13
:1017D00080BD00BF2A0E002080B483B000AF7860C7
:1017E0000B46FB707B681A88FB7899B27B685B8933
:1017F00011FB03F39BB213449BB218460C37BD4652
:101800005DF8047B704780B483B000AF78600B460E
:10181000FB707B685A88FB7899B27B689B8911FBC7
:1018200003F39BB213449BB218460C37BD465DF8D8
:10183000047B7047B0B584B002AF78607B68002B42
:1018400012D07B6818887B6859887B689C887B6885
:10185000DD887B685B7A7A68127A019200932B4666
:101860002246FEF725FB00E000BF0837BD46B0BDAD
:1018700090B585B002AF7860084611461A46034617
:10188000FB700B46BB7013463B807B68002B2AD055
:101890007B681B7AFA789A4225D27B685B7ABA78A1
:1018A0009A4220D2BB7819467868FFF795FF034625
:1018B0001A467B68DB8913449CB2FB78194678682A
:1018C000FFF7A1FF03461A467B681B8A134499B2AF
:1018D0007B685A8A7B68988A3B8800930346204637
:1018E000FEF7BEF900E000BF0C37BD4690BD80B5E5
:1018F00086B002AF7860084611461A460346FB7070
:101900000B46BB7013463B807B68002B58D07B682E
:101910001B7AFA789A4253D27B685B7ABA789A42F9
:101920004ED2BB7819467868FFF756FF03461A4631
:101930007B68DB8913449BB2013BFB81FB78194632
:101940007868FFF760FF03461A467B681B8A1344DA
:101950009BB2013BBB817B685B8A02337B817B68E6
:101960009B8A02333B817A89B989F8893B88009345
:101970000123FEF775F9BA893B8913449BB2013BF9
:1019800099B27A89F8893B8800930123FEF768F9B8
:101990003A89B989F8893B88009313460122FEF7FA
:1019A0005FF9FA897B8913449BB2013B98B23A896B
:1019B000B9893B88009313460122FEF751F900E0F4
:1019C00000BF1037BD4680BD90B585B002AF7860CE
:1019D0000B46FB7013463B807B68002B25D07B6851
:1019E0005B7AFA789A4220D27B689A8B7B685B8814
:1019F0009A421CD8FB7819467868FFF7EDFE03463B
:101A00001A467B68DB8B134498B27B685A887B68E4
:101A10009B8BD31A99B27B681A8C7B685C8C3B8851
:101A200000932346FEF71CF902E000BF00E000BF70
:101A30000C37BD4690BD80B582B000AF78600846D7
:101A400011461A460346FB700B46BB7013463B809B
:101A50003B88BA78F9787868FFF70AFF00BF083743
:101A6000BD4680BD90B587B002AF7860084611468C
:101A70001A460346FB700B46BB7013467B707B68AF
:101A8000002B30D07B689B7E002B2CD0BA78F97865
:101A900000237868FFF7ECFE7B783B7300237B73B1
:101AA000BB7819467868FFF797FE03461A467B68AD
:101AB000DB8A13449CB2FB7819467868FFF7A3FED3
:101AC00003461A467B681B8B134499B27B689B7E46
:101AD000388C07F10C020193002300930346204643
:101AE000FEF70CF900E000BF1437BD4690BD90B57D
:101AF00087B002AF7860084611461A460346FB706D
:101B00000B46BB7013467B707B68002B20D007F11F
:101B10000E00BA78F97807F10C0300930346786851
:101B200000F01AF807F10A0097F82020797807F1F9
:101B3000080300930346786800F00EF8F889B98925
:101B40007A893C89BB8C00932346F9F7D1F800E0F1
:101B500000BF1437BD4690BD80B584B000AFF860BB
:101B60007B600B46FB721346BB72FB68002B24D0D4
:101B70007B68002B0ED0BB7A1946F868FFF72CFE65
:101B800003461A46FB685B895B089BB213449AB212
:101B90007B681A80BB69002B10D0FB7A1946F86865
:101BA000FFF731FE03461A46FB689B895B089BB230
:101BB00013449AB2BB691A8000E000BF1037BD46DB
:101BC00080BD000080B483B000AF0346FB7197F97D
:101BD0000730213B392B00F2CF8001A252F823F0CD
:101BE000751D0108791D0108791D0108791D01087D
:101BF000791D0108791D0108791D0108791D010869
:101C0000791D0108611D0108591D0108791D010890
:101C10005D1D0108711D0108651D0108311D0108C8
:101C2000351D0108391D01083D1D0108411D010830
:101C3000451D0108491D01084D1D0108511D0108E0
:101C4000551D01086D1D0108791D0108791D010848
:101C5000691D0108791D0108791D0108791D010818
:101C6000C91C0108CD1C0108D11C0108D51C0108A4
:101C7000D91C0108DD1C0108E11C0108E51C010854
:101C8000E91C0108ED1C0108F11C0108F51C010804
:101C9000F91C0108FD1C0108011D0108051D0108B2
:101CA000091D01080D1D0108111D0108151D010860
:101CB000191D01081D1D0108211D0108251D010810
:101CC000291D01082D1D01082F4B56E02F4B54E014
:101CD0002F4B52E02F4B50E02F4B4EE02F4B4CE060
:101CE0002F4B4AE02F4B48E02F4B46E02F4B44E070
:101CF0002F4B42E02F4B40E02F4B3EE02F4B3CE080
:101D00002F4B3AE02F4B38E02F4B36E02F4B34E08F
:101D10002F4B32E02F4B30E02F4B2EE02F4B2CE09F
:101D20002F4B2AE02F4B28E02F4B26E02F4B24E0AF
:101D30002F4B22E02F4B20E02F4B1EE02F4B1CE0BF
:101D40002F4B1AE02F4B18E02F4B16E02F4B14E0CF
:101D50002F4B12E02F4B10E02F4B0EE02F4B0CE0DF
:101D60002F4B0AE02F4B08E02F4B06E02F4B04E0EF
:101D70002F4B02E02F4B00E02F4B18460C37BD468F
:101D80005DF8047B704700BFF05C0108F45C01085B
:101D9000F85C0108FC5C0108005D0108045D0108B5
:101DA000085D01080C5D0108105D0108145D010863
:101DB000185D01081C5D0108205D0108245D010813
:101DC000285D01082C5D0108305D0108345D0108C3
:101DD000385D01083C5D0108405D0108445D010873
:101DE000485D01084C5D0108505D0108545D010823
:101DF000585D01085C5D0108605D0108645D0108D3
:101E0000685D01086C5D0108705D0108745D010882
:101E1000785D01087C5D0108805D0108845D010832
:101E2000885D01088C5D0108905D0108945D0108E2
:101E3000985D01089C5D0108EC5C010880B586B0E6
:101E400000AFF860084611461A4603467B810B46F0
:101E50003B811346FB8037E0FB685A1CFA6093F91C
:101E600000301846FFF7AEFE38610023FB7525E011
:101E70000023BB751CE0FB7D3A6913441B781A46AE
:101E8000BB7D42FA03F303F00103002B0DD0FB7D71
:101E90009AB27B89134498B2BB7D9AB23B891344B2
:101EA0009BB2FA881946F8F729FEBB7D0133BB7552
:101EB000BB7D042BDFD9FB7D0133FB75FB7D022B42
:101EC000D6D97B8904337B81FB6893F90030002BE2
:101ED00002D07B897F2BBFD900BF1837BD4680BD9C
:101EE00080B582B000AF0023FB710023BB7112E00C
:101EF000FB791846F9F726F9FB790133FB71FB7979
:101F0000072B01D90023FB719FED070BF7F7C0FEEC
:101F1000BB790133BB71BB79172BE9D900BF00BF77
:101F20000837BD4680BD00BF0000000000005940DA
:101F300080B483B000AF7860396005E07B6801331E
:101F40007B603B6801333B607B6893F90030002B7A
:101F50000CD03B6893F90030002B07D07B6893F9D5
:101F600000203B6893F900309A42E7D07B6893F9F0
:101F70000030002B06D13B6893F90030002B01D1D3
:101F8000012300E00023DBB218460C37BD465DF8A4
:101F9000047B704780B48BB000AFF860B9607A60A2
:101FA0007B80FB687B6200237B8402E07B8C0133B7
:101FB0007B847B8CBA68134493F90030002BF5D1F5
:101FC00097E07B6ABB6100233B8402E07B6A0133BC
:101FD0007B627B6A93F90030002B09D07B6A93F90E
:101FE00000303D2B04D07B6A93F900303B2BEDD1C0
:101FF0007B6A93F900303D2B67D17A6ABB69D31AAB
:102000009BB27A8C9A4260D101237B770023FB83B9
:1020100010E0FB8BBA69134493F90020FB8BB9687D
:102020000B4493F900309A4201D000237B77FB8B5D
:102030000133FB83FA8B7B8C9A42EAD37B6A0133B0
:102040007B627B6A7B6102E07B6A01337B627B6A35
:1020500093F90030002B08D07B6A93F900303B2BBA
:10206000F2D102E03B8C01333B843B8C7A69134410
:102070007A6A9A42F6D87B7F002B31D07B88002B7E
:102080002ED03A8C7B889A4202D37B88013B3B84DA
:102090000023FB830BE0FB8B7A691A44FB8B796886
:1020A0000B4492F900201A70FB8B0133FB83FA8BEF
:1020B0003B8C9A42EFD33B8C7A68134400221A700F
:1020C00001231DE07B6A01337B627B6A93F9003058
:1020D000002B06D07B6A93F900303B2BF2D100E055
:1020E00000BF7B6A93F900303B2B02D17B6A01333E
:1020F0007B627B6A93F90030002B7FF462AF002390
:1021000018462C37BD465DF8047B704780B485B017
:1021100000AF78600023FB7310E0FB7B1A4692004F
:1021200013445B00DAB27B6893F90030DBB21344EE
:10213000DBB2303BFB737B6801337B607B6893F9D8
:1021400000302F2B04DD7B6893F90030392BE4DD60
:10215000FB7B18461437BD465DF8047B70470000D2
:1021600080B582B000AF78600F497868FFF7E0FE75
:102170000346002B01D0012312E00C497868FFF7D9
:10218000D7FE0346002B01D0022309E008497868F6
:10219000FFF7CEFE0346002B01D0032300E000230F
:1021A00018460837BD4680BDA05D0108A85D01083E
:1021B000B05D010880B582B000AF78600F497868E3
:1021C000FFF7B6FE0346002B01D0012312E00C49B5
:1021D0007868FFF7ADFE0346002B01D0022309E02B
:1021E00008497868FFF7A4FE0346002B01D00323BB
:1021F00000E0002318460837BD4680BDBC5D0108DD
:10220000C05D0108C45D010880B58AB000AF786088
:1022100007F11802102315497868FFF7BBFE034643
:10222000002B1DD007F10802102311497868FFF731
:10223000B1FE0346002B13D007F118030D491846D1
:10224000FFF776FE0346002B0AD007F108030A4980
:102250001846FFF76DFE0346002B01D0012300E076
:102260000023DBB218462837BD4680BDCC5D01088F
:10227000D45D0108DC5D0108E45D010880B594B01F
:1022800000AF786039603B6800221A703B68032217
:102290005A703B680022DA703B6800221A713B6872
:1022A00000225A713B6800229A703B6800229A71A2
:1022B0003B6800229A7607F144020C23694978684A
:1022C000FFF768FE0346002B09D007F13402102304
:1022D00065497868FFF75EFE0346002B01D10023B5
:1022E000BCE007F1440361491846FFF721FE0346AD
:1022F0001A463B681A703B6803F11A020C235C49CA
:102300007868FFF747FE3B689A1D1423594978689F
:10231000FFF740FE3B681B78002B11D007F1340318
:1023200055491846FFF704FE0346002B08D107F174
:10233000340352491846FFF7FBFD0346002B03D038
:102340003B6803225A7025E007F134034C491846D4
:10235000FFF7EEFD0346002B03D03B6800225A70C6
:1023600018E007F1340347491846FFF7E1FD03463B
:10237000002B08D107F1340343491846FFF7D8FD75
:102380000346002B03D03B6802225A7002E03B68F0
:1023900001225A7007F1240210233C497868FFF7A4
:1023A000F9FD0346002B08D007F124031846FFF778
:1023B000D7FE03461A463B68DA7007F12402102361
:1023C00033497868FFF7E6FD0346002B08D007F194
:1023D00024031846FFF7C4FE03461A463B681A71E9
:1023E00007F1140210232B497868FFF7D3FD034649
:1023F000002B08D007F114031846FFF7DBFE034655
:102400001A463B685A7107F10C0208232249786882
:10241000FFF7C0FD0346002B08D007F10C03184658
:10242000FFF774FE03461A463B689A703B68063312
:102430001A491846FFF77CFD0346002B02D03B6883
:1024400002225A703B681B78002B03D13B685B78F3
:10245000032B01D1012300E00023DBB218465037E3
:10246000BD4680BDCC5D0108E85D0108DC5D01086A
:10247000F05D0108F85D0108005E0108085E0108D2
:10248000105E0108185E0108205E01082C5E01083C
:10249000385E0108445E01084C5E0108545E010884
:1024A00080B487B000AFF860B9601346FB800023AA
:1024B000FB820BE0FB8ABA681A44FB8AF9680B447A
:1024C00092F900201A70FB8A0133FB82FA8AFB889A
:1024D000013B9A4206DAFB8ABA68134493F900304A
:1024E000002BE7D1FB8AFA68134400221A7000BF60
:1024F0001C37BD465DF8047B7047000080B582B094
:1025000000AF78600F497868FFF712FD0346002B93
:1025100001D0012312E00C497868FFF709FD03465A
:10252000002B01D0022309E008497868FFF700FD7D
:102530000346002B01D0032300E000231846083790
:10254000BD4680BDBC5D0108C05D0108C45D0108D9
:1025500080B58AB000AF786007F1180210231549E2
:102560007868FFF717FD0346002B1DD007F108021E
:10257000102311497868FFF70DFD0346002B13D097
:1025800007F118030D491846FFF7D2FC0346002B4C
:102590000AD007F108030A491846FFF7C9FC0346A9
:1025A000002B01D0012300E00023DBB218462837BE
:1025B000BD4680BDCC5D0108D45D0108DC5D01082D
:1025C000645E010880B596B000AF786039603B6802
:1025D00000221A703B6803225A703B6800229A70EE
:1025E0003B680022DA703B680022DA743B68002204
:1025F0001A753B6800221A773B6800225A773B68BD
:10260000002283F825203B68002283F826203B68BF
:10261000002283F83A2007F14C020C2370497868B5
:10262000FFF7B8FC0346002B09D007F13C0210234A
:102630006C497868FFF7AEFC0346002B01D10023FC
:10264000CAE007F14C0368491846FFF771FC0346DE
:102650001A463B681A703B6803F13A020C2363493F
:102660007868FFF797FC3B6803F126021423604962
:102670007868FFF78FFC07F10C0210235D4978683A
:10268000FFF788FC0346002B07D03B68033307F1B4
:102690000C0110221846FFF703FF3B681B78002B44
:1026A00008D007F13C0354491846FFF741FC0346A4
:1026B000002B03D03B6803225A701CE007F13C0357
:1026C0004E491846FFF734FC0346002B03D03B6805
:1026D00000225A700FE007F13C0349491846FFF702
:1026E00027FC0346002B03D03B6802225A7002E00D
:1026F0003B6801225A703B68263342491846FFF76F
:1027000017FC0346002B02D03B6803225A7007F1E6
:102710001C0208233C497868FFF73CFC0346002B69
:1027200008D007F11C031846FFF7F0FC03461A46D1
:102730003B689A7007F12402102334497868FFF748
:1027400029FC0346002B09D007F124031846FFF7A4
:10275000D5FE03461A463B6883F8252007F134026C
:1027600008232B497868FFF715FC0346002B0ED091
:1027700097F93430002B0AD03B680122DA743B68A9
:10278000143307F1340108221846FFF789FE07F1D8
:10279000340208231F497868FFF7FCFB0346002B2F
:1027A0000ED097F93430002B0AD03B6801221A77FB
:1027B0003B681D3307F1340108221846FFF770FE0D
:1027C0003B681B78002B03D13B685B78032B01D15E
:1027D000012300E00023DBB218465837BD4680BD18
:1027E000CC5D0108E85D0108DC5D0108F05D0108D1
:1027F000F85D0108705E0108085E0108105E0108BE
:10280000185E01087C5E01084C5E0108445E010808
:10281000885E0108945E010880B582B000AF7860E0
:102820000B497868FFF784FB0346002B01D0012396
:1028300009E008497868FFF77BFB0346002B01D0CD
:10284000022300E0002318460837BD4680BD00BFC4
:10285000BC5D0108C05D010880B582B000AF786042
:1028600012497868FFF764FB0346002B06D1104934
:102870007868FFF75DFB0346002B01D0012310E0D1
:102880000C497868FFF754FB0346002B06D10A4930
:102890007868FFF74DFB0346002B01D0022300E0D0
:1028A000002318460837BD4680BD00BFBC5D010847
:1028B000A05E0108C05D0108A45E010880B58AB071
:1028C00000AF786007F11802102315497868FFF708
:1028D00061FB0346002B1DD007F1080210231149AC
:1028E0007868FFF757FB0346002B13D007F1180356
:1028F0000D491846FFF71CFB0346002B0AD007F1D1
:1029000008030A491846FFF713FB0346002B01D0C2
:10291000012300E00023DBB218462837BD4680BD06
:10292000CC5D0108D45D0108DC5D0108A85E0108EA
:1029300080B598B000AF786039603B6800221A70AB
:102940003B6803225A703B6800229A703B68002261
:10295000DA703B6800221A713B6800225A713B68AA
:1029600000229A713B680022DA713B6800221A72D9
:102970003B6800221A7707F154020C2378497868E3
:10298000FFF708FB0346002B09D007F14402102390
:1029900074497868FFF7FEFA0346002B01D1002343
:1029A000DAE007F1540370491846FFF7C1FA03460D
:1029B0001A463B681A703B6803F11C020C236B49F2
:1029C0007868FFF7E7FA3B6803F1080214236849C7
:1029D0007868FFF7DFFA3B681B78002B11D007F10E
:1029E000440364491846FFF7A3FA0346002B08D1B5
:1029F00007F1440360491846FFF79AFA0346002B93
:102A000003D03B6803225A701CE007F144035B4982
:102A10001846FFF78DFA0346002B03D03B680022CF
:102A20005A700FE007F1440355491846FFF780FA42
:102A30000346002B03D03B6802225A7002E03B6839
:102A400001225A703B6808334E491846FFF770FA66
:102A50000346002B02D03B6803225A7007F13C0268
:102A6000082349497868FFF795FA0346002B08D0F8
:102A700007F13C031846FFF749FB03461A463B683B
:102A80009A7007F13402082340497868FFF782FA08
:102A90000346002B08D007F134031846FFF736FB36
:102AA00003461A463B68DA7007F12C0208233849BE
:102AB0007868FFF76FFA0346002B08D007F12C0364
:102AC0001846FFF723FB03461A463B681A7107F1C5
:102AD000240208232F497868FFF75CFA0346002B8D
:102AE00008D007F124031846FFF7B6FE03461A463E
:102AF0003B685A7107F11C02082327497868FFF7E1
:102B000049FA0346002B08D007F11C031846FFF7CB
:102B1000FDFA03461A463B689A7107F10C0210232E
:102B20001E497868FFF736FA0346002B08D007F1F4
:102B30000C031846FFF770FE03461A463B68DA712D
:102B40003B681B78002B03D13B685B78032B01D1DA
:102B5000012300E00023DBB218466037BD4680BD8C
:102B6000CC5D0108E85D0108DC5D0108F05D01084D
:102B7000F85D0108085E0108005E0108105E0108AA
:102B8000185E01087C5E01084C5E0108B45E010815
:102B9000BC5E0108C45E0108CC5E0108445E010809
:102BA00080B582B000AF78600B497868FFF7C0F954
:102BB0000346002B01D0012309E008497868FFF79C
:102BC000B7F90346002B01D0022300E0002318468A
:102BD0000837BD4680BD00BFD85E0108DC5E010835
:102BE00080B582B000AF78600F497868FFF7A0F930
:102BF0000346002B01D0012312E00C497868FFF74F
:102C000097F90346002B01D0022309E008497868B0
:102C1000FFF78EF90346002B01D0032300E00023C9
:102C200018460837BD4680BDD85E0108DC5E010845
:102C3000C45D010880B58AB000AF786007F1180262
:102C4000102315497868FFF7A5F90346002B1DD01E
:102C500007F10802102311497868FFF79BF9034632
:102C6000002B13D007F118030D491846FFF760F940
:102C70000346002B0AD007F108030A491846FFF75C
:102C800057F90346002B01D0012300E00023DBB2FB
:102C900018462837BD4680BDCC5D0108D45D0108CB
:102CA000DC5D0108E05E010880B592B000AF78609D
:102CB00039603B6800221A703B6803225A703B68F7
:102CC00000229A703B6800221A733B6800225A73F4
:102CD0003B680022DA703B6800229A733B6800224E
:102CE00083F8222007F13C020C2363497868FFF740
:102CF00051F90346002B09D007F12C0210235F493C
:102D00007868FFF747F90346002B01D10023AEE0B6
:102D100007F13C035A491846FFF70AF903461A46D9
:102D20003B681A703B6803F122020C23554978680E
:102D3000FFF730F93B6803F10E021423524978681B
:102D4000FFF728F93B681B78002B11D007F12C0303
:102D50004E491846FFF7ECF80346002B08D107F15F
:102D60002C034B491846FFF7E3F80346002B03D02A
:102D70003B6803225A701CE007F12C0345491846B2
:102D8000FFF7D6F80346002B03D03B6800225A70A9
:102D90000FE007F12C0340491846FFF7C9F8034636
:102DA000002B03D03B6802225A7002E03B680122EC
:102DB0005A703B68DA1C0A2338497868FFF7EAF84A
:102DC0000346002B02D03B6800221A7307F124024D
:102DD000082333497868FFF7DDF80346002B08D055
:102DE00007F124031846FFF7DBFE03461A463B684B
:102DF0001A7307F1140210232A497868FFF7CAF8FA
:102E00000346002B08D007F114031846FFF7E8FE2D
:102E100003461A463B685A7307F10C0208232249FD
:102E20007868FFF7B7F80346002B08D007F10C03CA
:102E30001846FFF76BF903461A463B689A703B68E1
:102E40000E331A491846FFF773F80346002B02D0D9
:102E50003B6802225A703B681B78002B03D13B6809
:102E60005B78032B01D1012300E00023DBB218467D
:102E70004837BD4680BD00BFCC5D0108E85D010854
:102E8000DC5D0108F05D0108F85D0108085E0108DD
:102E9000005E0108105E0108185E0108E45E01088A
:102EA000C45E0108445E01084C5E0108545E0108DE
:102EB00080B582B000AF78600B497868FFF738F8CA
:102EC0000346002B01D0012309E008497868FFF789
:102ED0002FF80346002B01D0022300E00023184600
:102EE0000837BD4680BD00BFBC5D0108C05D01085C
:102EF00080B582B000AF78600F497868FFF718F8A6
:102F00000346002B01D0012312E00C497868FFF73B
:102F10000FF80346002B01D0022309E00849786826
:102F2000FFF706F80346002B01D0032300E000233F
:102F300018460837BD4680BDBC5D0108C05D01086C
:102F4000C45D010880B58AB000AF786007F118024F
:102F5000102315497868FFF71DF80346002B1DD094
:102F600007F10802102311497868FFF713F80346A8
:102F7000002B13D007F118030D491846FEF7D8FFB0
:102F80000346002B0AD007F108030A491846FEF74A
:102F9000CFFF0346002B01D0012300E00023DBB26A
:102FA00018462837BD4680BDCC5D0108D45D0108B8
:102FB000DC5D0108EC5E010880B592B000AF78607E
:102FC00039603B6800221A703B6803225A703B68E4
:102FD000002283F841203B68002283F83F203B68B1
:102FE000002283F840203B6800229A743B6800224C
:102FF000DA743B6800221A753B68002283F842208D
:103000003B6800229A703B6800229A7307F13C02E9
:103010000C2376497868FEF7BDFF0346002B09D0E4
:1030200007F12C02102372497868FEF7B3FF0346BC
:10303000002B01D10023D4E007F13C036D49184671
:10304000FEF776FF03461A463B681A703B689A1CE7
:103050000C2369497868FEF79DFF3B6803F1420243
:10306000142366497868FEF795FF3B6803F10E026A
:10307000042363497868FEF78DFF3B681B78002BBB
:1030800011D007F12C035F491846FEF751FF0346A4
:10309000002B08D107F12C035B491846FEF748FFC7
:1030A0000346002B03D03B6803225A701CE007F153
:1030B0002C0356491846FEF73BFF0346002B03D06E
:1030C0003B6800225A700FE007F12C035049184664
:1030D000FEF72EFF0346002B03D03B6802225A70F6
:1030E00002E03B6801225A703B6803F114022B2373
:1030F00048497868FEF74EFF0346002B03D03B6833
:10310000002283F83E2007F1240208234249786810
:10311000FEF740FF0346002B09D007F124031846B1
:10312000FFF7C6FE03461A463B6883F83F2007F1C7
:103130001402102339497868FEF72CFF0346002B50
:1031400009D007F114031846FFF7D2FE03461A46CA
:103150003B6883F8402007F10C0208233049786867
:10316000FEF718FF0346002B09D007F10C031846A1
:10317000FEF7CCFF03461A463B6883F8412007F16F
:103180000C02082327497868FEF704FF0346002B4A
:1031900008D007F10C031846FEF7B8FF03461A469D
:1031A0003B689A7407F10C0208231F497868FEF700
:1031B000F1FE0346002B08D007F10C031846FEF77A
:1031C000A5FF03461A463B68DA743B681B78002B60
:1031D00003D13B685B78032B01D1012300E000237E
:1031E000DBB218464837BD4680BD00BFCC5D010844
:1031F000E85D0108DC5D0108F05D0108F85D01088B
:10320000F85E0108085E0108005E0108105E010812
:10321000185E0108E45E0108C45E0108445E01080E
:103220004C5E0108045F0108145F010880B582B09C
:1032300000AF78600F497868FEF77AFE0346002BEE
:1032400001D0012312E00C497868FEF771FE0346B5
:10325000002B01D0022309E008497868FEF768FED8
:103260000346002B01D0032300E000231846083753
:10327000BD4680BDBC5D0108C05D0108C45D01089C
:1032800080B58AB000AF786007F1180210231549A5
:103290007868FEF77FFE0346002B1DD007F1080279
:1032A000102311497868FEF775FE0346002B13D0F2
:1032B00007F118030D491846FEF73AFE0346002BA6
:1032C0000AD007F108030A491846FEF731FE034603
:1032D000002B01D0012300E00023DBB21846283781
:1032E000BD4680BDCC5D0108D45D0108DC5D0108F0
:1032F000285F010880B598B000AF786039603B68FE
:1033000000221A703B6803225A703B6800221A742C
:103310003B6800229A703B68FF22DA703B68FF220C
:103320001A713B6800225A713B680022DA733B68CD
:1033300000229A713B6800225A743B68002283F88D
:10334000252007F154020C2381497868FEF722FEFC
:103350000346002B09D007F1440210237D49786809
:10336000FEF718FE0346002B01D10023EBE007F126
:10337000540379491846FEF7DBFD03461A463B68BD
:103380001A703B6803F125020C2374497868FEF734
:1033900001FE3B6803F11102142371497868FEF7BE
:1033A000F9FD3B681B78002B11D007F144036D49F0
:1033B0001846FEF7BDFD0346002B08D107F1440374
:1033C00069491846FEF7B4FD0346002B03D03B685D
:1033D00003225A701CE007F1440364491846FEF7C3
:1033E000A7FD0346002B03D03B6800225A700FE074
:1033F00007F144035E491846FEF79AFD0346002B89
:1034000003D03B6802225A7002E03B6801225A70E6
:103410003B689A1D092357497868FEF7BBFD0346B0
:10342000002B02D03B6800229A7307F13C0208236C
:1034300051497868FEF7AEFD0346002B18D007F11E
:103440003C034E491846FEF773FD0346002B03D09C
:103450003B6801229A700BE007F13C03484918468B
:10346000FEF766FD0346002B02D03B6802229A70ED
:1034700007F13402082343497868FEF78BFD0346C1
:10348000002B08D007F134031846FEF73FFE034631
:103490001A463B68DA7007F12C0208233A4978682B
:1034A000FEF778FD0346002B08D007F12C031846E1
:1034B000FEF72CFE03461A463B681A7107F12402F8
:1034C000082332497868FEF765FD0346002B08D0D3
:1034D00007F124031846FEF719FE03461A463B6817
:1034E0005A7107F11402102329497868FEF752FD3A
:1034F0000346002B08D007F114031846FFF796FE89
:1035000003461A463B68DA7307F10C020823214987
:103510007868FEF73FFD0346002B08D007F10C0347
:103520001846FEF7F3FD03461A463B681A743B68DB
:103530001B78002B03D13B685B78032B01D101235F
:1035400000E00023DBB218466037BD4680BD00BFF7
:10355000CC5D0108E85D0108DC5D0108F05D010853
:10356000F85D0108085E0108005E0108105E0108B0
:10357000185E0108E45E0108C45E0108BC5D010834
:10358000C05D0108305F0108385F0108405F010835
:10359000445E01084C5E010880B58AB000AF7860D7
:1035A00007F11802102315497868FEF7F3FC03466B
:1035B000002B1DD007F10802102311497868FEF78F
:1035C000E9FC0346002B13D007F118030D491846F8
:1035D000FEF7AEFC0346002B0AD007F108030A49A8
:1035E0001846FEF7A5FC0346002B01D0012300E09E
:1035F0000023DBB218462837BD4680BDCC5D0108EC
:10360000D45D0108DC5D0108505F010890B5C7B0CA
:1036100000AF07F58C73A3F58A73186007F58C73F8
:10362000A3F58C73196007F58C73A3F58C731B6875
:1036300000221A7007F58C73A3F58C731B680322A4
:103640005A7007F58C73A3F58C731B68002283F8FE
:103650005B2007F58C73A3F58C731B6800229A70AE
:1036600007F58C73A3F58C731B680022DA7007F5DD
:103670008C73A3F58C731B6800225A7207F58C7348
:10368000A3F58C731B6800221A7507F58C73A3F5DC
:103690008C731B6800225A7507F58C73A3F58C7325
:1036A0001B68002283F85A2007F58C73A3F58C73EE
:1036B0001B6800229A7507F58C73A3F58C731B6841
:1036C00000229A7607F58C73A3F58C731B68002291
:1036D00083F83A2007F58C73A3F58C731B680022DE
:1036E0001A7207F58C73A3F58C731B681A7A07F5A9
:1036F0008C73A3F58C731B68DA7107F58C73A3F5D3
:103700008C731B68DA7907F58C73A3F58C731B68CF
:103710009A7107F58C73A3F58C731B689A7907F57A
:103720008C73A3F58C731B685A7107F58C73A3F522
:103730008C731B685A7907F58C73A3F58C731B681F
:103740001A7107F58C73A3F58C731B6800229A73AA
:1037500007F58C73A3F58C731B689A7B07F58C7344
:10376000A3F58C731B685A7307F58C73A3F58C73E0
:103770001B685A7B07F58C73A3F58C731B681A734F
:1037800007F58C73A3F58C731B681A7B07F58C7394
:10379000A3F58C731B68DA7207F58C73A3F58C7331
:1037A0001B68DA7A07F58C73A3F58C731B689A7221
:1037B00007F58C73A3F58C731B680022DA7407F588
:1037C0008C73A3F58C731B68DA7C07F58C73A3F5F7
:1037D0008C731B689A7407F58C73A3F58C731B6844
:1037E0009A7C07F58C73A3F58C731B685A7407F5E4
:1037F0008C73A3F58C731B685A7C07F58C73A3F547
:103800008C731B681A7407F58C73A3F58C731B6893
:103810001A7C07F58C73A3F58C731B68DA7307F5B4
:103820008C73A3F58C731B68002283F85C2007F56A
:103830008C73A3F58C731B68002283F8702007F14A
:10384000F40207F58C73A3F58A700C23BE49006857
:10385000FEF7A0FB0346002B0DD007F1E40207F5AD
:103860008C73A3F58A701023B8490068FEF792FBA9
:103870000346002B01D1002314E307F1F403B449FC
:103880001846FEF755FB03461A4607F58C73A3F559
:103890008C731B681A7007F58C73A3F58C731B6807
:1038A00003F1700207F58C73A3F58A700C23A94904
:1038B0000068FEF76FFB07F58C73A3F58C731B682C
:1038C00003F15C0207F58C73A3F58A701423A249F7
:1038D0000068FEF75FFB07F58C73A3F58C731B681C
:1038E0001B78002B1AD007F1E4039C491846FEF719
:1038F0001FFB0346002B11D107F1E403984918463A
:10390000FEF716FB0346002B08D107F1E4039549A7
:103910001846FEF70DFB0346002B07D007F58C7306
:10392000A3F58C731B6803225A7028E007F1E403A7
:103930008D491846FEF7FCFA0346002B07D007F521
:103940008C73A3F58C731B6800225A7017E007F183
:10395000E40386491846FEF7EBFA0346002B07D02E
:1039600007F58C73A3F58C731B6802225A7006E06E
:1039700007F58C73A3F58C731B6801225A7007F14D
:10398000DC0207F58C73A3F58A7008237849006878
:10399000FEF700FB0346002B20D007F1DC0375493E
:1039A0001846FEF7C5FA0346002B07D007F58C73BF
:1039B000A3F58C731B6801229A700FE007F1DC03FA
:1039C0006D491846FEF7B4FA0346002B06D007F5FA
:1039D0008C73A3F58C731B6802229A7007F1D402D2
:1039E00007F58C73A3F58A70082364490068FEF715
:1039F000D1FA0346002B0CD007F1D4031846FEF78A
:103A000085FB03461A4607F58C73A3F58C731B6878
:103A1000DA7007F1B40207F58C73A3F58A702023DE
:103A200057490068FEF7B6FA0346002B5BD0002327
:103A300087F8173107F1B403C7F8103149E0D7F818
:103A400010310133C7F81031D7F8103193F9003035
:103A5000202BF4D0D7F8103193F90030302B21DD32
:103A6000D7F8103193F90030362B1BDCD7F8103122
:103A700093F90030DAB297F81731303AD1B207F53E
:103A80008C72A2F58C72126813440A461A7197F868
:103A90001731013387F8173104E0D7F810310133BB
:103AA000C7F81031D7F8103193F90030002B05D04A
:103AB000D7F8103193F900302C2BEED1D7F8103114
:103AC00093F900302C2B04D1D7F810310133C7F80B
:103AD0001031D7F8103193F90030002B03D097F84C
:103AE0001731042BB0D907F1AC0207F58C73A3F59D
:103AF0008A70082323490068FEF74CFA0346002B1E
:103B00000CD007F1AC031846FEF700FB03461A463B
:103B100007F58C73A3F58C731B685A7207F18C023E
:103B200007F58C73A3F58A70202317490068FEF708
:103B300031FA0346002B7BD0002387F80F3107F1C1
:103B40008C03C7F8083169E0CC5D0108E85D010825
:103B5000DC5D0108F05D0108F85D0108085E010800
:103B6000005E0108205E0108105E0108185E010871
:103B7000C45E0108BC5D0108C05D0108585F010812
:103B8000645F01086C5F0108785F0108D7F80831AD
:103B90000133C7F80831D7F8083193F90030202BEA
:103BA000F4D0D7F8083193F900302F2B1FDDD7F868
:103BB000083193F90030392B19DC97F80F41D7F809
:103BC0000801FEF7A3FA03461A4607F58C73A3F51E
:103BD0008C731B6823449A7297F80F31013387F86E
:103BE0000F3104E0D7F808310133C7F80831D7F8AE
:103BF000083193F90030002B05D0D7F8083193F93C
:103C000000302C2BEED1D7F8083193F900302C2B53
:103C100004D1D7F808310133C7F80831D7F8083193
:103C200093F90030002B03D097F80F31042BB2D951
:103C300007F16C0207F58C73A3F58A7020239C4969
:103C40000068FEF7A7F90346002B5BD0002387F836
:103C5000073107F16C03C7F8003149E0D7F80031AC
:103C60000133C7F80031D7F8003193F90030202B29
:103C7000F4D0D7F8003193F90030302B21DDD7F89C
:103C8000003193F90030362B1BDCD7F8003193F963
:103C90000030DAB297F80731303AD1B207F58C72BA
:103CA000A2F58C72126813440A46DA7397F807314A
:103CB000013387F8073104E0D7F800310133C7F842
:103CC0000031D7F8003193F90030002B05D0D7F838
:103CD000003193F900302C2BEED1D7F8003193F955
:103CE00000302C2B04D1D7F800310133C7F8003154
:103CF000D7F8003193F90030002B03D097F8073143
:103D0000042BB0D907F1640207F58C73A3F58A7010
:103D1000082368490068FEF73DF90346002B0CD0E4
:103D200007F164031846FEF7F1F903461A4607F552
:103D30008C73A3F58C731B681A7507F15C0207F589
:103D40008C73A3F58A7008235B490068FEF722F99B
:103D50000346002B0CD007F15C031846FEF7D6F99A
:103D600003461A4607F58C73A3F58C731B685A75C6
:103D700007F1540207F58C73A3F58A7008234F49A5
:103D80000068FEF707F90346002B0BD007F58C738C
:103D9000A3F58C731B68163307F1540104221846EF
:103DA000FEF77EFB07F1340207F58C73A3F58A70EA
:103DB000202343490068FEF7EDF80346002B0BD0A3
:103DC00007F58C73A3F58C731B681A3307F1340164
:103DD00020221846FEF764FB07F1140207F58C73E6
:103DE000A3F58A70202337490068FEF7D3F803460D
:103DF000002B0BD007F58C73A3F58C731B683A333B
:103E000007F1140120221846FEF74AFB07F10C02C5
:103E100007F58C73A3F58A7008232B490068FEF719
:103E2000B9F80346002B0DD007F10C031846FEF736
:103E30006DF903461A4607F58C73A3F58C731B685E
:103E400083F85A2007F1D40207F58C73A3F58A7022
:103E500008231E490068FEF79DF80346002B0DD08D
:103E600007F1D4031846FEF751F903461A4607F541
:103E70008C73A3F58C731B6883F85B2007F58C7338
:103E8000A3F58C731B681B78002B07D107F58C7387
:103E9000A3F58C731B685B78032B01D1012300E031
:103EA0000023DBB2184607F58E77BD4690BD00BFF4
:103EB000885F0108945F0108A05F0108F85E0108AF
:103EC000AC5F0108B85F0108C85F01084C5E0108DB
:103ED00080B58AB000AF002387F82430022387F82A
:103EE000253007F11C0300221A60C3F803200523C4
:103EF0007B770223BB77052387F8223007F1140371
:103F000000221A60C3F8032007237B750223BB75C8
:103F10000523BB7607F10C0300221A60C3F80320C7
:103F200009237B730223BB730723BB743B1D002251
:103F30001A60C3F803200A237B710223BB71072395
:103F4000BB72F5F79DFF00210020F5F7C1FF0421AA
:103F50000320F5F7BDFF0C210320F5F7B9FF07F1AA
:103F600024031846F5F72CFEF5F712FF07F11C03A2
:103F70001846F6F7D5FB07F114031846F6F7D0FB01
:103F800007F10C031846F6F7CBFB3B1D1846F6F776
:103F9000C7FB2520F5F7E2FFF6F7B2FC0020F6F7A5
:103FA0003DFEF7F725F900BF2837BD4680BD00006C
:103FB00080B5ADF5767D02AFF7F788FEFBF7BCFD67
:103FC00003230093B84BB94AB949BA48F7F79CFFA5
:103FD0000346002B06D0F8F7EFF99FEDAF0BF5F78E
:103FE00057FE42E3B44B07221A7007F5E8734FF40B
:103FF00000721946B148F7F7C5FF0346002B02D0FF
:10400000F8F7DAF931E3AC4B08221A70F8F7BAF98D
:1040100007F5E8731846FEF79BFA0346002B63D0BA
:10402000FDF7A0F8032300939F4BA04AA049A148A5
:10403000F7F76AFF0346002B06D0F8F7BDF99FEDAE
:10404000960BF5F725FE46E007F5E8734FF400728E
:1040500019469B48F7F796FF0346002B06D0F8F762
:10406000ABF99FED8D0BF5F713FE34E0F8F78AF905
:1040700007F5B07207F5E87311461846FEF7A2FA85
:104080000346002B04D19FED840BF5F701FE22E0DF
:1040900007F5B0731846FDF771F807F57473A3F5CB
:1040A0001C731B78002B06D007F57473A3F51C73E3
:1040B0005B78032B0BD107F57473A3F51C735B7846
:1040C000032B09D19FED760BF5F7E2FD04E09FEDA0
:1040D000720BF5F7DDFDA5E700BFF8F76DF9FDF709
:1040E0006DF8FBF729FDC0E207F5E8731846FEF707
:1040F000E5FB0346002B63D0FAF70EF80323009389
:10410000694B6A4A6A496B48F7F7FEFE0346002B83
:1041100006D0F8F751F99FED600BF5F7B9FD46E0D1
:1041200007F5E8734FF4007219466648F7F72AFF5F
:104130000346002B06D0F8F73FF99FED570BF5F734
:10414000A7FD34E0F8F71EF907F59C7207F5E87350
:1041500011461846FEF7ECFB0346002B04D19FEDF9
:104160004E0BF5F795FD22E007F59C731846F9F71D
:10417000DFFF07F57473A3F526731B78002B06D0B9
:1041800007F57473A3F526735B78032B0BD107F542
:104190007473A3F526735B78032B09D19FED400B55
:1041A000F5F776FD04E09FED3C0BF5F771FDA5E713
:1041B00000BFF8F701F9F9F7E9FFFBF7BDFC54E29E
:1041C00007F5E8731846FEF735FD0346002B7DD052
:1041D000F8F75CFF03230093334B344A34493548E6
:1041E000F7F792FE0346002B06D0F8F7E5F89FEDAF
:1041F0002A0BF5F74DFD46E007F5E8734FF4007222
:1042000019463148F7F7BEFE0346002B06D0F8F7F3
:10421000D3F89FED210BF5F73BFD34E0F8F7B2F84A
:1042200007F5847207F5E87311461846FEF73CFD62
:104230000346002B04D19FED180BF5F729FD22E072
:1042400007F584731846F8F72DFF07F57473A3F587
:1042500032731B78002B06D007F57473A3F5327305
:104260005B78032B0BD107F57473A3F532735B787E
:10427000032B09D19FED0A0BF5F70AFD04E09FED32
:10428000060BF5F705FDA5E700BFF8F795F8F8F779
:1042900029FFFBF751FCE8E10000000000408F40DF
:1042A000000000000070A740D85F0108DC5F010833
:1042B000EC5F0108F85F0108B20900200460010802
:1042C00018600108306001084860010807F5E873CC
:1042D0001846FEF737FE0346002B63D0FDF744FA7D
:1042E00003230093C24BC34AC349C448F7F70CFEEB
:1042F0000346002B06D0F8F75FF89FEDB90BF5F7F2
:10430000C7FC46E007F5E8734FF400721946BC4855
:10431000F7F738FE0346002B06D0F8F74DF89FED6F
:10432000B00BF5F7B5FC34E0F8F72CF807F1B00264
:1043300007F5E87311461846FEF73EFE0346002BCC
:1043400004D19FEDA70BF5F7A3FC22E007F1B00322
:104350001846FDF715FA07F57473A3F548731B7833
:10436000002B06D007F57473A3F548735B78032B15
:104370000BD107F57473A3F548735B78032B09D150
:104380009FED990BF5F784FC04E09FED950BF5F795
:104390007FFCA5E700BFF8F70FF8FDF711FAFBF770
:1043A000CBFB62E107F5E8731846FEF769FF0346A9
:1043B000002B63D0FCF784F9032300938C4B8D4AC8
:1043C0008D498E48F7F7A0FD0346002B06D0F7F77E
:1043D000F3FF9FED830BF5F75BFC46E007F5E87311
:1043E0004FF4007219468748F7F7CCFD0346002BBF
:1043F00006D0F7F7E1FF9FED7A0BF5F749FC34E0C3
:10440000F7F7C0FF07F17C0207F5E873114618467D
:10441000FEF770FF0346002B04D19FED710BF5F7FB
:1044200037FC22E007F17C031846FCF755F907F545
:104430007473A3F555731B78002B06D007F57473BE
:10444000A3F555735B78032B0BD107F57473A3F5B4
:1044500055735B78032B09D19FED630BF5F718FCBF
:1044600004E09FED5F0BF5F713FCA5E700BFF7F73E
:10447000A3FFFCF751F9FBF75FFBF6E007F5E873E4
:104480001846FFF789F80346002B61D0F8F79CFB2C
:1044900003230093564B574A57495848F7F734FDC2
:1044A0000346002B06D0F7F787FF9FED4D0BF5F77E
:1044B000EFFB44E007F5E8734FF4007219465248E9
:1044C000F7F760FD0346002B06D0F7F775FF9FED69
:1044D000440BF5F7DDFB32E0F7F754FF3A4607F5FA
:1044E000E87311461846FFF791F80346002B04D1F4
:1044F0009FED3B0BF5F7CCFB21E03B461846F8F768
:104500006FFB07F57473A3F574731B78002B06D04B
:1045100007F57473A3F574735B78032B0BD107F560
:104520007473A3F574735B78032B09D19FED2E0B85
:10453000F5F7AEFB04E09FED2A0BF5F7A9FBA7E723
:1045400000BFF7F739FFF8F76BFBFBF7F5FA8CE0E4
:1045500007F5E8731846FDF757FE0346002B04D114
:104560009FED1F0BF5F794FB7FE0284B09221A7093
:10457000FAF77AFB032300931D4B1E4A1E491F487E
:10458000F7F7C2FC0346002B06D0F7F715FF9FEDA7
:10459000140BF5F77DFB60E007F5E8734FF400724C
:1045A00019461B48F7F7EEFC0346002B06D0F7F739
:1045B00003FF9FED0B0BF5F76BFB4EE0F7F7E2FE09
:1045C00007F5D47207F5E87311461846FDF756FE55
:1045D0000346002B1ED19FED020BF5F759FB3CE083
:1045E0000000000000408F40000000000070A74065
:1045F000D85F0108DC5F0108EC5F0108F85F010883
:10460000586001087060010884600108B209002048
:104610009860010807F5D4731846FAF731FB07F5DF
:104620007473A3F50A731B78002B06D007F5747317
:10463000A3F50A735B78032B0BD107F57473A3F50D
:104640000A735B78032B09D19FED090BF5F720FB6B
:1046500004E09FED090BF5F71BFB8BE700BFF7F7B5
:10466000ABFEFAF72DFBFBF767FAA9E4AFF3008086
:10467000000000000070A7400000000000408F40D4
:1046800080B582B002AFFFF723FCF6F7C3FF034605
:10469000002B0CD101230193002300934FF47843A6
:1046A0000B4A4C211620FBF729FB00BFFDE7FBF767
:1046B00039FD0346002B07D1F6F79AFF0020F6F7E5
:1046C000ADFAFFF775FCF2E7FAF714FDEFE700BF6C
:1046D000A860010880B500AFF3F72AFF00F004F8E6
:1046E000F4F7C0FF00BF80BD80B594B000AF0023D9
:1046F000BB60294B1B6C284A43F080531364264B44
:104700001B6C03F08053BB60BB6800237B60234BB2
:104710001B68224A43F440431360204B1B6803F498
:1047200040437B607B6801233B6201237B624FF443
:104730008003FB6319233B644FF4A8737B64042359
:10474000BB640723FB640223BB6307F12003184605
:10475000F4F76AF80F23FB6002233B6100237B61BF
:104760004FF48053BB610023FB6107F10C0302216E
:104770001846F4F71DFBF4F759FD0346084AA2FB5F
:1047800003239B091846F4F71BF80420F4F724F8D8
:1047900000BF5037BD4680BD003802400070004069
:1047A000D34D621080B400AF00BFBD465DF8047BFE
:1047B0007047000070B54FF0FF0C4CF4E06C1CEA41
:1047C00011541DBF1CEA135594EA0C0F95EA0C0F07
:1047D00000F0DEF82C4481EA030621EA4C5123EA7A
:1047E0004C5350EA013518BF52EA033541F48011A9
:1047F00043F4801338D0A0FB02CE4FF00005E1FB5C
:1048000002E506F00042E0FB03E54FF00006E1FBA5
:1048100003569CF0000F18BF4EF0010EA4F1FF04E8
:10482000B6F5007F64F5407404D25FEA4E0E6D4128
:1048300046EB060642EAC62141EA55514FEAC52039
:1048400040EA5E504FEACE2EB4F1FD0C88BFBCF5B5
:10485000E06F1ED8BEF1004F08BF5FEA500E50F166
:10486000000041EB045170BD06F0004646EA01012C
:1048700040EA020081EA0301B4EB5C04C2BFD4EB5E
:104880000C0541EA045170BD41F480114FF0000E57
:10489000013C00F3AB8014F1360FDEBF002001F0C5
:1048A000004170BDC4F10004203C35DA0C341BDC3F
:1048B00004F11404C4F1200500FA05F320FA04F011
:1048C00001FA05F240EA020001F0004221F0004145
:1048D00010EBD37021FA04F642EB06015EEA430EB8
:1048E00008BF20EAD37070BDC4F10C04C4F12005E8
:1048F00000FA04F320FA05F001FA04F240EA02009B
:1049000001F0004110EBD37041F100015EEA430E6B
:1049100008BF20EAD37070BDC4F1200500FA05F28B
:104920004EEA020E20FA04F301FA05F243EA02030A
:1049300021FA04F001F0004121FA04F220EA020019
:1049400000EBD3705EEA430E08BF20EAD37070BD5F
:1049500094F0000F0FD101F00046400041EB01013F
:1049600011F4801F08BF013CF7D041EA060195F021
:10497000000F18BF704703F00046520043EB0303DB
:1049800013F4801F08BF013DF7D043EA06037047C8
:1049900094EA0C0F0CEA135518BF95EA0C0F0CD0D3
:1049A00050EA410618BF52EA4306D1D181EA030119
:1049B00001F000414FF0000070BD50EA410606BF13
:1049C0001046194652EA430619D094EA0C0F02D158
:1049D00050EA013613D195EA0C0F05D152EA03369D
:1049E0001CBF104619460AD181EA030101F00041BB
:1049F00041F0FE4141F470014FF0000070BD41F004
:104A0000FE4141F4780170BD4A0011D212F5001246
:104A100011D20DD56FF47873B3EB62520ED44FEA16
:104A2000C12343F0004343EA505323FA02F0704796
:104A30004FF00000704750EA013002D14FF0FF30D4
:104A400070474FF00000704730B51446002C9BB003
:104A500005461A4605DA8B2303604FF0FF301BB082
:104A600030BD4FF40273ADF80C3014BF04F1FF33C6
:104A70002346029305934FF6FF7300910491ADF81E
:104A80000E3069461E9B00F093F8431CBCBF8B237D
:104A90002B60002CE3D0009B00221A70DFE700009F
:104AA00007B5009313460A46014603480068FFF71E
:104AB000CBFF03B05DF804FB2400002010B50139E2
:104AC0000244904201D1002005E0037811F8014F23
:104AD000A34201D0181B10BD0130F2E7014B18684A
:104AE000704700BF24000020034613F8012B002A62
:104AF000FBD1181A013870472DE9F0478E681F4620
:104B0000BE420B6882460C4690462DD8B1F90C2067
:104B100012F4906F26D06569096905EB4505A3EB92
:104B2000010905EBD5757B1C4B446D109D4238BFC8
:104B30001D46530527D5294600F0B4FB064660B351
:104B400021694A4600F034FBA38923F4906343F0C3
:104B50008003A381266165614E44A5EB09052660AB
:104B6000A5603E46BE4200D93E46206832464146D8
:104B700000F0B4FAA3689B1BA3602368334423604E
:104B80000020BDE8F0872A4600F018FC0646002801
:104B9000E0D12169504600F019FB0C23CAF800301F
:104BA000A38943F04003A3814FF0FF30E9E7000001
:104BB0002DE9F04F98468B891B069DB007460D46A0
:104BC000144610D50B6973B9402100F06BFB2860C7
:104BD000286130B90C233B604FF0FF301DB0BDE8B9
:104BE000F08F40236B610023099320238DF8293037
:104BF000CDF80C803023DFF89C818DF82A304FF0FF
:104C0000010923469A4613F8012B0AB1252AF9D146
:104C1000BAEB040B0BD05B46224629463846FFF719
:104C20006BFF013000F0A780099A5A4409929AF864
:104C30000030002B00F09F8000234FF0FF32CDE9C1
:104C400005230AF1010A049307938DF853301A9350
:104C50005446052214F8011B4E4800F059FA049AF4
:104C6000D8B9D00644BF20238DF85330110744BF74
:104C70002B238DF853309AF800302A2B15D0079A41
:104C8000544600204FF00A0C214611F8013B303BFE
:104C9000092B4BD9B0B1079214E0A0EB080309FA35
:104CA00003F313430493A246D2E7039B191D1B6829
:104CB0000391002BBBBF5B4242F0020207930793B4
:104CC000B8BF049223782E2B0AD163782A2B32D1D5
:104CD000039B1A1D1B68039243EAE3730234059396
:104CE000DFF8C0A021780322504600F011FA38B155
:104CF000049BA0EB0A00402282401343013404933A
:104D000014F8011B24488DF82810062200F000FA40
:104D1000002836D0214B1BBB039B073323F007032E
:104D200008330393099B334409936AE70CFB02326F
:104D30000C460120A8E700230134059319464FF0E3
:104D40000A0C204610F8012B303A092A03D9002B0F
:104D5000C6D00591C4E70CFB012104460123F0E70E
:104D600003AB00932A460E4B04A93846AFF30080EC
:104D7000421C0646D6D1AB895B063FF52DAF09989C
:104D80002CE703AB00932A46054B04A9384600F0F4
:104D900079F8EDE7B7600108C16001080000000084
:104DA000F94A0108BD6001082DE9F047164698460A
:104DB0008A680B69DDF820909342B8BF13463360D0
:104DC00091F8432007460C460AB10133336023684B
:104DD000990642BF336802333360256815F0060533
:104DE00006D104F1190AE36832689B1AAB4226DC4B
:104DF00094F843302268003B18BF012392062BD45D
:104E000004F1430241463846C84701301ED02368AA
:104E1000226903F00603042B02BFE5683368ED1A2C
:104E2000A3680CBF25EAE57500259342C4BF9B1A11
:104E3000ED1800261A34B5421AD1002008E00123EB
:104E4000524641463846C847013003D14FF0FF3043
:104E5000BDE8F0870135C6E7E1185A1C302081F81B
:104E60004300224494F8451082F843100233C7E708
:104E70000123224641463846C8470130E6D0013674
:104E8000D9E700002DE9FF470F7E0C9E782F914651
:104E900080460C469A4601F1430207D8622F0AD891
:104EA000002F00F0DD80582F00F0C38004F142068F
:104EB00084F842703AE0A7F16303152BF6D801A1FC
:104EC00051F823F01D4F0108314F0108AD4E010884
:104ED000AD4E0108AD4E0108AD4E0108314F01083D
:104EE000AD4E0108AD4E0108AD4E0108AD4E0108B2
:104EF00047500108BF4F0108FF4F0108AD4E0108A0
:104F0000AD4E010869500108AD4E0108BF4F0108C0
:104F1000AD4E0108AD4E01080750010833681A1D57
:104F20001B68326004F1420684F842300123A8E095
:104F300031682368081D30601E0601D50D6803E046
:104F40005D06FBD5B1F900506168002D78DA2D209F
:104F5000002984F84300A1602DDA5E486D420A23DF
:104F60001646B5FBF3F103FB1157C75D06F8017D4B
:104F70002F46BB420D46F4D9082B0BD12368DF071F
:104F800008D5236961689942DEBF302306F8013CE9
:104F900006F1FF36921B2261CDF800A04B4603AA12
:104FA00021464046FFF700FF01306FD14FF0FF3040
:104FB00004B0BDE8F08723F004032360CDE7216847
:104FC0003368080653F8045B02D4490648BFADB203
:104FD0006F2F4048336014BF0A230823002184F850
:104FE00043106668A660002EBADB216821F0040138
:104FF0002160002DB4D1002EB2D11646BCE7236843
:1050000043F0200323603448782784F845702368F0
:1050100031681F0651F8045B02D45F0648BFADB289
:105020003160D90744BF43F0200323601DB1102332
:10503000D4E72848E9E7236823F020032360F6E754
:1050400024480A23CDE7336825686169181D30605C
:105050002E061B6801D5196002E06806FBD5198091
:1050600000232361164697E733681A1D32601E68D5
:1050700062680021304600F04BF808B1801B606088
:1050800063682361002384F8433085E7236932464F
:1050900049464046D047013088D023689B0714D446
:1050A000E068039B9842B8BF184681E70123324667
:1050B00049464046D04701303FF478AF0135E368B8
:1050C00003995B1AAB42F1DCEAE7002504F119060B
:1050D000F5E700BFC8600108D9600108884210B533
:1050E00001EB020402D98442234607D8431EA142A1
:1050F00008D011F8012B03F8012FF8E7024401460C
:105100008A4200D110BD13F8014D02F8014DF7E7B6
:1051100001F0FF01102A2BDB10F0070F08D010F868
:10512000013B013A8B422DD010F0070F42B3F6D16C
:10513000F0B441EA012141EA014122F007047FF085
:1051400000070023F0E80256083C85EA010586EADC
:10515000010685FA47F5A3FA87F586FA47F6A5FA18
:1051600087F68EB9EED1F0BC01F0FF0102F0070224
:1051700032B110F8013B013A83EA010313B1F8D1CF
:105180000020704701387047002D06BF35460338B0
:10519000073815F0010F07D1013015F4807F02BFE9
:1051A000013015F4C03F0130F0BC0138704700BF3A
:1051B0000A44914200F1FF3300D1704710B511F855
:1051C000014B03F8014F9142F9D110BD38B50546A6
:1051D000002941D051F8043C0C1F002BB8BFE41843
:1051E00000F0E0F81D4A136833B963601460284684
:1051F000BDE8384000F0DCB8A34208D92068211887
:105200008B4201BF19685B6809182160EDE71A46F7
:105210005B680BB1A342FAD911685018A0420BD1B8
:1052200020680144501883421160E0D118685B681F
:10523000536008441060DAE702D90C232B60D6E7EC
:10524000206821188B4204BF19685B68636004BF43
:10525000091821605460CAE738BD00BF300E002035
:1052600070B50F4E0C463168054611B900F0D4F800
:1052700030602146284600F0CFF8431C03D14FF0A0
:10528000FF34204670BDC41C24F00304A042F8D0B3
:10529000211A284600F0C0F80130F2D1EFE700BF34
:1052A0002C0E00202DE9F843CD1C25F00305083510
:1052B0000C2D38BF0C25002D064601DBA94204D970
:1052C0000C2333600020BDE8F883DFF8D48000F0C1
:1052D00069F8D8F800301C4644BB29463046FFF731
:1052E000BFFF431C044658D1D8F800402746002F82
:1052F00043D1002C4BD023683946304604EB0309D8
:1053000000F08AF8814542D121686D1A294630465D
:10531000FFF7A6FF01303AD023682B442360D8F86A
:1053200000305A6862BBC8F800700FE02268521B58
:1053300020D40B2A17D96119A342256018BF5960E0
:10534000636808BFC8F8001062514B60304600F037
:105350002FF804F10B00231D20F00700C21A1CBF18
:105360001B1AA350AFE76268A3420CBFC8F8002025
:105370005A60EBE723466468AEE73C467F68B6E7D1
:105380001A465B68A342FBD100235360DEE70C237F
:105390003360304600F00CF894E70560D6E700BFB4
:1053A000300E0020014800F047B800BF340E002046
:1053B000014800F042B800BF340E00202DE9F04152
:1053C000804615460C4621B9BDE8F0411146FFF76D
:1053D00069BF2AB9FFF7FAFE00242046BDE8F08134
:1053E00000F02CF88542064602D8B5EB500FF4D8F1
:1053F00029464046FFF756FF07460028ECD0B54245
:105400002A46214628BF3246FFF7D2FE21464046B3
:10541000FFF7DCFE3C46E0E738B5064D00230446C6
:1054200008462B60F3F71EFF431C02D12B6803B123
:10543000236038BD840000207047704751F8043C59
:10544000181F002BBCBF0B58C01870472E2E2F738F
:10545000797374656D2F7372632F73746D33326655
:10546000342D68616C2F73746D3332663478785FD5
:1054700068616C5F636F727465782E630000000072
:1054800000000000010203040102030406070809EA
:105490002E2E2F73797374656D2F7372632F73744F
:1054A0006D333266342D68616C2F73746D333266E0
:1054B0003478785F68616C5F7263632E630000000C
:1054C00061626F727428292C2065786974696E672F
:1054D0002E2E2E002C2066756E6374696F6E3A2036
:1054E0000000000000000000617373657274696F52
:1054F0006E2022257322206661696C65643A2066FD
:10550000696C6520222573222C206C696E6520252C
:1055100064257325730A00006173736572745F708C
:105520006172616D2829206661696C65643A206644
:10553000696C6520222573222C206C696E652025FC
:10554000640A00000A0000006D61696E28617267DC
:10555000633D25642C20617267763D5B000000008E
:105560002C20000022257322000000005D293B0A48
:1055700000000000537461636B206672616D653AD0
:105580000A000000205230203D2020253038580AE3
:1055900000000000205231203D2020253038580ADC
:1055A00000000000205232203D2020253038580ACB
:1055B00000000000205233203D2020253038580ABA
:1055C0000000000020523132203D20253038580A9A
:1055D00000000000204C52203D2020253038580A81
:1055E00000000000205043203D2020253038580A7C
:1055F0000000000020505352203D20253038580A2A
:10560000000000004653522F4641523A0A00000063
:105610002043465352203D2020253038580A0000B0
:105620002048465352203D2020253038580A00009B
:105630002044465352203D2020253038580A00008F
:105640002041465352203D2020253038580A000082
:10565000204D4D464152203D20253038580A00004B
:105660002042464152203D2020253038580A000073
:105670004D6973630A000000204C522F4558435F68
:1056800052455455524E3D20253038580A000000EE
:105690005B486172644661756C745D0A00000000CD
:1056A0005B4275734661756C745D0A005B5573618E
:1056B00067654661756C745D0A00000000000000BB
:1056C000000000000102030406070809404E544E82
:1056D00040302C302C30404E544E4030FFFF18C626
:1056E000108408420000000000000000000B0100D0
:1056F000000000003E0000004552524F52000000E2
:105700004641494C0000000073746174653D00001F
:105710007374617475733D004F4B00004154453004
:105720000D0A000041542B43574D4F44453D310D68
:105730000A00000041542B43574A41503D220000CB
:10574000222C2200220D0A0041542B43495053546D
:105750004152543D22544350222C2200222C00005E
:105760000D0A000047455420000000002048545412
:10577000502F312E310D0A486F73743A206A6F7AB8
:105780007A7A65662E617477656270616765732EDB
:10579000636F6D0D0A436F6E6E656374696F6E3A69
:1057A00020636C6F73650D0A0D0A000041542B4392
:1057B000495053454E443D0041542B434950434CBE
:1057C0004F53450D0A0000002B2B2B0D0A00000043
:1057D000434C4F534544000050313A0050323A0098
:1057E0005941545A5900000057414954494E470005
:1057F000584F3A2057414954494E47000000000293
:105800000100010202000202000002000001020188
:105810000002020200000202000202000316081E3B
:105820000F2C1C37243933483E51475B1B05271189
:10583000301A3A25422D4F3C593563295741495476
:10584000494E4720464F52205032000050312057D9
:10585000494E53204D4154434821000050322057B7
:10586000494E53204D415443482100004D4154437B
:10587000482046494E495348454400004D41544351
:105880004820454E444544005031205455524E0066
:105890005032205455524E00504C4159494E470009
:1058A000444943453A0000002D0000006C616464E7
:1058B00065725F636C696D62000000003E3E204CC3
:1058C000414444455220434C494D4221203C3C0038
:1058D000736E616B655F736C696465002121205391
:1058E0004E414B4520534C494445202121000000A6
:1058F00067616D655F776F6E000000002A2A2A20BD
:105900005245414348454420313030202A2A2A005C
:10591000646963655F726F6C6C00000044494345C5
:1059200020524F4C4C4544006372656174655F7250
:105930006F6F6D00524F4F4D2043524541544544C7
:1059400000000000706C617965725F6A6F696E6556
:1059500064000000504C415945522032204A4F49C2
:105960004E45440050313A20000000000000000085
:1059700050323A200000000000000000524F554E07
:10598000442000000000000000000000534E414B86
:105990004520414E44204C41444445520000000003
:1059A00057414954494E4720464F522047414D45A3
:1059B00000000000524F434B000000005041504592
:1059C0005200000053434953534F5253000000000C
:1059D000574149540000000050312057494E5300B0
:1059E00050322057494E53004452415700000000A6
:1059F000434F4E4E4543542034000000524544204E
:105A000057494E532100000059454C4C4F572057E1
:105A1000494E53210000000001000101000101FF77
:105A2000434F4E4E45435420340000005449432018
:105A300054414320544F4500534E414B452047416C
:105A40004D450000205A01082C5A0108385A010817
:105A5000000100FFFF000100534E414B45000000D4
:105A60000605060705050405544943205441432013
:105A7000544F4500582057494E5300004F20574976
:105A80004E530000445241570000000038300000DF
:105A90003138352E3137362E34332E313030000048
:105AA0006B61746B6F7431323300000041686D6557
:105AB000646C6170746F70002F7374617475732FF0
:105AC0006F74612E7478740076657273696F6E00FE
:105AD00075726C00637263333200000073697A651B
:105AE0000000000055504441544520464F554E4457
:105AF000000000007E1111117E7F494949363E4168
:105B00004141227F4141221C7F494949417F090986
:105B100009013E4149497A7F0808087F00417F41D9
:105B2000002040413F017F081422417F4040404017
:105B30007F020C027F7F0408107F3E4141413E7F7F
:105B4000090909063E4151215E7F09192946464946
:105B500049493101017F01013F4040403F1F204042
:105B6000201F3F4038403F63140814630708700843
:105B700007615149454300003E5149453E00427F7F
:105B8000400042615149462141454B311814127F72
:105B90001027454545393C4A4949300171090503FB
:105BA0003649494936064949291E000047414D45B5
:105BB00020434F4E534F4C45000000004F4E4C4980
:105BC0004E45204D4F4445004F46464C494E4520DA
:105BD0004D4F444500000000BC5B0108C85B010854
:105BE0004D454D4F5259000057414954494E4700C9
:105BF0002D2D000050310000503200004D41544323
:105C000048204F564552000050312057494E53000E
:105C100050322057494E5300445241570000000073
:105C2000414E53574552210057414954494E470070
:105C300057414954000000005245414459000000BA
:105C400001000001010101FF434F4E4E4543542026
:105C50003400000057414954494E47000E001E00D1
:105C600064006400030321002100020002001E0002
:105C70001E000B00080002000000000000000000F1
:105C80000F001A0062006C0006070E0012000200EE
:105C900002000A000E0000000000000008000200E0
:105CA000090005000A0024006C00440002041B00E7
:105CB0002200010001001900200000000000000087
:105CC0000000000000000000040040007400180004
:105CD0000105180018000100010016001600000060
:105CE00000000000000000000000000000000000B4
:105CF0001F051F001F151B001F1111001F110E0093
:105D00001F1511001F0501001F1911001F041F009E
:105D1000111F110010110F001F0A15001F10100095
:105D20001F031F001F021F000E110E001F0507009A
:105D30000E111E001F051A0017151D00011F01007E
:105D40001F101F00071F07001F0C1F00150A15005A
:105D5000071C07001D1517000E110E00121F100062
:105D60001D05170015151F0005071F001B1519003D
:105D70001F1D150001011F001F151F001B151F000F
:105D8000040E0400040404000A040A0008040200CB
:105D90000A0A0A00000A000000040000001F0000B8
:105DA000726F636B0000000070617065720000002C
:105DB00073636973736F72730000000070310000C9
:105DC00070320000647261770000000073746174C7
:105DD0006500000067616D6500000000414C495698
:105DE0004500000072707300737461747573000075
:105DF000726F6F6D000000006576656E74000000C4
:105E00006465616400000000656E64656400000004
:105E100077616974696E6700726573756C740000F0
:105E200066696E69736865640000000070315F63C5
:105E3000686F69636500000070325F63686F696353
:105E40006500000077696E6E65720000726F756E96
:105E500064000000726F756E645F726573756C74B8
:105E6000000000006D6174687175697A00000000BF
:105E70007175657374696F6E000000006D61746305
:105E8000685F656E6465640070315F616E7377652D
:105E90007200000070325F616E73776572000000FF
:105EA0005031000050320000736E616B656C6164AC
:105EB0006465720070315F706F73000070325F70E4
:105EC0006F7300007475726E000000006C61737473
:105ED0005F726F6C6C000000580000004F00000003
:105EE000786F0000626F617264000000636F6E6E15
:105EF00065637434000000006C6173745F706C61E2
:105F0000796572006C6173745F6D6F76655F726F37
:105F1000770000006C6173745F6D6F76655F636F0F
:105F20006C756D6E000000006D656D6F727900001C
:105F3000666C697031000000666C697032000000A8
:105F40006D6174636865645F7061697273000000FD
:105F50007961747A79000000726F6C6C735F6C65A4
:105F600066740000646963650000000068656C6425
:105F70005F636F756E74000068656C645F696E6462
:105F8000696365730000000068656C645F76616C2E
:105F90007565730070315F73636F72650000000098
:105FA00070325F73636F7265000000006C61737420
:105FB0005F616374696F6E0063617465676F7279A6
:105FC0005F63686F73656E00706F696E74735F7383
:105FD000636F726564000000383000003138352E80
:105FE0003137362E34332E31303000006B61746B14
:105FF0006F7431323300000041686D65646C61700C
:10600000746F70002F7374617475732F6D61696E96
:106010002E747874000000002F7374617475732FF0
:106020006D6174687175697A2E747874000000006F
:106030002F7374617475732F736E616B656C61641B
:106040006465722E747874002F7374617475732F85
:10605000786F2E74787400002F7374617475732FC9
:10606000636F6E6E656374342E7478740000000084
:106070002F7374617475732F6D656D6F72792E74E3
:10608000787400002F7374617475732F7961747A5A
:10609000792E7478740000002F7374617475732FF7
:1060A0007270732E74787400495220434C4F434BE6
:1060B000204552524F5200232D302B2000686C4C4B
:1060C0000065666745464700303132333435363730
:1060D0003839414243444546003031323334353655
:1060E00037383961626364656600000010000000A3
:1060F00000000000017A5200027C0E011B0C0D0012
:106100001000000018000000E0E9FFFF1000000090
:10611000000000001000000000000000017A5200A2
:10612000027C0E011B0C0D0038000000180000005E
:10613000E0EFFFFF9E00000000510E108404850375
:10614000860287015BC7C6C5C40E004C0A420B0A13
:10615000420B0E10840485038602870151C7C6C511
:04616000C40E000069
:0861640084E9FF7F0100000047
:10616C007856341288000020000000000024F4004F
:10617C0000000102000000FF00010102000000FF0E
:10618C00FFFFFFFF280000200000000000000000BF
:10619C0068000000D00000000000000000000000BB
:1061AC0000000000000000000000000000000000E3
:1061BC0000000000000000000000000000000000D3
:1061CC0000000000000000000000000000000000C3
:0861DC00000000003254769827
:020000040803EF
:10FFF000314D5047040000000000000000000000E8
:0400000508008195D9
:00000001FF
