/*
 * out.h
 *
 *  Created on: Sep 14, 2026
 *      Author: AHMED SHERIF
 */

#ifndef HAL_DAC_OUT_H_
#define HAL_DAC_OUT_H_

unsigned char my_name_wav[] = {
  0x52, 0x49, 0x46, 0x46, 0xcb, 0x49, 0x00, 0x00, 0x57, 0x41, 0x56, 0x45,
  0x66, 0x6d, 0x74, 0x20, 0x10, 0x00, 0x00, 0x00, 0x01, 0x00, 0x01, 0x00,
  0x40, 0x1f, 0x00, 0x00, 0x40, 0x1f, 0x00, 0x00, 0x01, 0x00, 0x08, 0x00,
  0x64, 0x61, 0x74, 0x61, 0xa7, 0x49, 0x00, 0x00, 0x80, 0x7f, 0x7f, 0x80,
  0x80, 0x7f, 0x80, 0x7f, 0x7f, 0x80, 0x80, 0x80, 0x7f, 0x80, 0x7f, 0x80,
  0x80, 0x80, 0x7f, 0x80, 0x7f, 0x80, 0x7f, 0x7f, 0x7f, 0x7f, 0x7f, 0x7f,
  0x7f, 0x7f, 0x7f, 0x7f, 0x7f, 0x7f, 0x7f, 0x80, 0x80, 0x80, 0x80, 0x80,
  0x7f, 0x80, 0x7f, 0x7f, 0x7f, 0x7f, 0x80, 0x7f, 0x80, 0x7f, 0x80, 0x7f,
  0x80, 0x80, 0x7f, 0x80, 0x80, 0x80, 0x7f, 0x80, 0x7f, 0x7f, 0x80, 0x7f,
  0x80, 0x80, 0x80, 0x80, 0x80, 0x7f, 0x80, 0x80, 0x80, 0x7f, 0x7f, 0x80,
  0x80, 0x7f, 0x80, 0x7f, 0x80, 0x7f, 0x80, 0x7f, 0x80, 0x80, 0x7f, 0x80,
  0x80, 0x80, 0x80, 0x80, 0x80, 0x80, 0x80, 0x80, 0x80, 0x80, 0x80, 0x7f,
  0x80, 0x80, 0x80, 0x80, 0x80, 0x7f, 0x80, 0x80, 0x80, 0x7f, 0x80, 0x7f,
  0x80, 0x7f, 0x80, 0x7f, 0x7f, 0x7f, 0x7f, 0x7f, 0x7f, 0x7f, 0x7f, 0x80,
  0x7f, 0x7f, 0x7f, 0x7f, 0x7f, 0x80, 0x7f, 0x80, 0x7f, 0x80, 0x7f, 0x80,
  0x80, 0x7f, 0x80, 0x80, 0x80, 0x7f, 0x80, 0x80, 0x7f, 0x80, 0x80, 0x7f,
  0x7f, 0x7f, 0x7f, 0x7f, 0x7f, 0x7f, 0x7f, 0x7f, 0x7f, 0x7f, 0x7f, 0x7f,
  0x7f, 0x80, 0x80, 0x80, 0x7f, 0x80, 0x7f, 0x7f, 0x7f, 0x80, 0x7f, 0x80,
  0x7f, 0x80, 0x7f, 0x80, 0x80, 0x7f, 0x80, 0x7f, 0x80, 0x80, 0x80, 0x80,
  0x7f, 0x80, 0x7f, 0x80, 0x7f, 0x80, 0x7f, 0x80, 0x80, 0x7f, 0x80, 0x80,
  0x80, 0x80, 0x80, 0x80, 0x80, 0x80, 0x80, 0x80, 0x7f, 0x80, 0x7f, 0x80,
  0x7f, 0x7f, 0x7f, 0x80, 0x80, 0x80, 0x80, 0x80, 0x80, 0x80, 0x80, 0x80,
  0x80, 0x80, 0x7f, 0x80, 0x80, 0x80, 0x80, 0x80, 0x80, 0x80, 0x80, 0x80,
  0x80, 0x7f, 0x80, 0x80, 0x80, 0x80, 0x80, 0x7f, 0x80, 0x7f, 0x80, 0x7f,
  0x7f, 0x7f, 0x80, 0x80, 0x7f, 0x7f, 0x80, 0x7f, 0x80, 0x7f, 0x7f, 0x7f,
  0x80, 0x7f, 0x80, 0x7f, 0x7f, 0x7f, 0x7f, 0x80, 0x80, 0x7f, 0x7f, 0x7f,
  0x80, 0x7f, 0x80, 0x7f, 0x80, 0x7f, 0x80, 0x80, 0x80, 0x80, 0x80, 0x7f,
  0x7f, 0x7f, 0x7f, 0x7f, 0x7f, 0x7f, 0x80, 0x7f, 0x80, 0x7f, 0x80, 0x7f,
  0x7f, 0x7f, 0x80, 0x7f, 0x80, 0x7f, 0x80, 0x7f, 0x80, 0x7f, 0x7f, 0x7f,
  0x7f, 0x7f, 0x80, 0x7f, 0x80, 0x7f, 0x80, 0x80, 0x7f, 0x80, 0x7f, 0x80,
  0x7f, 0x80, 0x80, 0x80, 0x80, 0x7f, 0x80, 0x80, 0x80, 0x7f, 0x80, 0x7f,
  0x80, 0x80, 0x7f, 0x7f, 0x7f, 0x7f, 0x7f, 0x7f, 0x7f, 0x80, 0x7f, 0x7f,
  0x80, 0x80, 0x80, 0x80, 0x80, 0x80, 0x7f, 0x80, 0x80, 0x80, 0x80, 0x7f,
  0x7f, 0x80, 0x7f, 0x7f, 0x7f, 0x7f, 0x80, 0x7f, 0x80, 0x80, 0x80, 0x7f,
  0x80, 0x80, 0x80, 0x80, 0x7f, 0x80, 0x80, 0x80, 0x7f, 0x80, 0x7f, 0x80,
  0x80, 0x80, 0x80, 0x80, 0x80, 0x7f, 0x80, 0x7f, 0x80, 0x7f, 0x7f, 0x7f,
  0x7f, 0x80, 0x7f, 0x7f, 0x7f, 0x7f, 0x80, 0x80, 0x80, 0x80, 0x7f, 0x80,
  0x80, 0x80, 0x80, 0x80, 0x7f, 0x80, 0x7f, 0x7f, 0x80, 0x80, 0x80, 0x80,
  0x80, 0x80, 0x7f, 0x80, 0x80, 0x80, 0x80, 0x80, 0x80, 0x7f, 0x80, 0x7f,
  0x80, 0x7f, 0x80, 0x7f, 0x80, 0x80, 0x80, 0x80, 0x80, 0x80, 0x7f, 0x80,
  0x7f, 0x80, 0x80, 0x7f, 0x7f, 0x7f, 0x7f, 0x7f, 0x80, 0x7f, 0x7f, 0x7f,
  0x7f, 0x80, 0x7f, 0x7f, 0x7f, 0x7f, 0x7f, 0x80, 0x7f, 0x80, 0x7f, 0x7f,
  0x80, 0x7f, 0x7f, 0x7f, 0x80, 0x7f, 0x80, 0x80, 0x7f, 0x80, 0x80, 0x80,
  0x7f, 0x80, 0x7f, 0x7f, 0x7f, 0x7f, 0x7f, 0x7f, 0x7f, 0x7f, 0x7f, 0x80,
  0x80, 0x80, 0x7f, 0x80, 0x80, 0x80, 0x80, 0x80, 0x80, 0x80, 0x80, 0x80,
  0x7f, 0x7f, 0x7f, 0x7f, 0x80, 0x80, 0x80, 0x7f, 0x80, 0x80, 0x7f, 0x80,
  0x7f, 0x80, 0x7f, 0x7f, 0x7f, 0x7f, 0x7f, 0x80, 0x7f, 0x80, 0x80, 0x80,
  0x80, 0x80, 0x80, 0x80, 0x7f, 0x80, 0x80, 0x80, 0x80, 0x7f, 0x80, 0x7f,
  0x7f, 0x7f, 0x80, 0x7f, 0x7f, 0x80, 0x80, 0x80, 0x80, 0x80, 0x80, 0x80,
  0x80, 0x7f, 0x80, 0x80, 0x80, 0x7f, 0x7f, 0x7f, 0x7f, 0x80, 0x80, 0x80,
  0x80, 0x80, 0x80, 0x80, 0x80, 0x80, 0x80, 0x80, 0x7f, 0x7f, 0x7f, 0x7f,
  0x7f, 0x7f, 0x7f, 0x7f, 0x80, 0x80, 0x80, 0x80, 0x80, 0x80, 0x7f, 0x80,
  0x7f, 0x80, 0x7f, 0x7f, 0x7f, 0x7f, 0x7f, 0x7f, 0x7f, 0x7f, 0x80, 0x80,
  0x80, 0x80, 0x80, 0x80, 0x80, 0x7f, 0x7f, 0x7f, 0x7f, 0x7f, 0x7f, 0x7f,
  0x7f, 0x7f, 0x7f, 0x7f, 0x7f, 0x7f, 0x7f, 0x7f, 0x7f, 0x7f, 0x7f, 0x7f,
  0x7f, 0x7f, 0x7f, 0x7f, 0x7f, 0x80, 0x80, 0x80, 0x80, 0x80, 0x80, 0x80,
  0x80, 0x80, 0x80, 0x80, 0x7f, 0x80, 0x7f, 0x7f, 0x7f, 0x7f, 0x7f, 0x7f,
  0x7f, 0x7f, 0x7f, 0x80, 0x80, 0x80, 0x80, 0x80, 0x80, 0x80, 0x80, 0x80,
  0x80, 0x80, 0x80, 0x7f, 0x80, 0x7f, 0x7f, 0x80, 0x80, 0x80, 0x80, 0x80,
  0x80, 0x80, 0x80, 0x80, 0x80, 0x80, 0x80, 0x7f, 0x7f, 0x7f, 0x7f, 0x7f,
  0x7f, 0x7f, 0x7f, 0x7f, 0x80, 0x80, 0x80, 0x80, 0x80, 0x7f, 0x7f, 0x80,
  0x7f, 0x80, 0x7f, 0x80, 0x80, 0x80, 0x80, 0x80, 0x80, 0x80, 0x80, 0x80,
  0x80, 0x80, 0x80, 0x80, 0x80, 0x80, 0x80, 0x7f, 0x7f, 0x80, 0x7f, 0x80,
  0x7f, 0x7f, 0x7f, 0x7f, 0x7f, 0x7f, 0x7f, 0x80, 0x7f, 0x7f, 0x7f, 0x80,
  0x7f, 0x7f, 0x80, 0x7f, 0x80, 0x80, 0x80, 0x80, 0x80, 0x7f, 0x7f, 0x7f,
  0x7f, 0x7f, 0x7f, 0x80, 0x7f, 0x7f, 0x7f, 0x7f, 0x7f, 0x7f, 0x7f, 0x80,
  0x7f, 0x7f, 0x7f, 0x7f, 0x7f, 0x7f, 0x7f, 0x7f, 0x80, 0x7f, 0x80, 0x80,
  0x80, 0x7f, 0x80, 0x80, 0x80, 0x7f, 0x80, 0x7f, 0x7f, 0x7f, 0x7f, 0x7f,
  0x7f, 0x7f, 0x7f, 0x7f, 0x80, 0x80, 0x80, 0x7f, 0x80, 0x80, 0x80, 0x80,
  0x80, 0x80, 0x80, 0x80, 0x80, 0x80, 0x80, 0x80, 0x80, 0x80, 0x80, 0x7f,
  0x7f, 0x7f, 0x7f, 0x7f, 0x7f, 0x7f, 0x7f, 0x7f, 0x7f, 0x7f, 0x7f, 0x80,
  0x80, 0x80, 0x80, 0x80, 0x80, 0x80, 0x80, 0x80, 0x80, 0x80, 0x80, 0x80,
  0x80, 0x80, 0x80, 0x7f, 0x7f, 0x7f, 0x7f, 0x80, 0x80, 0x7f, 0x7f, 0x7f,
  0x7f, 0x7f, 0x80, 0x7f, 0x80, 0x7f, 0x80, 0x80, 0x80, 0x80, 0x80, 0x80,
  0x80, 0x80, 0x80, 0x80, 0x80, 0x7f, 0x80, 0x7f, 0x7f, 0x7f, 0x7f, 0x7f,
  0x7f, 0x7f, 0x7f, 0x7f, 0x7f, 0x7f, 0x7f, 0x7f, 0x7f, 0x7f, 0x7f, 0x7f,
  0x7f, 0x7f, 0x7f, 0x80, 0x80, 0x7f, 0x80, 0x80, 0x80, 0x80, 0x80, 0x80,
  0x80, 0x80, 0x80, 0x80, 0x80, 0x80, 0x80, 0x80, 0x80, 0x80, 0x80, 0x7f,
  0x7f, 0x7f, 0x7f, 0x7f, 0x7f, 0x80, 0x80, 0x80, 0x80, 0x80, 0x80, 0x80,
  0x80, 0x80, 0x80, 0x80, 0x80, 0x80, 0x80, 0x80, 0x80, 0x80, 0x7f, 0x7f,
  0x7f, 0x7f, 0x7f, 0x7f, 0x7f, 0x7f, 0x7f, 0x7f, 0x7f, 0x7f, 0x7f, 0x80,
  0x80, 0x80, 0x80, 0x80, 0x80, 0x80, 0x80, 0x80, 0x80, 0x80, 0x80, 0x80,
  0x80, 0x80, 0x80, 0x7f, 0x80, 0x7f, 0x7f, 0x7f, 0x7f, 0x7f, 0x7f, 0x7f,
  0x7f, 0x7f, 0x7f, 0x7f, 0x7f, 0x7f, 0x7f, 0x80, 0x80, 0x80, 0x80, 0x80,
  0x80, 0x80, 0x80, 0x80, 0x80, 0x80, 0x80, 0x80, 0x80, 0x7f, 0x7f, 0x7f,
  0x7f, 0x7f, 0x7f, 0x7f, 0x7f, 0x7f, 0x7f, 0x7f, 0x7f, 0x7f, 0x80, 0x80,
  0x7f, 0x7f, 0x80, 0x80, 0x80, 0x80, 0x80, 0x80, 0x80, 0x80, 0x80, 0x80,
  0x80, 0x80, 0x7f, 0x7f, 0x7f, 0x7f, 0x7f, 0x7f, 0x7f, 0x7f, 0x7f, 0x7f,
  0x7f, 0x7f, 0x7f, 0x7f, 0x7f, 0x7f, 0x7f, 0x80, 0x80, 0x80, 0x80, 0x80,
  0x80, 0x80, 0x80, 0x80, 0x80, 0x80, 0x80, 0x80, 0x80, 0x7f, 0x7f, 0x7f,
  0x7f, 0x7f, 0x7f, 0x7f, 0x7f, 0x7f, 0x7f, 0x7f, 0x7f, 0x7f, 0x7f, 0x7f,
  0x7f, 0x80, 0x80, 0x80, 0x80, 0x80, 0x80, 0x80, 0x80, 0x80, 0x80, 0x80,
  0x80, 0x80, 0x80, 0x80, 0x7f, 0x7f, 0x7f, 0x7f, 0x7f, 0x7f, 0x7f, 0x7f,
  0x7f, 0x7f, 0x7f, 0x7f, 0x7f, 0x7f, 0x80, 0x80, 0x80, 0x80, 0x80, 0x80,
  0x80, 0x80, 0x80, 0x80, 0x80, 0x80, 0x80, 0x7f, 0x7f, 0x7f, 0x7f, 0x7f,
  0x7f, 0x7f, 0x7f, 0x7f, 0x7f, 0x7f, 0x7f, 0x7f, 0x7f, 0x7f, 0x7f, 0x80,
  0x80, 0x80, 0x80, 0x80, 0x80, 0x80, 0x80, 0x80, 0x80, 0x80, 0x80, 0x80,
  0x80, 0x80, 0x80, 0x80, 0x7f, 0x7f, 0x7f, 0x7f, 0x7f, 0x7f, 0x7f, 0x7f,
  0x7f, 0x7f, 0x7f, 0x7f, 0x7f, 0x7f, 0x80, 0x80, 0x80, 0x80, 0x80, 0x80,
  0x80, 0x80, 0x80, 0x80, 0x80, 0x80, 0x80, 0x80, 0x80, 0x7f, 0x7f, 0x7f,
  0x7f, 0x7f, 0x7f, 0x7f, 0x7f, 0x7f, 0x7f, 0x7f, 0x7f, 0x7f, 0x7f, 0x7f,
  0x80, 0x80, 0x80, 0x80, 0x80, 0x80, 0x80, 0x80, 0x80, 0x80, 0x80, 0x80,
  0x80, 0x80, 0x80, 0x80, 0x7f, 0x7f, 0x7f, 0x7f, 0x7f, 0x7f, 0x7f, 0x7f,
  0x7f, 0x7f, 0x7f, 0x7f, 0x7f, 0x7f, 0x80, 0x80, 0x80, 0x80, 0x80, 0x80,
  0x80, 0x80, 0x80, 0x80, 0x80, 0x80, 0x80, 0x80, 0x7f, 0x7f, 0x7f, 0x7f,
  0x7f, 0x7f, 0x7f, 0x7f, 0x7f, 0x7f, 0x80, 0x80, 0x80, 0x80, 0x80, 0x80,
  0x80, 0x80, 0x80, 0x80, 0x80, 0x80, 0x80, 0x80, 0x80, 0x80, 0x80, 0x80,
  0x80, 0x7f, 0x7f, 0x7f, 0x7f, 0x7f, 0x7f, 0x7f, 0x7f, 0x7f, 0x7f, 0x80,
  0x80, 0x80, 0x80, 0x80, 0x80, 0x80, 0x80, 0x80, 0x80, 0x80, 0x80, 0x80,
  0x80, 0x80, 0x80, 0x80, 0x80, 0x80, 0x7f, 0x7f, 0x7f, 0x7f, 0x7f, 0x7f,
  0x7f, 0x7f, 0x7f, 0x7f, 0x7f, 0x7f, 0x7f, 0x7f, 0x7f, 0x7f, 0x7f, 0x7f,
  0x7f, 0x80, 0x80, 0x80, 0x80, 0x80, 0x80, 0x80, 0x80, 0x80, 0x80, 0x7f,
  0x7f, 0x7f, 0x7f, 0x7f, 0x7f, 0x7f, 0x7f, 0x7f, 0x7f, 0x7f, 0x7f, 0x7f,
  0x7f, 0x7f, 0x7f, 0x7f, 0x7f, 0x7f, 0x7f, 0x80, 0x80, 0x80, 0x80, 0x80,
  0x80, 0x80, 0x80, 0x7f, 0x7f, 0x7f, 0x7f, 0x7f, 0x7f, 0x7f, 0x7f, 0x7f,
  0x7f, 0x7f, 0x7f, 0x7f, 0x7f, 0x7f, 0x7f, 0x7f, 0x7f, 0x80, 0x80, 0x80,
  0x80, 0x80, 0x80, 0x80, 0x80, 0x80, 0x80, 0x80, 0x80, 0x80, 0x80, 0x80,
  0x80, 0x80, 0x80, 0x80, 0x80, 0x7f, 0x80, 0x7f, 0x7f, 0x7f, 0x7f, 0x7f,
  0x7f, 0x80, 0x80, 0x80, 0x80, 0x80, 0x80, 0x80, 0x80, 0x80, 0x80, 0x80,
  0x80, 0x80, 0x80, 0x80, 0x80, 0x80, 0x80, 0x80, 0x80, 0x80, 0x80, 0x80,
  0x80, 0x80, 0x80, 0x80, 0x80, 0x80, 0x80, 0x80, 0x80, 0x80, 0x80, 0x80,
  0x80, 0x80, 0x80, 0x80, 0x80, 0x80, 0x80, 0x7f, 0x7f, 0x7f, 0x7f, 0x7f,
  0x7f, 0x7f, 0x7f, 0x7f, 0x7f, 0x7f, 0x7f, 0x7f, 0x7f, 0x7f, 0x7f, 0x7f,
  0x7f, 0x7f, 0x7f, 0x7f, 0x80, 0x7f, 0x80, 0x80, 0x80, 0x80, 0x80, 0x80,
  0x80, 0x80, 0x80, 0x80, 0x80, 0x80, 0x7f, 0x7f, 0x7f, 0x7f, 0x7f, 0x7f,
  0x7f, 0x7f, 0x7f, 0x7f, 0x7f, 0x7f, 0x80, 0x80, 0x80, 0x80, 0x80, 0x80,
  0x80, 0x80, 0x80, 0x80, 0x80, 0x80, 0x80, 0x80, 0x80, 0x80, 0x7f, 0x7f,
  0x7f, 0x7f, 0x7f, 0x7f, 0x7f, 0x7f, 0x7f, 0x7f, 0x7f, 0x7f, 0x7f, 0x7f,
  0x7f, 0x7f, 0x7f, 0x7f, 0x7f, 0x7f, 0x7f, 0x80, 0x80, 0x80, 0x80, 0x80,
  0x80, 0x80, 0x80, 0x80, 0x80, 0x80, 0x80, 0x80, 0x80, 0x80, 0x80, 0x7f,
  0x7f, 0x7f, 0x80, 0x80, 0x80, 0x80, 0x80, 0x80, 0x80, 0x80, 0x80, 0x80,
  0x80, 0x80, 0x80, 0x7f, 0x80, 0x80, 0x7f, 0x80, 0x7f, 0x7f, 0x7f, 0x7f,
  0x7f, 0x7f, 0x80, 0x7f, 0x7f, 0x80, 0x80, 0x80, 0x80, 0x80, 0x7f, 0x7f,
  0x7f, 0x7f, 0x7f, 0x7f, 0x7f, 0x7f, 0x7f, 0x7f, 0x80, 0x7f, 0x7f, 0x7f,
  0x7f, 0x80, 0x7f, 0x7f, 0x7f, 0x7f, 0x7f, 0x7f, 0x7f, 0x7f, 0x7f, 0x7f,
  0x7f, 0x80, 0x80, 0x80, 0x80, 0x80, 0x80, 0x80, 0x80, 0x80, 0x80, 0x80,
  0x80, 0x80, 0x80, 0x7f, 0x7f, 0x7f, 0x7f, 0x7f, 0x7f, 0x7f, 0x80, 0x80,
  0x80, 0x80, 0x80, 0x80, 0x80, 0x80, 0x80, 0x80, 0x80, 0x80, 0x80, 0x80,
  0x80, 0x80, 0x80, 0x7f, 0x7f, 0x80, 0x80, 0x80, 0x80, 0x80, 0x80, 0x80,
  0x80, 0x7f, 0x7f, 0x7f, 0x7f, 0x7f, 0x7f, 0x7f, 0x7f, 0x80, 0x80, 0x80,
  0x80, 0x7f, 0x7f, 0x80, 0x80, 0x80, 0x80, 0x80, 0x80, 0x80, 0x80, 0x80,
  0x80, 0x80, 0x80, 0x80, 0x80, 0x80, 0x80, 0x7f, 0x7f, 0x7f, 0x80, 0x7f,
  0x7f, 0x7f, 0x7f, 0x7f, 0x80, 0x7f, 0x7f, 0x7f, 0x7f, 0x80, 0x80, 0x80,
  0x80, 0x80, 0x7f, 0x80, 0x80, 0x80, 0x80, 0x80, 0x80, 0x80, 0x80, 0x80,
  0x80, 0x7f, 0x7f, 0x7f, 0x7f, 0x7f, 0x7f, 0x7f, 0x7f, 0x7f, 0x7f, 0x7f,
  0x7f, 0x7f, 0x7f, 0x7f, 0x7f, 0x7f, 0x7f, 0x7f, 0x7f, 0x7f, 0x80, 0x80,
  0x80, 0x7f, 0x80, 0x80, 0x80, 0x80, 0x7f, 0x7f, 0x7f, 0x7f, 0x7f, 0x7f,
  0x7f, 0x7f, 0x80, 0x80, 0x80, 0x7f, 0x80, 0x7f, 0x7f, 0x7f, 0x7f, 0x7f,
  0x7f, 0x7f, 0x7f, 0x80, 0x80, 0x80, 0x80, 0x80, 0x80, 0x80, 0x80, 0x80,
  0x80, 0x80, 0x80, 0x80, 0x80, 0x80, 0x80, 0x80, 0x80, 0x80, 0x80, 0x80,
  0x7f, 0x80, 0x80, 0x80, 0x80, 0x80, 0x80, 0x7f, 0x7f, 0x80, 0x80, 0x80,
  0x80, 0x80, 0x80, 0x80, 0x7f, 0x7f, 0x7f, 0x7f, 0x7f, 0x7f, 0x7f, 0x7f,
  0x7f, 0x7f, 0x80, 0x80, 0x80, 0x80, 0x80, 0x80, 0x7f, 0x7f, 0x7f, 0x7f,
  0x7f, 0x7f, 0x7f, 0x80, 0x80, 0x80, 0x80, 0x80, 0x80, 0x80, 0x80, 0x80,
  0x80, 0x80, 0x80, 0x80, 0x80, 0x7f, 0x7f, 0x7f, 0x7f, 0x80, 0x7f, 0x80,
  0x80, 0x80, 0x80, 0x80, 0x7f, 0x7f, 0x7f, 0x7f, 0x80, 0x80, 0x80, 0x80,
  0x80, 0x80, 0x80, 0x80, 0x80, 0x80, 0x7f, 0x7f, 0x7f, 0x7f, 0x7f, 0x7f,
  0x7f, 0x7f, 0x7f, 0x7f, 0x7f, 0x7f, 0x7f, 0x7f, 0x7f, 0x7f, 0x7f, 0x7f,
  0x7f, 0x7f, 0x80, 0x80, 0x80, 0x80, 0x80, 0x80, 0x80, 0x80, 0x80, 0x80,
  0x80, 0x80, 0x7f, 0x7f, 0x7f, 0x7f, 0x7f, 0x7f, 0x80, 0x80, 0x80, 0x7f,
  0x7f, 0x7f, 0x80, 0x7f, 0x7f, 0x7f, 0x7f, 0x7f, 0x7f, 0x80, 0x80, 0x80,
  0x80, 0x80, 0x80, 0x80, 0x80, 0x80, 0x80, 0x80, 0x80, 0x80, 0x7f, 0x7f,
  0x7f, 0x7f, 0x7f, 0x7f, 0x7f, 0x7f, 0x7f, 0x7f, 0x7f, 0x80, 0x80, 0x80,
  0x80, 0x80, 0x80, 0x80, 0x80, 0x80, 0x80, 0x80, 0x80, 0x80, 0x80, 0x80,
  0x80, 0x80, 0x80, 0x80, 0x80, 0x80, 0x80, 0x7f, 0x7f, 0x7f, 0x7f, 0x7f,
  0x7f, 0x7f, 0x7f, 0x7f, 0x7f, 0x7f, 0x80, 0x80, 0x80, 0x80, 0x80, 0x80,
  0x80, 0x80, 0x80, 0x80, 0x80, 0x80, 0x80, 0x80, 0x80, 0x80, 0x7f, 0x7f,
  0x7f, 0x7f, 0x7f, 0x7f, 0x7f, 0x7f, 0x80, 0x80, 0x80, 0x80, 0x80, 0x80,
  0x80, 0x80, 0x80, 0x80, 0x80, 0x80, 0x80, 0x80, 0x80, 0x80, 0x80, 0x80,
  0x80, 0x80, 0x80, 0x80, 0x7f, 0x7f, 0x7f, 0x7f, 0x7f, 0x7f, 0x7f, 0x7f,
  0x7f, 0x7f, 0x7f, 0x7f, 0x7f, 0x80, 0x80, 0x80, 0x80, 0x7f, 0x7f, 0x7f,
  0x7f, 0x7f, 0x7f, 0x7f, 0x7f, 0x7f, 0x7f, 0x7f, 0x7f, 0x7f, 0x7f, 0x7f,
  0x7f, 0x7f, 0x7f, 0x7f, 0x7f, 0x7f, 0x7f, 0x7f, 0x7f, 0x7f, 0x7f, 0x7f,
  0x7f, 0x7f, 0x7f, 0x80, 0x80, 0x80, 0x80, 0x80, 0x80, 0x80, 0x80, 0x80,
  0x7f, 0x7f, 0x7f, 0x7f, 0x7f, 0x7f, 0x7f, 0x7f, 0x7f, 0x7f, 0x7f, 0x7f,
  0x7f, 0x7f, 0x7f, 0x80, 0x80, 0x80, 0x80, 0x80, 0x80, 0x80, 0x80, 0x80,
  0x80, 0x80, 0x80, 0x80, 0x80, 0x80, 0x80, 0x80, 0x7f, 0x7f, 0x7f, 0x7f,
  0x7f, 0x80, 0x80, 0x80, 0x80, 0x7f, 0x7f, 0x7f, 0x7f, 0x7f, 0x7f, 0x7f,
  0x80, 0x80, 0x80, 0x80, 0x80, 0x80, 0x80, 0x80, 0x80, 0x80, 0x80, 0x80,
  0x80, 0x80, 0x80, 0x80, 0x80, 0x7f, 0x7f, 0x7f, 0x7f, 0x7f, 0x7f, 0x7f,
  0x7f, 0x7f, 0x7f, 0x7f, 0x7f, 0x7f, 0x7f, 0x80, 0x80, 0x80, 0x80, 0x7f,
  0x7f, 0x7f, 0x7f, 0x7f, 0x7f, 0x7f, 0x7f, 0x7f, 0x7f, 0x7f, 0x7f, 0x80,
  0x80, 0x7f, 0x7f, 0x7f, 0x80, 0x80, 0x80, 0x80, 0x7f, 0x80, 0x80, 0x80,
  0x80, 0x80, 0x80, 0x80, 0x80, 0x80, 0x80, 0x80, 0x80, 0x80, 0x80, 0x80,
  0x80, 0x80, 0x80, 0x80, 0x7f, 0x7f, 0x7f, 0x80, 0x80, 0x7f, 0x7f, 0x7f,
  0x7f, 0x7f, 0x7f, 0x7f, 0x7f, 0x7f, 0x7f, 0x7f, 0x7f, 0x7f, 0x7f, 0x7f,
  0x7f, 0x7f, 0x7f, 0x7f, 0x7f, 0x7f, 0x7f, 0x7f, 0x7f, 0x7f, 0x7f, 0x7f,
  0x7f, 0x7f, 0x7f, 0x7f, 0x7f, 0x7f, 0x7f, 0x7f, 0x80, 0x80, 0x80, 0x80,
  0x80, 0x80, 0x80, 0x80, 0x80, 0x80, 0x80, 0x80, 0x80, 0x80, 0x7f, 0x7f,
  0x7f, 0x7f, 0x7f, 0x80, 0x80, 0x80, 0x80, 0x80, 0x80, 0x80, 0x7f, 0x7f,
  0x7f, 0x7f, 0x80, 0x80, 0x80, 0x80, 0x80, 0x80, 0x80, 0x80, 0x7f, 0x7f,
  0x7f, 0x7f, 0x7f, 0x7f, 0x7f, 0x7f, 0x7f, 0x7f, 0x7f, 0x7f, 0x7f, 0x7f,
  0x7f, 0x7f, 0x7f, 0x7f, 0x7f, 0x7f, 0x7f, 0x7f, 0x7f, 0x80, 0x80, 0x80,
  0x80, 0x80, 0x7f, 0x7f, 0x7f, 0x7f, 0x7f, 0x7f, 0x7f, 0x7f, 0x7f, 0x7f,
  0x7f, 0x7f, 0x7f, 0x7f, 0x7f, 0x7f, 0x7f, 0x7f, 0x7f, 0x7f, 0x7f, 0x80,
  0x80, 0x80, 0x80, 0x80, 0x80, 0x80, 0x80, 0x80, 0x80, 0x80, 0x80, 0x80,
  0x80, 0x80, 0x7f, 0x80, 0x80, 0x80, 0x80, 0x80, 0x80, 0x80, 0x7f, 0x7f,
  0x7f, 0x7f, 0x7f, 0x7f, 0x80, 0x7f, 0x80, 0x80, 0x80, 0x80, 0x80, 0x80,
  0x80, 0x80, 0x80, 0x80, 0x80, 0x80, 0x80, 0x80, 0x80, 0x80, 0x80, 0x80,
  0x80, 0x80, 0x80, 0x80, 0x80, 0x80, 0x7f, 0x7f, 0x7f, 0x7f, 0x7f, 0x7f,
  0x7f, 0x7f, 0x80, 0x80, 0x80, 0x80, 0x7f, 0x7f, 0x7f, 0x7f, 0x7f, 0x7f,
  0x7f, 0x7f, 0x7f, 0x80, 0x80, 0x80, 0x80, 0x80, 0x80, 0x80, 0x7f, 0x7f,
  0x7f, 0x7f, 0x7f, 0x7f, 0x80, 0x80, 0x80, 0x80, 0x80, 0x80, 0x80, 0x80,
  0x80, 0x80, 0x7f, 0x7f, 0x7f, 0x7f, 0x7f, 0x7f, 0x7f, 0x7f, 0x7f, 0x7f,
  0x7f, 0x7f, 0x7f, 0x7f, 0x7f, 0x7f, 0x7f, 0x7f, 0x7f, 0x80, 0x80, 0x80,
  0x80, 0x80, 0x80, 0x80, 0x80, 0x80, 0x80, 0x7f, 0x7f, 0x7f, 0x7f, 0x7f,
  0x80, 0x80, 0x80, 0x80, 0x80, 0x80, 0x80, 0x80, 0x7f, 0x7f, 0x7f, 0x7f,
  0x7f, 0x7f, 0x7f, 0x80, 0x80, 0x80, 0x80, 0x80, 0x80, 0x80, 0x80, 0x80,
  0x7f, 0x7f, 0x7f, 0x7f, 0x7f, 0x7f, 0x7f, 0x7f, 0x7f, 0x7f, 0x7f, 0x7f,
  0x7f, 0x7f, 0x7f, 0x7f, 0x7f, 0x7f, 0x7f, 0x80, 0x80, 0x80, 0x80, 0x80,
  0x80, 0x80, 0x80, 0x80, 0x80, 0x80, 0x7f, 0x7f, 0x7f, 0x7f, 0x7f, 0x7f,
  0x7f, 0x7f, 0x7f, 0x7f, 0x7f, 0x7f, 0x7f, 0x7f, 0x7f, 0x7f, 0x7f, 0x7f,
  0x80, 0x80, 0x80, 0x80, 0x81, 0x81, 0x81, 0x81, 0x81, 0x80, 0x80, 0x80,
  0x80, 0x7f, 0x7f, 0x7f, 0x7f, 0x7f, 0x80, 0x7f, 0x7f, 0x7f, 0x7f, 0x7f,
  0x7f, 0x7f, 0x7f, 0x7f, 0x7f, 0x7f, 0x7f, 0x7f, 0x80, 0x80, 0x80, 0x80,
  0x80, 0x80, 0x80, 0x80, 0x80, 0x7f, 0x7f, 0x7f, 0x7f, 0x7f, 0x7f, 0x7f,
  0x7f, 0x7f, 0x7f, 0x7f, 0x7f, 0x7f, 0x7f, 0x7f, 0x80, 0x80, 0x7f, 0x80,
  0x80, 0x80, 0x80, 0x80, 0x80, 0x80, 0x80, 0x80, 0x80, 0x80, 0x81, 0x81,
  0x81, 0x81, 0x81, 0x81, 0x80, 0x80, 0x7f, 0x7f, 0x7f, 0x7f, 0x7f, 0x7f,
  0x7f, 0x7f, 0x7f, 0x7f, 0x7e, 0x7e, 0x7e, 0x7e, 0x7f, 0x7f, 0x80, 0x80,
  0x80, 0x80, 0x80, 0x80, 0x80, 0x80, 0x80, 0x7f, 0x80, 0x80, 0x80, 0x80,
  0x80, 0x80, 0x80, 0x80, 0x80, 0x80, 0x80, 0x80, 0x80, 0x80, 0x7f, 0x7f,
  0x7f, 0x7f, 0x7e, 0x7e, 0x7f, 0x7f, 0x7e, 0x7f, 0x7f, 0x80, 0x7f, 0x7f,
  0x80, 0x80, 0x80, 0x80, 0x81, 0x81, 0x81, 0x81, 0x80, 0x80, 0x80, 0x80,
  0x81, 0x80, 0x80, 0x80, 0x80, 0x80, 0x7f, 0x80, 0x7f, 0x7f, 0x7e, 0x7e,
  0x7f, 0x7f, 0x7f, 0x7f, 0x7f, 0x7f, 0x7f, 0x7f, 0x7f, 0x7f, 0x80, 0x80,
  0x80, 0x80, 0x80, 0x80, 0x81, 0x81, 0x81, 0x81, 0x81, 0x81, 0x81, 0x80,
  0x80, 0x80, 0x7f, 0x7f, 0x7e, 0x7e, 0x7d, 0x7e, 0x7e, 0x7e, 0x7e, 0x7e,
  0x7f, 0x7e, 0x7e, 0x7f, 0x7e, 0x7e, 0x7f, 0x7f, 0x80, 0x80, 0x80, 0x80,
  0x80, 0x81, 0x80, 0x80, 0x80, 0x80, 0x80, 0x80, 0x80, 0x80, 0x80, 0x80,
  0x80, 0x80, 0x80, 0x80, 0x80, 0x80, 0x7f, 0x7f, 0x7f, 0x7e, 0x7e, 0x7e,
  0x7f, 0x7f, 0x7f, 0x7f, 0x7f, 0x80, 0x80, 0x80, 0x80, 0x80, 0x7f, 0x7f,
  0x80, 0x80, 0x81, 0x81, 0x81, 0x81, 0x81, 0x81, 0x81, 0x81, 0x81, 0x80,
  0x80, 0x80, 0x80, 0x80, 0x80, 0x7f, 0x7f, 0x7e, 0x7e, 0x7e, 0x7e, 0x7e,
  0x7e, 0x7e, 0x7d, 0x7d, 0x7d, 0x7d, 0x7d, 0x7d, 0x7e, 0x7d, 0x7e, 0x7e,
  0x7f, 0x7f, 0x80, 0x80, 0x81, 0x81, 0x81, 0x82, 0x82, 0x82, 0x83, 0x83,
  0x83, 0x83, 0x82, 0x83, 0x83, 0x82, 0x82, 0x82, 0x81, 0x81, 0x80, 0x7f,
  0x7f, 0x7f, 0x7e, 0x7e, 0x7d, 0x7d, 0x7d, 0x7d, 0x7c, 0x7c, 0x7c, 0x7c,
  0x7c, 0x7c, 0x7c, 0x7d, 0x7d, 0x7e, 0x7e, 0x7f, 0x7f, 0x80, 0x80, 0x81,
  0x82, 0x82, 0x81, 0x82, 0x83, 0x83, 0x82, 0x82, 0x83, 0x84, 0x83, 0x84,
  0x84, 0x84, 0x83, 0x83, 0x83, 0x81, 0x7f, 0x7e, 0x7e, 0x7d, 0x7c, 0x7c,
  0x7d, 0x7c, 0x7b, 0x7b, 0x7b, 0x7b, 0x7a, 0x7a, 0x7a, 0x7a, 0x7b, 0x7c,
  0x7d, 0x7d, 0x7e, 0x7e, 0x7e, 0x7e, 0x7f, 0x80, 0x81, 0x82, 0x83, 0x84,
  0x84, 0x85, 0x85, 0x85, 0x85, 0x85, 0x86, 0x86, 0x87, 0x87, 0x87, 0x87,
  0x86, 0x84, 0x83, 0x82, 0x7f, 0x7c, 0x7b, 0x7d, 0x7d, 0x7c, 0x7b, 0x7c,
  0x7c, 0x7b, 0x7a, 0x79, 0x78, 0x79, 0x78, 0x79, 0x79, 0x7a, 0x7c, 0x7c,
  0x7c, 0x7d, 0x7c, 0x7d, 0x7d, 0x7d, 0x80, 0x82, 0x83, 0x84, 0x85, 0x86,
  0x86, 0x84, 0x85, 0x85, 0x86, 0x86, 0x86, 0x87, 0x89, 0x88, 0x87, 0x86,
  0x84, 0x83, 0x7e, 0x7a, 0x7b, 0x7d, 0x7c, 0x7b, 0x7b, 0x7d, 0x7d, 0x7a,
  0x79, 0x78, 0x77, 0x78, 0x78, 0x76, 0x76, 0x79, 0x7b, 0x7c, 0x7b, 0x7c,
  0x7e, 0x7d, 0x7b, 0x7b, 0x7e, 0x82, 0x84, 0x85, 0x88, 0x8a, 0x89, 0x88,
  0x87, 0x88, 0x88, 0x88, 0x88, 0x89, 0x8b, 0x8b, 0x89, 0x88, 0x86, 0x85,
  0x80, 0x79, 0x78, 0x7a, 0x79, 0x79, 0x78, 0x79, 0x7b, 0x77, 0x76, 0x74,
  0x73, 0x73, 0x75, 0x75, 0x74, 0x76, 0x79, 0x7c, 0x7e, 0x7c, 0x7e, 0x7f,
  0x7e, 0x7c, 0x7e, 0x81, 0x83, 0x85, 0x87, 0x89, 0x8a, 0x88, 0x87, 0x88,
  0x88, 0x88, 0x88, 0x89, 0x8b, 0x8c, 0x8b, 0x8a, 0x89, 0x86, 0x83, 0x7c,
  0x78, 0x7b, 0x7a, 0x7a, 0x7a, 0x7a, 0x7e, 0x7b, 0x78, 0x78, 0x75, 0x75,
  0x75, 0x75, 0x74, 0x75, 0x77, 0x78, 0x7b, 0x7b, 0x7a, 0x7c, 0x7c, 0x7a,
  0x7a, 0x7d, 0x80, 0x83, 0x86, 0x88, 0x8b, 0x8c, 0x8b, 0x8d, 0x8d, 0x8d,
  0x8e, 0x8f, 0x90, 0x91, 0x90, 0x8d, 0x8d, 0x8a, 0x85, 0x7c, 0x78, 0x7c,
  0x78, 0x78, 0x76, 0x77, 0x7c, 0x77, 0x74, 0x75, 0x72, 0x73, 0x73, 0x71,
  0x70, 0x73, 0x75, 0x74, 0x78, 0x79, 0x7a, 0x7c, 0x7a, 0x78, 0x7a, 0x7b,
  0x7d, 0x80, 0x84, 0x88, 0x8b, 0x8a, 0x8b, 0x8e, 0x8e, 0x8e, 0x8f, 0x91,
  0x94, 0x95, 0x92, 0x90, 0x90, 0x8c, 0x89, 0x7e, 0x7d, 0x80, 0x79, 0x7a,
  0x76, 0x78, 0x7c, 0x74, 0x73, 0x72, 0x6f, 0x70, 0x6f, 0x6c, 0x6b, 0x70,
  0x71, 0x71, 0x76, 0x76, 0x7a, 0x7c, 0x79, 0x7b, 0x7d, 0x7f, 0x81, 0x84,
  0x86, 0x8b, 0x8d, 0x8b, 0x8e, 0x8f, 0x8e, 0x8e, 0x8e, 0x90, 0x93, 0x93,
  0x90, 0x90, 0x8f, 0x8b, 0x86, 0x7b, 0x7d, 0x7e, 0x78, 0x7a, 0x76, 0x7a,
  0x7d, 0x75, 0x74, 0x72, 0x71, 0x71, 0x6f, 0x6b, 0x6a, 0x6f, 0x6e, 0x6e,
  0x72, 0x71, 0x77, 0x79, 0x76, 0x7a, 0x7d, 0x7f, 0x82, 0x86, 0x89, 0x8f,
  0x91, 0x90, 0x95, 0x96, 0x95, 0x94, 0x93, 0x95, 0x98, 0x95, 0x91, 0x92,
  0x8d, 0x89, 0x81, 0x76, 0x7b, 0x78, 0x73, 0x75, 0x71, 0x77, 0x77, 0x70,
  0x72, 0x71, 0x72, 0x74, 0x73, 0x6f, 0x70, 0x74, 0x71, 0x72, 0x73, 0x73,
  0x79, 0x78, 0x75, 0x79, 0x7a, 0x7c, 0x7f, 0x81, 0x86, 0x8b, 0x8b, 0x8c,
  0x91, 0x91, 0x91, 0x92, 0x93, 0x98, 0x9b, 0x9a, 0x98, 0x98, 0x94, 0x8f,
  0x84, 0x7b, 0x7e, 0x78, 0x74, 0x72, 0x6f, 0x76, 0x71, 0x6d, 0x6e, 0x6c,
  0x6e, 0x70, 0x6e, 0x6b, 0x6d, 0x71, 0x70, 0x74, 0x75, 0x76, 0x7e, 0x7c,
  0x7c, 0x80, 0x7f, 0x80, 0x83, 0x84, 0x88, 0x8c, 0x8a, 0x8d, 0x90, 0x90,
  0x92, 0x91, 0x92, 0x96, 0x97, 0x95, 0x95, 0x96, 0x94, 0x8f, 0x84, 0x7e,
  0x81, 0x7b, 0x78, 0x75, 0x71, 0x77, 0x71, 0x6d, 0x6f, 0x6c, 0x6d, 0x6e,
  0x6d, 0x6b, 0x6c, 0x6e, 0x6d, 0x70, 0x70, 0x71, 0x78, 0x78, 0x78, 0x7d,
  0x80, 0x84, 0x87, 0x89, 0x8d, 0x91, 0x8f, 0x90, 0x93, 0x92, 0x93, 0x93,
  0x92, 0x94, 0x95, 0x94, 0x93, 0x94, 0x91, 0x8c, 0x84, 0x7e, 0x80, 0x7c,
  0x78, 0x77, 0x74, 0x77, 0x73, 0x6f, 0x6f, 0x6d, 0x6e, 0x6f, 0x6f, 0x6d,
  0x6e, 0x6f, 0x70, 0x71, 0x71, 0x71, 0x76, 0x79, 0x78, 0x79, 0x7c, 0x7e,
  0x80, 0x82, 0x84, 0x88, 0x8a, 0x8c, 0x90, 0x92, 0x94, 0x95, 0x96, 0x97,
  0x98, 0x98, 0x95, 0x94, 0x90, 0x8c, 0x88, 0x81, 0x81, 0x7f, 0x7b, 0x79,
  0x75, 0x75, 0x73, 0x6e, 0x6d, 0x6b, 0x6b, 0x6c, 0x6d, 0x6d, 0x6c, 0x6f,
  0x71, 0x73, 0x76, 0x75, 0x78, 0x7b, 0x7b, 0x7c, 0x7e, 0x80, 0x83, 0x84,
  0x83, 0x85, 0x87, 0x88, 0x8a, 0x8d, 0x8f, 0x92, 0x94, 0x96, 0x99, 0x9a,
  0x99, 0x99, 0x96, 0x91, 0x8b, 0x86, 0x84, 0x7f, 0x7b, 0x77, 0x74, 0x73,
  0x6f, 0x6b, 0x6a, 0x68, 0x69, 0x69, 0x69, 0x69, 0x6a, 0x6c, 0x6e, 0x70,
  0x72, 0x74, 0x79, 0x7b, 0x7b, 0x7e, 0x81, 0x84, 0x86, 0x87, 0x88, 0x8a,
  0x8c, 0x8d, 0x8f, 0x90, 0x91, 0x93, 0x95, 0x95, 0x97, 0x97, 0x95, 0x95,
  0x92, 0x8f, 0x89, 0x86, 0x85, 0x80, 0x7d, 0x78, 0x75, 0x73, 0x6d, 0x6b,
  0x69, 0x68, 0x69, 0x6a, 0x6a, 0x6b, 0x6d, 0x6f, 0x70, 0x72, 0x72, 0x75,
  0x78, 0x7a, 0x7b, 0x7d, 0x7f, 0x83, 0x85, 0x86, 0x88, 0x8b, 0x8c, 0x8e,
  0x8f, 0x91, 0x94, 0x95, 0x97, 0x98, 0x98, 0x98, 0x96, 0x95, 0x91, 0x8d,
  0x88, 0x85, 0x82, 0x7d, 0x79, 0x74, 0x72, 0x6f, 0x6a, 0x68, 0x67, 0x66,
  0x68, 0x69, 0x69, 0x6b, 0x6d, 0x6f, 0x72, 0x74, 0x74, 0x77, 0x7a, 0x7b,
  0x7d, 0x7f, 0x81, 0x84, 0x85, 0x86, 0x88, 0x8a, 0x8c, 0x8f, 0x8f, 0x92,
  0x94, 0x95, 0x96, 0x97, 0x98, 0x97, 0x97, 0x95, 0x92, 0x8e, 0x89, 0x87,
  0x84, 0x7f, 0x7c, 0x76, 0x74, 0x70, 0x6a, 0x68, 0x66, 0x64, 0x65, 0x65,
  0x65, 0x67, 0x6a, 0x6b, 0x6f, 0x71, 0x72, 0x76, 0x79, 0x7b, 0x7c, 0x7e,
  0x80, 0x83, 0x84, 0x85, 0x87, 0x89, 0x8c, 0x8e, 0x90, 0x93, 0x95, 0x98,
  0x9a, 0x9b, 0x9c, 0x9b, 0x9a, 0x97, 0x93, 0x8d, 0x89, 0x86, 0x81, 0x7d,
  0x78, 0x73, 0x72, 0x6d, 0x69, 0x68, 0x65, 0x65, 0x66, 0x67, 0x68, 0x6a,
  0x6c, 0x6e, 0x72, 0x73, 0x74, 0x78, 0x7b, 0x7e, 0x80, 0x82, 0x85, 0x87,
  0x89, 0x8a, 0x8b, 0x8c, 0x8e, 0x8f, 0x90, 0x91, 0x92, 0x94, 0x95, 0x96,
  0x97, 0x97, 0x96, 0x95, 0x91, 0x8c, 0x89, 0x86, 0x82, 0x7d, 0x78, 0x73,
  0x71, 0x6b, 0x67, 0x64, 0x62, 0x62, 0x63, 0x65, 0x66, 0x69, 0x6c, 0x6e,
  0x71, 0x73, 0x75, 0x79, 0x7b, 0x7d, 0x7e, 0x80, 0x82, 0x85, 0x87, 0x89,
  0x8c, 0x8d, 0x8f, 0x91, 0x92, 0x93, 0x95, 0x96, 0x98, 0x98, 0x97, 0x96,
  0x96, 0x94, 0x91, 0x8c, 0x87, 0x85, 0x82, 0x7d, 0x79, 0x74, 0x71, 0x6e,
  0x69, 0x65, 0x63, 0x62, 0x63, 0x64, 0x64, 0x65, 0x68, 0x6b, 0x6e, 0x71,
  0x74, 0x77, 0x7b, 0x7e, 0x80, 0x83, 0x86, 0x88, 0x8a, 0x8b, 0x8d, 0x8f,
  0x90, 0x91, 0x94, 0x94, 0x95, 0x97, 0x98, 0x99, 0x9a, 0x98, 0x97, 0x96,
  0x93, 0x8f, 0x89, 0x84, 0x82, 0x7e, 0x79, 0x74, 0x70, 0x6d, 0x69, 0x65,
  0x63, 0x62, 0x62, 0x63, 0x65, 0x65, 0x68, 0x6b, 0x6e, 0x71, 0x73, 0x76,
  0x7a, 0x7d, 0x7e, 0x80, 0x84, 0x86, 0x89, 0x8a, 0x8b, 0x8e, 0x90, 0x92,
  0x94, 0x96, 0x97, 0x98, 0x99, 0x99, 0x9a, 0x99, 0x97, 0x95, 0x93, 0x90,
  0x8b, 0x84, 0x80, 0x7e, 0x79, 0x74, 0x6f, 0x6b, 0x6a, 0x67, 0x64, 0x63,
  0x62, 0x64, 0x67, 0x69, 0x69, 0x6c, 0x6f, 0x71, 0x73, 0x74, 0x77, 0x79,
  0x7c, 0x7d, 0x7f, 0x82, 0x84, 0x87, 0x89, 0x8a, 0x8d, 0x91, 0x92, 0x95,
  0x98, 0x99, 0x9a, 0x9b, 0x9b, 0x9b, 0x98, 0x96, 0x93, 0x90, 0x8e, 0x88,
  0x80, 0x7b, 0x79, 0x76, 0x71, 0x6c, 0x6a, 0x6b, 0x69, 0x66, 0x66, 0x66,
  0x68, 0x6c, 0x6e, 0x6c, 0x6d, 0x70, 0x72, 0x73, 0x71, 0x72, 0x78, 0x7c,
  0x7c, 0x7d, 0x83, 0x88, 0x8a, 0x8b, 0x8d, 0x90, 0x94, 0x96, 0x98, 0x9a,
  0x9c, 0x9b, 0x9b, 0x99, 0x97, 0x96, 0x93, 0x91, 0x8f, 0x8d, 0x88, 0x7f,
  0x76, 0x77, 0x73, 0x6f, 0x6a, 0x66, 0x6a, 0x69, 0x67, 0x66, 0x66, 0x68,
  0x6d, 0x70, 0x6e, 0x6d, 0x70, 0x73, 0x74, 0x72, 0x73, 0x79, 0x7e, 0x81,
  0x80, 0x85, 0x8c, 0x8c, 0x8e, 0x90, 0x91, 0x96, 0x98, 0x9a, 0x9a, 0x9a,
  0x9a, 0x99, 0x97, 0x94, 0x92, 0x91, 0x8e, 0x8c, 0x8a, 0x86, 0x7c, 0x73,
  0x73, 0x71, 0x6b, 0x66, 0x65, 0x68, 0x68, 0x66, 0x65, 0x67, 0x69, 0x6b,
  0x70, 0x6e, 0x6d, 0x71, 0x74, 0x76, 0x74, 0x77, 0x7c, 0x82, 0x84, 0x85,
  0x87, 0x8e, 0x8f, 0x8e, 0x92, 0x92, 0x96, 0x99, 0x9a, 0x97, 0x99, 0x97,
  0x96, 0x94, 0x91, 0x8f, 0x8d, 0x8e, 0x8b, 0x89, 0x87, 0x7c, 0x71, 0x71,
  0x6e, 0x6b, 0x67, 0x64, 0x6a, 0x6b, 0x69, 0x6a, 0x68, 0x6b, 0x6e, 0x6f,
  0x71, 0x6d, 0x70, 0x74, 0x77, 0x78, 0x77, 0x7c, 0x83, 0x88, 0x88, 0x88,
  0x8b, 0x92, 0x8f, 0x90, 0x92, 0x93, 0x97, 0x9a, 0x99, 0x95, 0x95, 0x94,
  0x92, 0x8f, 0x8e, 0x8b, 0x8b, 0x8c, 0x86, 0x83, 0x81, 0x73, 0x6b, 0x6e,
  0x6a, 0x66, 0x64, 0x65, 0x6b, 0x6b, 0x6a, 0x6c, 0x6b, 0x6d, 0x72, 0x75,
  0x74, 0x71, 0x75, 0x79, 0x7c, 0x7d, 0x7d, 0x81, 0x88, 0x8b, 0x8b, 0x8a,
  0x8e, 0x90, 0x90, 0x91, 0x92, 0x92, 0x95, 0x99, 0x96, 0x94, 0x92, 0x91,
  0x8f, 0x8f, 0x8c, 0x87, 0x88, 0x87, 0x84, 0x80, 0x7b, 0x73, 0x6a, 0x6c,
  0x6d, 0x68, 0x68, 0x67, 0x6c, 0x6f, 0x6c, 0x6e, 0x6f, 0x6d, 0x71, 0x76,
  0x76, 0x74, 0x77, 0x7a, 0x7f, 0x82, 0x82, 0x84, 0x86, 0x8b, 0x8b, 0x89,
  0x8a, 0x8b, 0x8b, 0x8e, 0x90, 0x8e, 0x8e, 0x93, 0x94, 0x90, 0x8e, 0x8c,
  0x8b, 0x8a, 0x88, 0x84, 0x82, 0x82, 0x81, 0x7e, 0x7b, 0x77, 0x6d, 0x6c,
  0x6f, 0x6c, 0x6e, 0x6b, 0x6b, 0x70, 0x6f, 0x70, 0x71, 0x6e, 0x71, 0x77,
  0x7b, 0x7a, 0x78, 0x7c, 0x80, 0x85, 0x85, 0x83, 0x84, 0x87, 0x8a, 0x8a,
  0x88, 0x88, 0x8b, 0x8d, 0x90, 0x90, 0x8c, 0x90, 0x94, 0x91, 0x8f, 0x89,
  0x87, 0x87, 0x86, 0x85, 0x80, 0x80, 0x81, 0x80, 0x7f, 0x7c, 0x74, 0x6a,
  0x6c, 0x6e, 0x6b, 0x6a, 0x68, 0x6e, 0x71, 0x73, 0x75, 0x74, 0x73, 0x77,
  0x7e, 0x7f, 0x7d, 0x7f, 0x81, 0x86, 0x8a, 0x89, 0x86, 0x86, 0x89, 0x8b,
  0x89, 0x89, 0x8a, 0x8b, 0x8f, 0x90, 0x8f, 0x8c, 0x8f, 0x90, 0x8e, 0x8a,
  0x85, 0x83, 0x83, 0x84, 0x80, 0x7d, 0x7c, 0x7c, 0x7a, 0x78, 0x75, 0x6e,
  0x68, 0x6d, 0x6e, 0x6f, 0x6e, 0x6d, 0x71, 0x72, 0x75, 0x79, 0x78, 0x78,
  0x7e, 0x84, 0x86, 0x85, 0x87, 0x87, 0x8a, 0x8b, 0x89, 0x86, 0x85, 0x87,
  0x88, 0x88, 0x88, 0x87, 0x87, 0x8a, 0x8b, 0x89, 0x88, 0x8a, 0x8a, 0x88,
  0x85, 0x81, 0x7e, 0x7d, 0x7e, 0x79, 0x76, 0x77, 0x77, 0x78, 0x78, 0x76,
  0x74, 0x6d, 0x6f, 0x70, 0x6f, 0x70, 0x71, 0x75, 0x77, 0x7a, 0x7f, 0x81,
  0x81, 0x84, 0x88, 0x8b, 0x8a, 0x8a, 0x89, 0x88, 0x89, 0x88, 0x85, 0x84,
  0x85, 0x85, 0x85, 0x85, 0x86, 0x86, 0x86, 0x86, 0x86, 0x86, 0x86, 0x84,
  0x81, 0x80, 0x7f, 0x7a, 0x77, 0x77, 0x76, 0x77, 0x7a, 0x7c, 0x7e, 0x80,
  0x80, 0x7c, 0x72, 0x70, 0x73, 0x74, 0x75, 0x75, 0x7a, 0x7d, 0x81, 0x85,
  0x87, 0x87, 0x89, 0x8a, 0x8b, 0x89, 0x87, 0x87, 0x86, 0x86, 0x86, 0x83,
  0x7f, 0x7f, 0x81, 0x81, 0x7f, 0x7d, 0x7c, 0x7d, 0x80, 0x80, 0x7d, 0x7e,
  0x82, 0x82, 0x80, 0x7a, 0x76, 0x76, 0x78, 0x7a, 0x7b, 0x7c, 0x83, 0x86,
  0x83, 0x84, 0x82, 0x7b, 0x77, 0x78, 0x77, 0x7a, 0x7d, 0x7e, 0x83, 0x84,
  0x86, 0x8b, 0x89, 0x86, 0x87, 0x87, 0x85, 0x82, 0x83, 0x83, 0x82, 0x7f,
  0x7c, 0x7d, 0x7e, 0x7e, 0x7b, 0x79, 0x79, 0x7b, 0x7b, 0x7a, 0x79, 0x7a,
  0x7e, 0x80, 0x81, 0x7d, 0x7b, 0x7b, 0x79, 0x77, 0x7a, 0x7d, 0x80, 0x85,
  0x87, 0x89, 0x8b, 0x8a, 0x85, 0x7f, 0x7b, 0x7e, 0x7f, 0x7f, 0x81, 0x85,
  0x87, 0x86, 0x85, 0x85, 0x84, 0x81, 0x80, 0x7e, 0x7f, 0x7f, 0x81, 0x80,
  0x7d, 0x7b, 0x7b, 0x79, 0x78, 0x77, 0x74, 0x74, 0x76, 0x79, 0x79, 0x79,
  0x7a, 0x7e, 0x81, 0x85, 0x85, 0x83, 0x7f, 0x7c, 0x7d, 0x7b, 0x7e, 0x82,
  0x86, 0x8d, 0x90, 0x91, 0x91, 0x91, 0x8c, 0x85, 0x7e, 0x7d, 0x7d, 0x80,
  0x80, 0x81, 0x84, 0x82, 0x81, 0x81, 0x7d, 0x7c, 0x7c, 0x7a, 0x79, 0x78,
  0x7c, 0x7d, 0x7b, 0x78, 0x76, 0x75, 0x75, 0x74, 0x71, 0x71, 0x76, 0x7a,
  0x7b, 0x7b, 0x7c, 0x81, 0x85, 0x88, 0x87, 0x86, 0x86, 0x87, 0x84, 0x82,
  0x84, 0x87, 0x8b, 0x8d, 0x8f, 0x92, 0x92, 0x93, 0x90, 0x86, 0x7e, 0x7c,
  0x7c, 0x7a, 0x79, 0x78, 0x7b, 0x7b, 0x78, 0x7a, 0x7d, 0x7d, 0x7e, 0x7c,
  0x7a, 0x76, 0x77, 0x79, 0x77, 0x76, 0x72, 0x74, 0x76, 0x78, 0x77, 0x75,
  0x75, 0x79, 0x7d, 0x80, 0x82, 0x81, 0x84, 0x89, 0x8c, 0x8c, 0x8b, 0x8c,
  0x8b, 0x89, 0x89, 0x8a, 0x8b, 0x8d, 0x8e, 0x8e, 0x8d, 0x8d, 0x8d, 0x88,
  0x80, 0x7a, 0x7a, 0x77, 0x77, 0x74, 0x72, 0x72, 0x70, 0x71, 0x77, 0x79,
  0x7a, 0x7b, 0x7d, 0x7c, 0x78, 0x77, 0x75, 0x75, 0x75, 0x73, 0x73, 0x75,
  0x79, 0x7d, 0x7e, 0x7e, 0x82, 0x87, 0x8b, 0x8c, 0x8a, 0x8a, 0x8c, 0x8f,
  0x8d, 0x8a, 0x88, 0x89, 0x8a, 0x8d, 0x8d, 0x8b, 0x8d, 0x8d, 0x8d, 0x89,
  0x86, 0x82, 0x7e, 0x79, 0x75, 0x73, 0x72, 0x73, 0x74, 0x74, 0x70, 0x6e,
  0x70, 0x73, 0x76, 0x77, 0x77, 0x7b, 0x7a, 0x79, 0x79, 0x77, 0x77, 0x77,
  0x78, 0x79, 0x7b, 0x7f, 0x83, 0x87, 0x89, 0x8b, 0x8d, 0x90, 0x91, 0x8f,
  0x8c, 0x8b, 0x8a, 0x88, 0x87, 0x85, 0x84, 0x86, 0x87, 0x88, 0x88, 0x89,
  0x88, 0x87, 0x82, 0x7e, 0x7a, 0x76, 0x71, 0x6e, 0x6f, 0x71, 0x75, 0x76,
  0x77, 0x74, 0x70, 0x72, 0x73, 0x73, 0x74, 0x75, 0x79, 0x7c, 0x7f, 0x80,
  0x81, 0x80, 0x81, 0x82, 0x80, 0x81, 0x84, 0x88, 0x8c, 0x8f, 0x8e, 0x8f,
  0x91, 0x90, 0x8d, 0x8a, 0x88, 0x86, 0x85, 0x83, 0x80, 0x7e, 0x80, 0x84,
  0x84, 0x84, 0x83, 0x82, 0x80, 0x7e, 0x7b, 0x77, 0x75, 0x71, 0x70, 0x6f,
  0x70, 0x74, 0x74, 0x75, 0x74, 0x71, 0x74, 0x76, 0x76, 0x7a, 0x7d, 0x82,
  0x83, 0x84, 0x86, 0x86, 0x87, 0x87, 0x87, 0x86, 0x88, 0x8a, 0x8b, 0x8c,
  0x8d, 0x8d, 0x8c, 0x8b, 0x89, 0x88, 0x87, 0x87, 0x84, 0x80, 0x7d, 0x7c,
  0x7b, 0x7c, 0x7d, 0x7b, 0x7d, 0x7e, 0x7e, 0x7e, 0x7d, 0x7b, 0x78, 0x77,
  0x74, 0x72, 0x71, 0x71, 0x75, 0x75, 0x77, 0x77, 0x77, 0x7c, 0x7f, 0x81,
  0x84, 0x86, 0x87, 0x87, 0x88, 0x86, 0x86, 0x86, 0x86, 0x85, 0x83, 0x85,
  0x86, 0x87, 0x89, 0x89, 0x87, 0x85, 0x85, 0x86, 0x84, 0x83, 0x81, 0x7e,
  0x7c, 0x7b, 0x79, 0x78, 0x79, 0x7b, 0x7b, 0x7c, 0x7d, 0x7c, 0x7d, 0x7e,
  0x7e, 0x7c, 0x7a, 0x75, 0x74, 0x74, 0x75, 0x76, 0x77, 0x7b, 0x7d, 0x7f,
  0x83, 0x85, 0x86, 0x87, 0x88, 0x88, 0x86, 0x86, 0x84, 0x84, 0x83, 0x84,
  0x83, 0x81, 0x82, 0x84, 0x84, 0x86, 0x85, 0x81, 0x80, 0x80, 0x80, 0x7e,
  0x7d, 0x7c, 0x7c, 0x7c, 0x7a, 0x78, 0x78, 0x7b, 0x7e, 0x7d, 0x7c, 0x7c,
  0x7d, 0x80, 0x82, 0x81, 0x7e, 0x7d, 0x7b, 0x7b, 0x7a, 0x79, 0x7c, 0x7e,
  0x81, 0x81, 0x80, 0x82, 0x84, 0x84, 0x85, 0x85, 0x85, 0x84, 0x84, 0x84,
  0x82, 0x84, 0x85, 0x83, 0x81, 0x81, 0x80, 0x80, 0x7f, 0x7f, 0x7e, 0x7c,
  0x7c, 0x7c, 0x7b, 0x7d, 0x7e, 0x7d, 0x7c, 0x7b, 0x7b, 0x7c, 0x7e, 0x7e,
  0x7e, 0x80, 0x81, 0x82, 0x83, 0x83, 0x82, 0x81, 0x82, 0x7f, 0x7d, 0x7e,
  0x7e, 0x81, 0x82, 0x82, 0x80, 0x7d, 0x7e, 0x7f, 0x7f, 0x80, 0x82, 0x83,
  0x84, 0x84, 0x84, 0x84, 0x84, 0x83, 0x81, 0x7e, 0x7d, 0x7c, 0x7b, 0x7c,
  0x7d, 0x7d, 0x7c, 0x7b, 0x7c, 0x7c, 0x7d, 0x7f, 0x7e, 0x7e, 0x7d, 0x7d,
  0x7d, 0x7d, 0x7f, 0x81, 0x83, 0x85, 0x85, 0x84, 0x85, 0x86, 0x85, 0x83,
  0x80, 0x7e, 0x7f, 0x7f, 0x80, 0x7f, 0x7f, 0x7e, 0x7c, 0x7c, 0x7d, 0x7e,
  0x80, 0x83, 0x85, 0x84, 0x83, 0x82, 0x80, 0x80, 0x7e, 0x7d, 0x7a, 0x79,
  0x78, 0x78, 0x7a, 0x7c, 0x7d, 0x7d, 0x7c, 0x7d, 0x7e, 0x7f, 0x80, 0x80,
  0x80, 0x80, 0x80, 0x7f, 0x80, 0x82, 0x83, 0x85, 0x86, 0x85, 0x85, 0x86,
  0x87, 0x86, 0x86, 0x82, 0x7f, 0x7f, 0x7d, 0x7d, 0x7d, 0x7e, 0x7e, 0x7b,
  0x7a, 0x7b, 0x7d, 0x7f, 0x82, 0x82, 0x82, 0x81, 0x80, 0x7e, 0x7e, 0x7d,
  0x7d, 0x7b, 0x79, 0x78, 0x78, 0x7b, 0x7d, 0x7e, 0x80, 0x80, 0x81, 0x80,
  0x80, 0x81, 0x82, 0x83, 0x83, 0x82, 0x81, 0x82, 0x84, 0x85, 0x85, 0x85,
  0x85, 0x85, 0x85, 0x85, 0x84, 0x83, 0x81, 0x7e, 0x7d, 0x7a, 0x7b, 0x7b,
  0x7c, 0x7d, 0x7b, 0x7a, 0x7a, 0x7a, 0x7c, 0x7e, 0x80, 0x81, 0x80, 0x7f,
  0x7e, 0x7d, 0x7d, 0x7d, 0x7c, 0x7a, 0x79, 0x79, 0x7b, 0x7e, 0x81, 0x83,
  0x84, 0x85, 0x83, 0x82, 0x83, 0x84, 0x85, 0x85, 0x84, 0x83, 0x82, 0x83,
  0x84, 0x85, 0x85, 0x85, 0x84, 0x83, 0x82, 0x82, 0x82, 0x81, 0x7e, 0x7c,
  0x7a, 0x79, 0x79, 0x78, 0x7a, 0x79, 0x78, 0x79, 0x79, 0x7b, 0x7e, 0x80,
  0x82, 0x82, 0x81, 0x80, 0x7e, 0x7d, 0x7d, 0x7e, 0x7e, 0x7d, 0x7d, 0x7d,
  0x7f, 0x81, 0x84, 0x85, 0x85, 0x83, 0x82, 0x83, 0x83, 0x83, 0x84, 0x84,
  0x83, 0x82, 0x81, 0x80, 0x81, 0x82, 0x82, 0x82, 0x81, 0x80, 0x7f, 0x7f,
  0x7f, 0x7e, 0x7c, 0x7b, 0x78, 0x77, 0x77, 0x78, 0x7a, 0x7b, 0x7c, 0x7d,
  0x7d, 0x7f, 0x82, 0x84, 0x85, 0x84, 0x83, 0x82, 0x7f, 0x7f, 0x7f, 0x80,
  0x80, 0x80, 0x7f, 0x7f, 0x80, 0x81, 0x83, 0x83, 0x83, 0x82, 0x81, 0x80,
  0x80, 0x82, 0x83, 0x82, 0x81, 0x7f, 0x7e, 0x7e, 0x7f, 0x80, 0x80, 0x80,
  0x80, 0x80, 0x7f, 0x7e, 0x7e, 0x7d, 0x7c, 0x7b, 0x79, 0x79, 0x79, 0x7b,
  0x7d, 0x7e, 0x7e, 0x7e, 0x7e, 0x80, 0x81, 0x83, 0x84, 0x84, 0x83, 0x81,
  0x80, 0x80, 0x80, 0x80, 0x7f, 0x7f, 0x7e, 0x7f, 0x7f, 0x80, 0x81, 0x82,
  0x81, 0x80, 0x80, 0x80, 0x80, 0x81, 0x82, 0x82, 0x81, 0x80, 0x7f, 0x7f,
  0x7f, 0x7f, 0x80, 0x80, 0x80, 0x7f, 0x7f, 0x7f, 0x7f, 0x7e, 0x7f, 0x7e,
  0x7c, 0x7d, 0x7d, 0x7e, 0x7f, 0x7f, 0x7f, 0x7f, 0x7f, 0x80, 0x81, 0x83,
  0x84, 0x84, 0x83, 0x81, 0x80, 0x7f, 0x7f, 0x7f, 0x7e, 0x7d, 0x7d, 0x7d,
  0x7e, 0x7f, 0x7f, 0x7f, 0x7f, 0x7f, 0x7f, 0x80, 0x81, 0x82, 0x82, 0x81,
  0x80, 0x7e, 0x7d, 0x7e, 0x7f, 0x80, 0x81, 0x82, 0x82, 0x83, 0x82, 0x82,
  0x81, 0x80, 0x80, 0x7e, 0x7e, 0x7d, 0x7e, 0x7f, 0x7f, 0x7f, 0x7f, 0x7e,
  0x7f, 0x81, 0x82, 0x83, 0x82, 0x82, 0x81, 0x7f, 0x7e, 0x7e, 0x7e, 0x7d,
  0x7c, 0x7c, 0x7b, 0x7b, 0x7c, 0x7e, 0x7f, 0x7f, 0x7f, 0x7f, 0x80, 0x80,
  0x82, 0x82, 0x82, 0x81, 0x80, 0x80, 0x80, 0x80, 0x81, 0x82, 0x83, 0x84,
  0x84, 0x83, 0x82, 0x82, 0x81, 0x80, 0x80, 0x7e, 0x7e, 0x7d, 0x7d, 0x7e,
  0x7d, 0x7d, 0x7d, 0x7d, 0x7e, 0x80, 0x80, 0x81, 0x80, 0x80, 0x7e, 0x7d,
  0x7c, 0x7c, 0x7c, 0x7b, 0x7b, 0x7b, 0x7c, 0x7d, 0x7e, 0x7e, 0x7f, 0x7f,
  0x80, 0x80, 0x81, 0x82, 0x83, 0x83, 0x83, 0x83, 0x83, 0x83, 0x82, 0x83,
  0x83, 0x84, 0x84, 0x84, 0x84, 0x83, 0x82, 0x82, 0x80, 0x80, 0x7e, 0x7d,
  0x7c, 0x7c, 0x7d, 0x7d, 0x7d, 0x7d, 0x7c, 0x7c, 0x7d, 0x7e, 0x7f, 0x7e,
  0x7e, 0x7e, 0x7c, 0x7c, 0x7c, 0x7c, 0x7c, 0x7c, 0x7c, 0x7c, 0x7d, 0x7e,
  0x80, 0x80, 0x81, 0x82, 0x82, 0x83, 0x83, 0x84, 0x86, 0x86, 0x86, 0x85,
  0x84, 0x83, 0x83, 0x83, 0x83, 0x83, 0x83, 0x83, 0x82, 0x81, 0x80, 0x7f,
  0x7e, 0x7e, 0x7c, 0x7c, 0x7b, 0x7b, 0x7b, 0x7b, 0x7b, 0x7b, 0x7b, 0x7b,
  0x7d, 0x7e, 0x7f, 0x7f, 0x7f, 0x7f, 0x7e, 0x7e, 0x7e, 0x7e, 0x7e, 0x7e,
  0x7e, 0x7e, 0x7f, 0x80, 0x81, 0x82, 0x83, 0x83, 0x83, 0x83, 0x84, 0x85,
  0x85, 0x86, 0x85, 0x83, 0x82, 0x81, 0x81, 0x81, 0x81, 0x81, 0x81, 0x80,
  0x7f, 0x7e, 0x7e, 0x7d, 0x7d, 0x7c, 0x7b, 0x7b, 0x7a, 0x7b, 0x7b, 0x7b,
  0x7b, 0x7c, 0x7c, 0x7d, 0x7e, 0x7f, 0x7f, 0x80, 0x80, 0x80, 0x80, 0x80,
  0x80, 0x7f, 0x80, 0x80, 0x80, 0x80, 0x81, 0x81, 0x82, 0x83, 0x83, 0x84,
  0x84, 0x84, 0x84, 0x84, 0x84, 0x84, 0x82, 0x81, 0x80, 0x80, 0x80, 0x80,
  0x80, 0x80, 0x7f, 0x7f, 0x7d, 0x7d, 0x7c, 0x7b, 0x7b, 0x7a, 0x7a, 0x7a,
  0x7b, 0x7c, 0x7b, 0x7c, 0x7c, 0x7c, 0x7d, 0x7e, 0x80, 0x81, 0x82, 0x83,
  0x82, 0x82, 0x82, 0x82, 0x82, 0x82, 0x81, 0x80, 0x80, 0x80, 0x80, 0x81,
  0x82, 0x83, 0x83, 0x82, 0x82, 0x81, 0x82, 0x82, 0x82, 0x81, 0x81, 0x80,
  0x7f, 0x7e, 0x7e, 0x7e, 0x7f, 0x7f, 0x7e, 0x7d, 0x7c, 0x7b, 0x7b, 0x7c,
  0x7b, 0x7c, 0x7d, 0x7c, 0x7d, 0x7c, 0x7c, 0x7d, 0x7e, 0x7f, 0x80, 0x81,
  0x82, 0x82, 0x83, 0x83, 0x83, 0x82, 0x82, 0x82, 0x81, 0x81, 0x80, 0x80,
  0x80, 0x80, 0x81, 0x81, 0x82, 0x81, 0x81, 0x81, 0x80, 0x80, 0x80, 0x81,
  0x81, 0x81, 0x80, 0x7f, 0x7d, 0x7d, 0x7d, 0x7e, 0x7e, 0x7e, 0x7e, 0x7d,
  0x7d, 0x7c, 0x7d, 0x7d, 0x7d, 0x7e, 0x7e, 0x7f, 0x7e, 0x7e, 0x7f, 0x7f,
  0x7f, 0x81, 0x81, 0x82, 0x82, 0x82, 0x82, 0x82, 0x82, 0x82, 0x82, 0x81,
  0x81, 0x80, 0x7f, 0x7f, 0x80, 0x80, 0x80, 0x81, 0x81, 0x80, 0x80, 0x80,
  0x80, 0x80, 0x80, 0x81, 0x81, 0x80, 0x7f, 0x7e, 0x7d, 0x7d, 0x7e, 0x7e,
  0x7f, 0x7f, 0x7e, 0x7e, 0x7d, 0x7d, 0x7e, 0x7e, 0x7f, 0x7f, 0x80, 0x80,
  0x7f, 0x7f, 0x7f, 0x80, 0x81, 0x81, 0x82, 0x81, 0x81, 0x81, 0x81, 0x81,
  0x80, 0x80, 0x80, 0x7f, 0x7e, 0x7e, 0x7e, 0x7e, 0x7e, 0x7f, 0x7f, 0x7f,
  0x7f, 0x7f, 0x7f, 0x7f, 0x7f, 0x80, 0x80, 0x80, 0x80, 0x80, 0x7f, 0x7f,
  0x7f, 0x80, 0x80, 0x81, 0x81, 0x80, 0x7f, 0x7e, 0x7e, 0x7e, 0x7f, 0x80,
  0x80, 0x81, 0x80, 0x7f, 0x7f, 0x7e, 0x7f, 0x80, 0x80, 0x81, 0x81, 0x80,
  0x7f, 0x7e, 0x7f, 0x7f, 0x7f, 0x7e, 0x7e, 0x7e, 0x7e, 0x7e, 0x7e, 0x7f,
  0x7f, 0x7f, 0x7f, 0x7f, 0x7f, 0x7f, 0x80, 0x81, 0x81, 0x82, 0x81, 0x81,
  0x81, 0x81, 0x81, 0x81, 0x81, 0x82, 0x82, 0x81, 0x80, 0x7f, 0x7e, 0x7e,
  0x7e, 0x7f, 0x7f, 0x80, 0x80, 0x7f, 0x7e, 0x7e, 0x7e, 0x7f, 0x7f, 0x80,
  0x80, 0x7f, 0x7f, 0x7e, 0x7e, 0x7d, 0x7d, 0x7e, 0x7e, 0x7e, 0x7e, 0x7e,
  0x7e, 0x7f, 0x7f, 0x80, 0x7f, 0x7f, 0x80, 0x80, 0x80, 0x81, 0x82, 0x82,
  0x83, 0x82, 0x82, 0x82, 0x82, 0x82, 0x82, 0x82, 0x82, 0x82, 0x81, 0x80,
  0x7f, 0x7f, 0x7f, 0x7e, 0x7f, 0x7f, 0x7f, 0x7f, 0x7f, 0x7e, 0x7e, 0x7e,
  0x7e, 0x7f, 0x7f, 0x7f, 0x7f, 0x7e, 0x7d, 0x7d, 0x7d, 0x7d, 0x7e, 0x7e,
  0x7e, 0x7e, 0x7f, 0x7f, 0x80, 0x80, 0x80, 0x81, 0x80, 0x81, 0x81, 0x81,
  0x82, 0x82, 0x82, 0x83, 0x83, 0x82, 0x82, 0x82, 0x82, 0x81, 0x82, 0x81,
  0x81, 0x80, 0x7f, 0x7e, 0x7d, 0x7d, 0x7d, 0x7d, 0x7d, 0x7e, 0x7d, 0x7d,
  0x7d, 0x7d, 0x7d, 0x7e, 0x7e, 0x7f, 0x7f, 0x7f, 0x7e, 0x7e, 0x7d, 0x7d,
  0x7d, 0x7e, 0x7e, 0x7e, 0x7f, 0x7f, 0x80, 0x80, 0x81, 0x81, 0x81, 0x82,
  0x82, 0x82, 0x82, 0x82, 0x83, 0x83, 0x83, 0x82, 0x82, 0x82, 0x82, 0x82,
  0x82, 0x82, 0x81, 0x80, 0x7f, 0x7e, 0x7d, 0x7d, 0x7c, 0x7c, 0x7d, 0x7d,
  0x7d, 0x7c, 0x7c, 0x7d, 0x7d, 0x7d, 0x7e, 0x7f, 0x7f, 0x7f, 0x7f, 0x7e,
  0x7e, 0x7e, 0x7e, 0x7e, 0x7f, 0x80, 0x80, 0x81, 0x81, 0x81, 0x82, 0x82,
  0x82, 0x82, 0x82, 0x82, 0x82, 0x82, 0x82, 0x81, 0x81, 0x81, 0x82, 0x82,
  0x81, 0x81, 0x81, 0x81, 0x81, 0x80, 0x7f, 0x7e, 0x7d, 0x7c, 0x7c, 0x7c,
  0x7c, 0x7c, 0x7c, 0x7d, 0x7d, 0x7d, 0x7d, 0x7e, 0x7e, 0x7f, 0x80, 0x80,
  0x80, 0x7f, 0x7f, 0x7f, 0x7f, 0x7f, 0x80, 0x81, 0x81, 0x81, 0x81, 0x81,
  0x82, 0x82, 0x83, 0x83, 0x83, 0x83, 0x82, 0x82, 0x81, 0x81, 0x81, 0x82,
  0x82, 0x81, 0x81, 0x80, 0x80, 0x7f, 0x7f, 0x7e, 0x7e, 0x7e, 0x7d, 0x7c,
  0x7c, 0x7c, 0x7b, 0x7b, 0x7c, 0x7c, 0x7c, 0x7d, 0x7e, 0x7e, 0x7f, 0x7f,
  0x7f, 0x7f, 0x80, 0x80, 0x80, 0x80, 0x80, 0x81, 0x81, 0x81, 0x82, 0x82,
  0x82, 0x82, 0x83, 0x83, 0x83, 0x83, 0x82, 0x82, 0x82, 0x81, 0x81, 0x80,
  0x80, 0x80, 0x80, 0x81, 0x80, 0x80, 0x80, 0x7f, 0x7f, 0x7e, 0x7e, 0x7e,
  0x7d, 0x7c, 0x7c, 0x7b, 0x7b, 0x7b, 0x7b, 0x7c, 0x7c, 0x7d, 0x7d, 0x7d,
  0x7e, 0x7f, 0x80, 0x80, 0x81, 0x81, 0x81, 0x81, 0x81, 0x81, 0x81, 0x81,
  0x81, 0x82, 0x82, 0x82, 0x82, 0x82, 0x82, 0x82, 0x81, 0x81, 0x81, 0x80,
  0x80, 0x7f, 0x7f, 0x7f, 0x7f, 0x7f, 0x7f, 0x7f, 0x7f, 0x7e, 0x7e, 0x7e,
  0x7e, 0x7d, 0x7d, 0x7d, 0x7d, 0x7d, 0x7d, 0x7d, 0x7d, 0x7d, 0x7d, 0x7e,
  0x7e, 0x7f, 0x80, 0x80, 0x81, 0x81, 0x81, 0x82, 0x82, 0x82, 0x82, 0x82,
  0x83, 0x83, 0x83, 0x82, 0x83, 0x82, 0x82, 0x82, 0x82, 0x82, 0x81, 0x81,
  0x80, 0x80, 0x7f, 0x7f, 0x7e, 0x7e, 0x7e, 0x7e, 0x7e, 0x7e, 0x7d, 0x7d,
  0x7d, 0x7d, 0x7d, 0x7d, 0x7e, 0x7e, 0x7e, 0x7d, 0x7d, 0x7d, 0x7e, 0x7e,
  0x7f, 0x7f, 0x80, 0x80, 0x80, 0x80, 0x80, 0x80, 0x81, 0x81, 0x81, 0x82,
  0x82, 0x82, 0x82, 0x82, 0x82, 0x82, 0x82, 0x81, 0x81, 0x81, 0x81, 0x81,
  0x80, 0x80, 0x80, 0x7f, 0x7f, 0x7f, 0x7e, 0x7e, 0x7e, 0x7e, 0x7e, 0x7e,
  0x7e, 0x7d, 0x7d, 0x7d, 0x7d, 0x7d, 0x7d, 0x7d, 0x7e, 0x7e, 0x7d, 0x7e,
  0x7e, 0x7e, 0x7f, 0x7f, 0x7f, 0x7f, 0x7f, 0x7f, 0x80, 0x80, 0x81, 0x81,
  0x82, 0x82, 0x82, 0x82, 0x82, 0x82, 0x82, 0x82, 0x82, 0x81, 0x81, 0x80,
  0x80, 0x80, 0x7f, 0x7f, 0x7f, 0x7f, 0x7e, 0x7e, 0x7e, 0x7e, 0x7f, 0x7f,
  0x7f, 0x7f, 0x7f, 0x7f, 0x7f, 0x7f, 0x7f, 0x7f, 0x7f, 0x7f, 0x7e, 0x7e,
  0x7f, 0x7f, 0x7f, 0x7f, 0x7f, 0x7f, 0x7f, 0x7f, 0x7f, 0x7f, 0x7f, 0x7f,
  0x7f, 0x80, 0x80, 0x81, 0x81, 0x81, 0x81, 0x81, 0x82, 0x81, 0x81, 0x81,
  0x81, 0x81, 0x81, 0x80, 0x80, 0x80, 0x7f, 0x7f, 0x7f, 0x7f, 0x7f, 0x7f,
  0x7f, 0x7f, 0x7f, 0x7f, 0x7f, 0x7f, 0x7f, 0x7f, 0x7f, 0x7f, 0x7f, 0x7f,
  0x80, 0x80, 0x80, 0x80, 0x80, 0x80, 0x80, 0x80, 0x7f, 0x7f, 0x7f, 0x7f,
  0x7f, 0x7e, 0x7e, 0x7e, 0x7e, 0x7f, 0x7f, 0x80, 0x80, 0x81, 0x81, 0x81,
  0x81, 0x81, 0x81, 0x81, 0x81, 0x80, 0x80, 0x80, 0x80, 0x80, 0x80, 0x80,
  0x80, 0x80, 0x80, 0x80, 0x80, 0x80, 0x80, 0x80, 0x80, 0x7f, 0x7f, 0x7f,
  0x7f, 0x7f, 0x7f, 0x7f, 0x7f, 0x7f, 0x80, 0x80, 0x80, 0x80, 0x80, 0x80,
  0x80, 0x7f, 0x7f, 0x7f, 0x7f, 0x7f, 0x7f, 0x7f, 0x7f, 0x7f, 0x80, 0x80,
  0x80, 0x80, 0x80, 0x81, 0x81, 0x80, 0x80, 0x80, 0x80, 0x80, 0x80, 0x80,
  0x80, 0x80, 0x80, 0x80, 0x80, 0x80, 0x80, 0x80, 0x80, 0x80, 0x80, 0x80,
  0x7f, 0x7f, 0x7f, 0x7e, 0x7e, 0x7e, 0x7e, 0x7e, 0x7e, 0x7e, 0x7e, 0x7e,
  0x7e, 0x7e, 0x7e, 0x7e, 0x7e, 0x7e, 0x7e, 0x7e, 0x7e, 0x7f, 0x7f, 0x7f,
  0x80, 0x80, 0x81, 0x81, 0x81, 0x81, 0x81, 0x81, 0x81, 0x81, 0x81, 0x80,
  0x80, 0x80, 0x80, 0x80, 0x80, 0x80, 0x80, 0x80, 0x7f, 0x80, 0x80, 0x80,
  0x80, 0x80, 0x80, 0x7f, 0x7f, 0x7f, 0x7f, 0x7f, 0x7f, 0x7f, 0x7e, 0x7e,
  0x7e, 0x7e, 0x7f, 0x7e, 0x7e, 0x7e, 0x7e, 0x7e, 0x7e, 0x7e, 0x7e, 0x7e,
  0x7e, 0x7f, 0x7f, 0x80, 0x80, 0x81, 0x81, 0x81, 0x82, 0x82, 0x82, 0x82,
  0x82, 0x82, 0x82, 0x81, 0x81, 0x81, 0x80, 0x80, 0x80, 0x80, 0x7f, 0x7f,
  0x7f, 0x7f, 0x7f, 0x7f, 0x7e, 0x7e, 0x7e, 0x7e, 0x7e, 0x7e, 0x7d, 0x7d,
  0x7e, 0x7e, 0x7e, 0x7e, 0x7f, 0x7f, 0x7f, 0x7f, 0x7f, 0x7f, 0x7f, 0x7f,
  0x80, 0x80, 0x80, 0x80, 0x80, 0x80, 0x81, 0x81, 0x81, 0x81, 0x81, 0x81,
  0x81, 0x81, 0x81, 0x81, 0x81, 0x81, 0x80, 0x80, 0x80, 0x80, 0x80, 0x80,
  0x80, 0x7f, 0x7f, 0x7f, 0x7f, 0x7e, 0x7e, 0x7e, 0x7e, 0x7e, 0x7e, 0x7d,
  0x7d, 0x7d, 0x7d, 0x7d, 0x7d, 0x7e, 0x7e, 0x7e, 0x7e, 0x7f, 0x7f, 0x7f,
  0x80, 0x80, 0x80, 0x80, 0x80, 0x80, 0x80, 0x80, 0x81, 0x81, 0x81, 0x81,
  0x81, 0x82, 0x82, 0x82, 0x82, 0x81, 0x81, 0x81, 0x81, 0x80, 0x80, 0x80,
  0x7f, 0x7f, 0x7f, 0x7f, 0x7f, 0x7f, 0x7f, 0x7f, 0x7e, 0x7e, 0x7e, 0x7e,
  0x7e, 0x7e, 0x7e, 0x7e, 0x7e, 0x7f, 0x7f, 0x7f, 0x7f, 0x7f, 0x7f, 0x80,
  0x80, 0x80, 0x80, 0x80, 0x80, 0x80, 0x80, 0x80, 0x80, 0x80, 0x80, 0x80,
  0x81, 0x81, 0x81, 0x81, 0x81, 0x81, 0x81, 0x81, 0x80, 0x80, 0x80, 0x7f,
  0x7f, 0x7f, 0x7f, 0x7e, 0x7e, 0x7e, 0x7e, 0x7e, 0x7e, 0x7e, 0x7e, 0x7e,
  0x7e, 0x7e, 0x7e, 0x7f, 0x7f, 0x7f, 0x7f, 0x7f, 0x7f, 0x7f, 0x80, 0x80,
  0x80, 0x80, 0x81, 0x81, 0x81, 0x81, 0x81, 0x81, 0x81, 0x81, 0x81, 0x80,
  0x80, 0x80, 0x80, 0x80, 0x80, 0x80, 0x80, 0x80, 0x80, 0x80, 0x80, 0x80,
  0x80, 0x80, 0x7f, 0x7f, 0x7f, 0x7f, 0x7f, 0x7f, 0x7f, 0x7f, 0x7f, 0x7f,
  0x7f, 0x7f, 0x7f, 0x7f, 0x7f, 0x7f, 0x7f, 0x7f, 0x7f, 0x7f, 0x80, 0x80,
  0x80, 0x80, 0x80, 0x80, 0x80, 0x80, 0x80, 0x80, 0x80, 0x80, 0x80, 0x80,
  0x80, 0x80, 0x7f, 0x7f, 0x7f, 0x7f, 0x7f, 0x7f, 0x7f, 0x7f, 0x7f, 0x7f,
  0x7f, 0x7f, 0x7f, 0x7f, 0x7f, 0x7f, 0x7f, 0x7f, 0x7f, 0x80, 0x80, 0x80,
  0x80, 0x80, 0x80, 0x80, 0x80, 0x80, 0x80, 0x80, 0x80, 0x80, 0x80, 0x80,
  0x80, 0x80, 0x80, 0x80, 0x80, 0x80, 0x80, 0x80, 0x80, 0x80, 0x80, 0x80,
  0x7f, 0x7f, 0x7f, 0x7f, 0x7e, 0x7e, 0x7e, 0x7e, 0x7e, 0x7e, 0x7e, 0x7e,
  0x7e, 0x7e, 0x7e, 0x7e, 0x7e, 0x7f, 0x7f, 0x7f, 0x7f, 0x7f, 0x80, 0x80,
  0x80, 0x80, 0x80, 0x81, 0x81, 0x81, 0x81, 0x81, 0x81, 0x81, 0x81, 0x81,
  0x81, 0x81, 0x81, 0x81, 0x80, 0x80, 0x80, 0x80, 0x80, 0x80, 0x7f, 0x7f,
  0x7f, 0x7f, 0x7e, 0x7e, 0x7e, 0x7d, 0x7d, 0x7d, 0x7d, 0x7d, 0x7d, 0x7d,
  0x7d, 0x7d, 0x7d, 0x7e, 0x7e, 0x7f, 0x7f, 0x7f, 0x80, 0x80, 0x81, 0x81,
  0x81, 0x82, 0x82, 0x82, 0x82, 0x82, 0x83, 0x83, 0x83, 0x83, 0x82, 0x82,
  0x82, 0x82, 0x81, 0x81, 0x81, 0x81, 0x80, 0x80, 0x80, 0x80, 0x7f, 0x7f,
  0x7f, 0x7f, 0x7e, 0x7e, 0x7e, 0x7d, 0x7d, 0x7d, 0x7d, 0x7d, 0x7d, 0x7c,
  0x7c, 0x7d, 0x7d, 0x7d, 0x7d, 0x7e, 0x7e, 0x7f, 0x7f, 0x7f, 0x80, 0x80,
  0x81, 0x81, 0x82, 0x82, 0x82, 0x82, 0x83, 0x83, 0x83, 0x83, 0x83, 0x82,
  0x82, 0x82, 0x82, 0x82, 0x81, 0x81, 0x81, 0x81, 0x80, 0x7f, 0x7f, 0x7e,
  0x7e, 0x7e, 0x7e, 0x7d, 0x7d, 0x7d, 0x7c, 0x7c, 0x7c, 0x7c, 0x7c, 0x7c,
  0x7c, 0x7c, 0x7c, 0x7c, 0x7d, 0x7d, 0x7e, 0x7e, 0x7f, 0x7f, 0x80, 0x80,
  0x81, 0x81, 0x82, 0x83, 0x83, 0x83, 0x84, 0x84, 0x84, 0x84, 0x84, 0x84,
  0x84, 0x83, 0x83, 0x82, 0x82, 0x81, 0x81, 0x80, 0x80, 0x7f, 0x7f, 0x7e,
  0x7d, 0x7d, 0x7d, 0x7d, 0x7c, 0x7c, 0x7c, 0x7c, 0x7b, 0x7b, 0x7b, 0x7c,
  0x7c, 0x7c, 0x7c, 0x7d, 0x7d, 0x7e, 0x7e, 0x7e, 0x7f, 0x7f, 0x7f, 0x80,
  0x80, 0x81, 0x82, 0x82, 0x82, 0x82, 0x83, 0x83, 0x83, 0x83, 0x83, 0x83,
  0x83, 0x83, 0x83, 0x82, 0x82, 0x82, 0x82, 0x81, 0x81, 0x81, 0x80, 0x80,
  0x7f, 0x7f, 0x7e, 0x7d, 0x7d, 0x7e, 0x7d, 0x7d, 0x7c, 0x7c, 0x7c, 0x7b,
  0x7b, 0x7c, 0x7c, 0x7b, 0x7c, 0x7d, 0x7d, 0x7d, 0x7e, 0x7e, 0x7f, 0x7f,
  0x80, 0x80, 0x80, 0x81, 0x81, 0x82, 0x82, 0x82, 0x82, 0x82, 0x82, 0x83,
  0x83, 0x83, 0x83, 0x83, 0x83, 0x83, 0x82, 0x82, 0x81, 0x81, 0x81, 0x81,
  0x80, 0x80, 0x7f, 0x7f, 0x7f, 0x7f, 0x7e, 0x7e, 0x7e, 0x7e, 0x7d, 0x7d,
  0x7d, 0x7c, 0x7c, 0x7c, 0x7c, 0x7d, 0x7c, 0x7c, 0x7e, 0x7e, 0x7e, 0x7e,
  0x7f, 0x7f, 0x7f, 0x80, 0x80, 0x80, 0x80, 0x80, 0x81, 0x82, 0x81, 0x82,
  0x82, 0x82, 0x82, 0x82, 0x82, 0x82, 0x82, 0x82, 0x82, 0x81, 0x81, 0x81,
  0x81, 0x80, 0x80, 0x80, 0x7f, 0x7f, 0x7f, 0x7f, 0x7f, 0x7e, 0x7d, 0x7e,
  0x7e, 0x7e, 0x7d, 0x7d, 0x7d, 0x7d, 0x7d, 0x7d, 0x7e, 0x7e, 0x7d, 0x7e,
  0x7f, 0x7f, 0x7e, 0x7f, 0x7f, 0x7f, 0x80, 0x80, 0x80, 0x80, 0x80, 0x80,
  0x81, 0x81, 0x81, 0x82, 0x82, 0x81, 0x81, 0x81, 0x82, 0x81, 0x81, 0x81,
  0x82, 0x81, 0x81, 0x81, 0x81, 0x81, 0x80, 0x81, 0x80, 0x80, 0x80, 0x80,
  0x80, 0x7f, 0x7e, 0x7f, 0x7f, 0x7f, 0x7e, 0x7e, 0x7e, 0x7e, 0x7d, 0x7d,
  0x7e, 0x7e, 0x7d, 0x7e, 0x7f, 0x7e, 0x7e, 0x7f, 0x7f, 0x7f, 0x7f, 0x80,
  0x80, 0x80, 0x7f, 0x80, 0x81, 0x81, 0x80, 0x81, 0x81, 0x81, 0x80, 0x81,
  0x81, 0x81, 0x81, 0x81, 0x81, 0x80, 0x80, 0x80, 0x81, 0x81, 0x81, 0x81,
  0x81, 0x81, 0x80, 0x80, 0x80, 0x7e, 0x7e, 0x7e, 0x7e, 0x7e, 0x7d, 0x7e,
  0x7e, 0x7d, 0x7d, 0x7d, 0x7e, 0x7d, 0x7e, 0x7f, 0x7f, 0x7e, 0x7f, 0x7f,
  0x7e, 0x7f, 0x7f, 0x80, 0x80, 0x80, 0x80, 0x80, 0x80, 0x81, 0x81, 0x81,
  0x81, 0x81, 0x81, 0x81, 0x82, 0x82, 0x81, 0x81, 0x81, 0x81, 0x81, 0x81,
  0x82, 0x82, 0x82, 0x81, 0x81, 0x81, 0x80, 0x7f, 0x7e, 0x7c, 0x7c, 0x7d,
  0x7d, 0x7d, 0x7d, 0x7d, 0x7c, 0x7b, 0x7b, 0x7c, 0x7d, 0x7c, 0x7e, 0x7f,
  0x7e, 0x7d, 0x7e, 0x7f, 0x7f, 0x7f, 0x7f, 0x7f, 0x7f, 0x7f, 0x80, 0x82,
  0x82, 0x82, 0x82, 0x82, 0x82, 0x82, 0x82, 0x83, 0x83, 0x82, 0x82, 0x82,
  0x82, 0x82, 0x83, 0x83, 0x82, 0x82, 0x82, 0x82, 0x81, 0x81, 0x7f, 0x7f,
  0x7b, 0x79, 0x7b, 0x7c, 0x7d, 0x7b, 0x7a, 0x7b, 0x78, 0x78, 0x79, 0x7c,
  0x7c, 0x7a, 0x7e, 0x7f, 0x7e, 0x7d, 0x7f, 0x81, 0x7f, 0x7e, 0x7e, 0x7f,
  0x82, 0x83, 0x85, 0x86, 0x85, 0x85, 0x84, 0x85, 0x83, 0x83, 0x85, 0x85,
  0x86, 0x83, 0x83, 0x83, 0x83, 0x84, 0x82, 0x83, 0x81, 0x83, 0x84, 0x83,
  0x83, 0x7f, 0x7e, 0x7b, 0x70, 0x73, 0x78, 0x7a, 0x7d, 0x74, 0x79, 0x76,
  0x72, 0x75, 0x76, 0x7c, 0x76, 0x78, 0x82, 0x81, 0x7e, 0x7b, 0x7f, 0x7f,
  0x7d, 0x81, 0x7e, 0x81, 0x82, 0x86, 0x8d, 0x8a, 0x8a, 0x88, 0x88, 0x8a,
  0x85, 0x88, 0x88, 0x88, 0x89, 0x86, 0x87, 0x82, 0x85, 0x84, 0x82, 0x84,
  0x81, 0x88, 0x86, 0x85, 0x82, 0x7a, 0x7c, 0x6f, 0x6a, 0x76, 0x76, 0x7e,
  0x74, 0x73, 0x7c, 0x71, 0x75, 0x74, 0x78, 0x7b, 0x74, 0x83, 0x87, 0x81,
  0x7b, 0x7e, 0x87, 0x82, 0x80, 0x7e, 0x81, 0x86, 0x86, 0x8d, 0x8a, 0x87,
  0x88, 0x87, 0x89, 0x80, 0x7e, 0x86, 0x8c, 0x8f, 0x85, 0x84, 0x82, 0x83,
  0x89, 0x83, 0x83, 0x7f, 0x88, 0x90, 0x88, 0x85, 0x7a, 0x7a, 0x7e, 0x62,
  0x5e, 0x6d, 0x71, 0x7a, 0x66, 0x70, 0x7a, 0x61, 0x65, 0x66, 0x75, 0x74,
  0x6f, 0x89, 0x8d, 0x81, 0x7b, 0x86, 0x90, 0x84, 0x80, 0x81, 0x8c, 0x92,
  0x91, 0x9e, 0x95, 0x95, 0x98, 0x92, 0x8d, 0x7f, 0x84, 0x8f, 0x90, 0x87,
  0x79, 0x84, 0x82, 0x81, 0x7a, 0x71, 0x7e, 0x7f, 0x91, 0x8b, 0x82, 0x85,
  0x78, 0x84, 0x63, 0x35, 0x64, 0x72, 0x7e, 0x6b, 0x4b, 0x8b, 0x76, 0x60,
  0x5f, 0x62, 0x85, 0x75, 0x82, 0x90, 0x83, 0x80, 0x84, 0x99, 0x86, 0x71,
  0x76, 0x83, 0x95, 0x7c, 0x85, 0x92, 0x8b, 0x90, 0x81, 0x7f, 0x7e, 0x7c,
  0x89, 0x8c, 0x8f, 0x87, 0x8d, 0x94, 0x89, 0x91, 0x88, 0x8f, 0x90, 0x90,
  0xa2, 0x97, 0x95, 0x8d, 0x86, 0x8e, 0x55, 0x55, 0x84, 0x70, 0x7d, 0x58,
  0x76, 0x9c, 0x5c, 0x5c, 0x62, 0x76, 0x73, 0x5a, 0x77, 0x85, 0x7c, 0x77,
  0x78, 0x86, 0x78, 0x75, 0x76, 0x7a, 0x80, 0x79, 0x90, 0x84, 0x80, 0x91,
  0x87, 0x80, 0x72, 0x7e, 0x93, 0x96, 0x8d, 0x7f, 0x9b, 0x95, 0x93, 0x96,
  0x8c, 0xa4, 0x9e, 0xa7, 0xa5, 0x9e, 0xad, 0x9d, 0x9b, 0x78, 0x43, 0x82,
  0x7a, 0x65, 0x60, 0x45, 0x93, 0x6a, 0x3c, 0x58, 0x63, 0x77, 0x58, 0x5d,
  0x7c, 0x7a, 0x74, 0x6e, 0x71, 0x71, 0x73, 0x63, 0x69, 0x81, 0x6d, 0x76,
  0x7c, 0x76, 0x93, 0x84, 0x74, 0x85, 0x89, 0x96, 0x99, 0x96, 0x8d, 0xa2,
  0xa5, 0x8a, 0x9b, 0x95, 0xa7, 0xa6, 0x9d, 0xb2, 0xab, 0xb3, 0xa2, 0x97,
  0x98, 0x54, 0x7e, 0x8c, 0x53, 0x75, 0x5a, 0x8c, 0x7d, 0x2f, 0x5d, 0x65,
  0x66, 0x4c, 0x4d, 0x75, 0x66, 0x5f, 0x5f, 0x5d, 0x6f, 0x68, 0x5d, 0x67,
  0x7b, 0x72, 0x6e, 0x87, 0x7f, 0x8f, 0x8e, 0x7a, 0x99, 0x93, 0x8c, 0x99,
  0xa5, 0xa2, 0x99, 0xac, 0x9d, 0xb3, 0xaf, 0xa5, 0xb9, 0xa8, 0xb9, 0xba,
  0xad, 0xac, 0x96, 0xa3, 0x76, 0x55, 0x8b, 0x51, 0x60, 0x63, 0x4d, 0x7c,
  0x32, 0x3d, 0x63, 0x4c, 0x46, 0x4d, 0x70, 0x67, 0x5d, 0x73, 0x6e, 0x69,
  0x6a, 0x6a, 0x6f, 0x7a, 0x70, 0x67, 0x86, 0x7b, 0x7b, 0x9f, 0x7e, 0x8e,
  0xa5, 0x92, 0xa7, 0xa9, 0xa7, 0x9f, 0xb1, 0xa5, 0xa5, 0xb3, 0x99, 0xb0,
  0xa2, 0x9d, 0xb3, 0xa2, 0xa7, 0x9a, 0x96, 0x91, 0x4d, 0x83, 0x64, 0x39,
  0x72, 0x3d, 0x69, 0x48, 0x1b, 0x5a, 0x47, 0x3a, 0x42, 0x65, 0x63, 0x4b,
  0x6d, 0x64, 0x67, 0x71, 0x64, 0x82, 0x7e, 0x7a, 0x81, 0x92, 0x99, 0x81,
  0xa4, 0xa5, 0x8f, 0xa1, 0x95, 0xa8, 0xa8, 0xa2, 0xa5, 0xa5, 0xa9, 0x9c,
  0xb2, 0xa0, 0xa8, 0xab, 0x99, 0xb1, 0xa0, 0x95, 0x98, 0x88, 0x9a, 0x5b,
  0x55, 0x82, 0x30, 0x5e, 0x50, 0x43, 0x69, 0x20, 0x45, 0x5b, 0x36, 0x37,
  0x5c, 0x6c, 0x4b, 0x6a, 0x73, 0x68, 0x7e, 0x65, 0x7a, 0x93, 0x82, 0x83,
  0x92, 0x9e, 0x92, 0x9d, 0xb1, 0x9d, 0xac, 0xa4, 0xaf, 0xbc, 0x9e, 0xae,
  0xaa, 0xa9, 0x9a, 0xa0, 0x9d, 0x92, 0x9a, 0x8d, 0x9d, 0x9b, 0x86, 0x97,
  0x86, 0x87, 0x70, 0x45, 0x83, 0x49, 0x46, 0x66, 0x3a, 0x6e, 0x3d, 0x38,
  0x6f, 0x4e, 0x43, 0x5c, 0x74, 0x5c, 0x69, 0x85, 0x6e, 0x7c, 0x7c, 0x76,
  0x90, 0x7f, 0x7d, 0x94, 0x91, 0x8c, 0x98, 0xa7, 0x92, 0xa2, 0xa6, 0x99,
  0xaf, 0x9f, 0xa9, 0xa9, 0xa2, 0xa6, 0xa7, 0xa2, 0x9e, 0xac, 0x94, 0x9e,
  0xaa, 0x8c, 0x91, 0x86, 0x7f, 0x84, 0x49, 0x6c, 0x66, 0x39, 0x6b, 0x44,
  0x58, 0x53, 0x2d, 0x64, 0x5b, 0x44, 0x50, 0x6f, 0x67, 0x64, 0x80, 0x75,
  0x7d, 0x83, 0x7c, 0x8c, 0x8e, 0x83, 0x90, 0x94, 0x90, 0x8c, 0x9e, 0x94,
  0x8d, 0x9d, 0x88, 0x99, 0x97, 0x95, 0x9a, 0x91, 0x92, 0x97, 0x9a, 0x8a,
  0x98, 0x90, 0x8c, 0xa1, 0x90, 0x90, 0x93, 0x86, 0x91, 0x6a, 0x65, 0x81,
  0x51, 0x62, 0x5d, 0x54, 0x63, 0x38, 0x52, 0x60, 0x4d, 0x4b, 0x63, 0x6f,
  0x62, 0x74, 0x76, 0x7f, 0x7f, 0x73, 0x7e, 0x8c, 0x81, 0x84, 0x8e, 0x91,
  0x8f, 0x90, 0x9b, 0x94, 0x98, 0x8d, 0x9b, 0xa0, 0x96, 0x98, 0x90, 0x95,
  0x90, 0x8b, 0x89, 0x89, 0x89, 0x80, 0x8d, 0x8e, 0x86, 0x87, 0x84, 0x88,
  0x82, 0x6e, 0x79, 0x80, 0x71, 0x6f, 0x6d, 0x78, 0x69, 0x61, 0x70, 0x70,
  0x65, 0x60, 0x6e, 0x76, 0x74, 0x6f, 0x76, 0x81, 0x76, 0x75, 0x81, 0x80,
  0x81, 0x85, 0x80, 0x8a, 0x89, 0x84, 0x8b, 0x8c, 0x8c, 0x8d, 0x93, 0x97,
  0x9c, 0x92, 0x96, 0x9d, 0x97, 0x96, 0x96, 0x97, 0x93, 0x92, 0x95, 0x91,
  0x88, 0x8a, 0x83, 0x81, 0x76, 0x70, 0x78, 0x6c, 0x66, 0x61, 0x64, 0x61,
  0x55, 0x5c, 0x5d, 0x63, 0x5e, 0x5e, 0x71, 0x75, 0x6d, 0x6f, 0x7b, 0x77,
  0x70, 0x78, 0x7a, 0x7f, 0x82, 0x7a, 0x80, 0x84, 0x85, 0x85, 0x88, 0x8d,
  0x91, 0x95, 0x93, 0x9f, 0x9c, 0x96, 0x98, 0x9a, 0x9a, 0x97, 0x99, 0x9a,
  0x9c, 0x9e, 0x97, 0x95, 0x96, 0x91, 0x88, 0x78, 0x7c, 0x7f, 0x73, 0x68,
  0x66, 0x6b, 0x59, 0x4e, 0x57, 0x53, 0x59, 0x51, 0x58, 0x6a, 0x63, 0x62,
  0x65, 0x78, 0x6f, 0x70, 0x7b, 0x7f, 0x89, 0x8d, 0x8c, 0x95, 0x95, 0x93,
  0x93, 0x97, 0x99, 0x93, 0x9d, 0x9b, 0xa3, 0x9c, 0x9a, 0x9a, 0x9b, 0x99,
  0x95, 0x95, 0x95, 0x94, 0x94, 0x8d, 0x8d, 0x87, 0x87, 0x7e, 0x68, 0x81,
  0x71, 0x6c, 0x68, 0x64, 0x73, 0x5b, 0x57, 0x66, 0x5a, 0x5d, 0x53, 0x63,
  0x6b, 0x5d, 0x60, 0x6c, 0x78, 0x65, 0x6e, 0x78, 0x80, 0x7e, 0x7b, 0x89,
  0x94, 0x86, 0x8e, 0x93, 0x9d, 0x9b, 0x96, 0xa2, 0xa8, 0xaa, 0x9f, 0xa6,
  0xa4, 0x9f, 0x9d, 0x9c, 0x9c, 0x9c, 0x95, 0x98, 0x90, 0x90, 0x7f, 0x85,
  0x6a, 0x68, 0x7a, 0x54, 0x61, 0x5d, 0x5d, 0x5a, 0x3f, 0x53, 0x58, 0x4a,
  0x4d, 0x56, 0x70, 0x63, 0x65, 0x71, 0x7e, 0x77, 0x72, 0x81, 0x89, 0x84,
  0x7e, 0x88, 0x98, 0x8e, 0x83, 0x94, 0x9a, 0x95, 0x8f, 0xa2, 0xa6, 0xa3,
  0x9d, 0xa9, 0xaf, 0xa1, 0xa0, 0xab, 0xa8, 0xa3, 0xa4, 0xaa, 0x9f, 0x97,
  0x8f, 0x8c, 0x6f, 0x5d, 0x7f, 0x52, 0x54, 0x5a, 0x55, 0x5b, 0x35, 0x49,
  0x54, 0x3d, 0x43, 0x4a, 0x66, 0x55, 0x59, 0x77, 0x74, 0x7b, 0x74, 0x84,
  0x91, 0x7e, 0x85, 0x98, 0x99, 0x95, 0x98, 0xa5, 0x9b, 0x9c, 0x9f, 0xa7,
  0xa0, 0x99, 0xa9, 0xa3, 0x9c, 0xa2, 0xa3, 0xa0, 0x9a, 0xa2, 0xa4, 0x9f,
  0x98, 0x9b, 0x96, 0x90, 0x6d, 0x67, 0x8b, 0x4c, 0x56, 0x60, 0x50, 0x5c,
  0x2d, 0x47, 0x59, 0x27, 0x34, 0x53, 0x55, 0x43, 0x5f, 0x70, 0x6a, 0x73,
  0x74, 0x85, 0x7f, 0x7d, 0x8b, 0x97, 0x8c, 0x90, 0xa7, 0xa4, 0x90, 0xa1,
  0xa6, 0x9c, 0x9c, 0xa7, 0xa9, 0x9b, 0xa2, 0xa9, 0xa7, 0x98, 0x9e, 0xa9,
  0x9a, 0x97, 0x9b, 0x95, 0x88, 0x80, 0x5c, 0x69, 0x69, 0x36, 0x61, 0x42,
  0x4a, 0x55, 0x24, 0x5d, 0x50, 0x27, 0x53, 0x61, 0x4f, 0x55, 0x7f, 0x73,
  0x7a, 0x87, 0x7d, 0x9a, 0x7b, 0x80, 0xa2, 0x85, 0x83, 0xa0, 0x9a, 0x9b,
  0x92, 0xa1, 0xa5, 0x92, 0x95, 0xa8, 0x98, 0x87, 0xa9, 0x9a, 0x96, 0x9d,
  0xa0, 0xa7, 0x98, 0x9a, 0xaa, 0x8f, 0x97, 0x75, 0x70, 0x8c, 0x44, 0x6a,
  0x5d, 0x3d, 0x65, 0x27, 0x43, 0x5b, 0x1f, 0x3c, 0x5d, 0x50, 0x47, 0x77,
  0x76, 0x69, 0x8d, 0x82, 0x94, 0x8d, 0x7a, 0xa6, 0x93, 0x82, 0xab, 0xa1,
  0x9d, 0x9d, 0x9f, 0xaa, 0x9f, 0x96, 0xa5, 0xac, 0x85, 0xa7, 0xa8, 0x8a,
  0xa5, 0x9c, 0xa3, 0xa7, 0x9b, 0xb0, 0x9a, 0x9a, 0x8a, 0x67, 0x99, 0x55,
  0x5d, 0x77, 0x3c, 0x6c, 0x3b, 0x36, 0x64, 0x27, 0x32, 0x5e, 0x53, 0x3e,
  0x6d, 0x81, 0x5f, 0x85, 0x86, 0x86, 0x8c, 0x77, 0x9b, 0x96, 0x7c, 0xa2,
  0xae, 0x99, 0x9e, 0xb0, 0xaa, 0xa1, 0xa8, 0xa7, 0xb3, 0x97, 0xa6, 0xb3,
  0x91, 0xa4, 0xa3, 0xa2, 0xa3, 0x9c, 0xab, 0x98, 0x98, 0x8a, 0x5d, 0x92,
  0x59, 0x52, 0x77, 0x34, 0x68, 0x3a, 0x23, 0x5e, 0x20, 0x19, 0x4e, 0x4b,
  0x2c, 0x5e, 0x77, 0x55, 0x78, 0x83, 0x81, 0x88, 0x77, 0x92, 0x9d, 0x78,
  0x98, 0xb1, 0x93, 0x9a, 0xb1, 0xa9, 0xa2, 0xa9, 0xa8, 0xba, 0x9b, 0xa3,
  0xbe, 0x96, 0xa2, 0xad, 0xa2, 0xa4, 0xa2, 0xa9, 0x99, 0x9b, 0x90, 0x61,
  0x98, 0x65, 0x53, 0x87, 0x3d, 0x70, 0x4c, 0x27, 0x69, 0x28, 0x15, 0x4c,
  0x45, 0x24, 0x4d, 0x76, 0x50, 0x72, 0x7a, 0x76, 0x97, 0x5f, 0x90, 0xa7,
  0x6c, 0xa4, 0xb3, 0x98, 0xb2, 0xb0, 0xb6, 0xc0, 0xaf, 0xb0, 0xd7, 0xa7,
  0xa8, 0xd3, 0x9b, 0xae, 0xad, 0x9f, 0xab, 0x97, 0xa1, 0x9d, 0x89, 0x87,
  0x5c, 0x86, 0x61, 0x4a, 0x7f, 0x3b, 0x6a, 0x4e, 0x2e, 0x66, 0x2d, 0x20,
  0x4a, 0x49, 0x2f, 0x49, 0x78, 0x49, 0x6a, 0x72, 0x6f, 0x8a, 0x57, 0x8b,
  0x95, 0x66, 0x9a, 0xa1, 0x90, 0xa3, 0x9e, 0xaf, 0xab, 0xa4, 0xa9, 0xce,
  0xa0, 0xad, 0xd4, 0x9b, 0xb6, 0xb2, 0xaa, 0xad, 0x97, 0xac, 0x95, 0x8f,
  0x7a, 0x57, 0x91, 0x35, 0x58, 0x69, 0x22, 0x69, 0x27, 0x31, 0x53, 0x0e,
  0x26, 0x3d, 0x35, 0x1a, 0x53, 0x60, 0x2e, 0x73, 0x58, 0x6d, 0x70, 0x58,
  0x91, 0x79, 0x74, 0x9f, 0x96, 0x9a, 0xa0, 0xae, 0xb1, 0xac, 0xb9, 0xbb,
  0xcb, 0xa6, 0xcb, 0xc9, 0xa8, 0xc2, 0xb2, 0xb2, 0xab, 0x9f, 0xad, 0x8b,
  0x95, 0x66, 0x71, 0x7b, 0x2f, 0x7a, 0x3f, 0x41, 0x5e, 0x19, 0x50, 0x3a,
  0x15, 0x38, 0x40, 0x33, 0x2b, 0x6e, 0x46, 0x4f, 0x7b, 0x5f, 0x87, 0x61,
  0x7d, 0x96, 0x72, 0x98, 0xa3, 0x9f, 0xaa, 0xa2, 0xcb, 0xbd, 0xb6, 0xce,
  0xdc, 0xc0, 0xc3, 0xed, 0xc0, 0xca, 0xcf, 0xc1, 0xcc, 0xa7, 0xbb, 0xad,
  0x8c, 0x84, 0x62, 0x8a, 0x3a, 0x53, 0x6b, 0x1e, 0x56, 0x28, 0x28, 0x45,
  0x09, 0x22, 0x3d, 0x31, 0x25, 0x58, 0x64, 0x3b, 0x76, 0x73, 0x6f, 0x7b,
  0x6f, 0x8f, 0x7e, 0x7d, 0xa9, 0x9f, 0xa4, 0xa4, 0xbb, 0xbf, 0xb6, 0xc3,
  0xd5, 0xd7, 0xbf, 0xe6, 0xdf, 0xca, 0xdb, 0xd2, 0xd3, 0xc7, 0xbe, 0xc1,
  0xa1, 0x96, 0x60, 0x8a, 0x61, 0x30, 0x77, 0x32, 0x3e, 0x38, 0x18, 0x47,
  0x13, 0x08, 0x2f, 0x2c, 0x16, 0x2b, 0x6b, 0x2a, 0x50, 0x6f, 0x5f, 0x75,
  0x5e, 0x85, 0x84, 0x73, 0x8f, 0x9c, 0xa0, 0x9c, 0xa4, 0xc1, 0xb4, 0xb5,
  0xc4, 0xda, 0xbd, 0xc6, 0xe2, 0xc5, 0xcf, 0xd0, 0xcd, 0xc9, 0xb7, 0xbe,
  0xa9, 0x93, 0x6a, 0x7e, 0x72, 0x2c, 0x6c, 0x44, 0x36, 0x39, 0x16, 0x41,
  0x13, 0x00, 0x2b, 0x2f, 0x16, 0x24, 0x61, 0x3e, 0x40, 0x70, 0x67, 0x6e,
  0x6e, 0x81, 0x89, 0x80, 0x93, 0x9c, 0xa7, 0xa5, 0xa7, 0xc0, 0xb6, 0xbc,
  0xc9, 0xd3, 0xc8, 0xd0, 0xe0, 0xd0, 0xd8, 0xdb, 0xdf, 0xda, 0xce, 0xd0,
  0xbc, 0xa3, 0x72, 0x91, 0x72, 0x3b, 0x75, 0x47, 0x44, 0x39, 0x22, 0x3b,
  0x1b, 0x03, 0x1b, 0x31, 0x0d, 0x18, 0x53, 0x2d, 0x2f, 0x4b, 0x57, 0x5b,
  0x4f, 0x76, 0x78, 0x7b, 0x85, 0x91, 0xa5, 0xa2, 0x99, 0xbd, 0xbf, 0xb2,
  0xc4, 0xd9, 0xc5, 0xc3, 0xdb, 0xca, 0xd4, 0xcd, 0xd9, 0xd6, 0xc3, 0xc6,
  0xbd, 0x86, 0x74, 0x91, 0x54, 0x4a, 0x5e, 0x4c, 0x41, 0x1c, 0x37, 0x33,
  0x04, 0x0a, 0x20, 0x29, 0x06, 0x22, 0x50, 0x33, 0x33, 0x56, 0x61, 0x5a,
  0x5e, 0x77, 0x87, 0x85, 0x90, 0xa0, 0xb2, 0xaf, 0xae, 0xcb, 0xce, 0xc8,
  0xd3, 0xde, 0xd6, 0xd5, 0xda, 0xdd, 0xde, 0xd8, 0xd7, 0xd8, 0xcc, 0xbf,
  0xaa, 0x7c, 0x91, 0x7a, 0x52, 0x66, 0x56, 0x53, 0x30, 0x2f, 0x41, 0x25,
  0x16, 0x1b, 0x33, 0x2d, 0x19, 0x3a, 0x50, 0x42, 0x40, 0x5d, 0x6c, 0x5d,
  0x65, 0x73, 0x87, 0x84, 0x82, 0x9d, 0xac, 0xa2, 0xa6, 0xc0, 0xcd, 0xc6,
  0xc7, 0xd1, 0xda, 0xd0, 0xc6, 0xdc, 0xd7, 0xcf, 0xc8, 0xcb, 0xc4, 0xab,
  0x82, 0x7f, 0x8d, 0x61, 0x57, 0x58, 0x61, 0x47, 0x1c, 0x39, 0x36, 0x20,
  0x15, 0x19, 0x37, 0x2c, 0x21, 0x36, 0x45, 0x42, 0x3b, 0x52, 0x63, 0x5e,
  0x59, 0x67, 0x83, 0x86, 0x7e, 0x93, 0xa7, 0xa6, 0xa6, 0xb8, 0xc7, 0xca,
  0xcb, 0xca, 0xdb, 0xdb, 0xd5, 0xda, 0xdc, 0xda, 0xce, 0xcd, 0xc1, 0x9c,
  0x8d, 0x8f, 0x82, 0x70, 0x5c, 0x60, 0x5e, 0x3e, 0x32, 0x37, 0x33, 0x23,
  0x1f, 0x35, 0x3c, 0x2e, 0x39, 0x50, 0x4f, 0x47, 0x54, 0x66, 0x68, 0x67,
  0x74, 0x84, 0x8b, 0x92, 0x9a, 0xa4, 0xaa, 0xac, 0xb9, 0xc7, 0xc9, 0xca,
  0xd3, 0xd6, 0xd4, 0xd9, 0xd9, 0xd8, 0xd8, 0xcf, 0xc9, 0xbb, 0xa1, 0x8b,
  0x8a, 0x85, 0x75, 0x63, 0x5d, 0x5a, 0x46, 0x3e, 0x3c, 0x36, 0x2f, 0x29,
  0x34, 0x3e, 0x31, 0x32, 0x47, 0x50, 0x4d, 0x50, 0x5c, 0x5b, 0x59, 0x65,
  0x73, 0x7a, 0x7c, 0x86, 0x92, 0x9a, 0x9c, 0xa2, 0xb1, 0xb5, 0xb9, 0xc3,
  0xca, 0xc6, 0xc6, 0xcf, 0xcd, 0xcc, 0xcc, 0xc6, 0xba, 0xa3, 0x90, 0x8c,
  0x88, 0x7b, 0x6c, 0x65, 0x5b, 0x4d, 0x43, 0x3c, 0x37, 0x30, 0x27, 0x2f,
  0x3a, 0x35, 0x32, 0x3c, 0x42, 0x46, 0x4f, 0x5a, 0x5c, 0x5b, 0x65, 0x72,
  0x7d, 0x83, 0x87, 0x90, 0x9b, 0xa6, 0xac, 0xb7, 0xbd, 0xbe, 0xc5, 0xc8,
  0xcb, 0xca, 0xca, 0xcc, 0xca, 0xc7, 0xc5, 0xbe, 0xa7, 0x94, 0x92, 0x8c,
  0x84, 0x76, 0x6c, 0x69, 0x59, 0x50, 0x4d, 0x4b, 0x44, 0x3d, 0x43, 0x4c,
  0x49, 0x43, 0x4c, 0x53, 0x52, 0x5a, 0x66, 0x65, 0x62, 0x68, 0x72, 0x7c,
  0x7c, 0x7e, 0x83, 0x82, 0x8a, 0x95, 0x9f, 0xa1, 0xa0, 0xa5, 0xaa, 0xaa,
  0xa8, 0xaa, 0xa7, 0xa4, 0xa9, 0xa8, 0x9d, 0x8a, 0x7b, 0x79, 0x76, 0x6e,
  0x63, 0x5f, 0x57, 0x4c, 0x48, 0x44, 0x43, 0x3e, 0x3a, 0x40, 0x46, 0x43,
  0x3f, 0x46, 0x4a, 0x49, 0x50, 0x58, 0x58, 0x55, 0x5c, 0x66, 0x6d, 0x74,
  0x77, 0x7b, 0x81, 0x88, 0x92, 0x9f, 0xa6, 0xa7, 0xae, 0xb8, 0xba, 0xbd,
  0xc0, 0xc2, 0xc1, 0xc1, 0xc5, 0xbb, 0xa9, 0x9c, 0x9a, 0x93, 0x89, 0x80,
  0x78, 0x6d, 0x5e, 0x5a, 0x5a, 0x56, 0x4d, 0x48, 0x50, 0x52, 0x4d, 0x51,
  0x58, 0x5a, 0x5c, 0x62, 0x6b, 0x6b, 0x6d, 0x75, 0x7d, 0x85, 0x86, 0x8a,
  0x8e, 0x93, 0x99, 0xa1, 0xae, 0xb4, 0xb4, 0xbc, 0xc4, 0xc2, 0xc3, 0xcb,
  0xcc, 0xcb, 0xcd, 0xc9, 0xbf, 0xb0, 0xa3, 0x9f, 0x9a, 0x8d, 0x81, 0x79,
  0x6f, 0x61, 0x5c, 0x58, 0x53, 0x4b, 0x47, 0x4d, 0x50, 0x4e, 0x4e, 0x54,
  0x58, 0x59, 0x5d, 0x61, 0x64, 0x68, 0x6e, 0x73, 0x79, 0x7d, 0x7e, 0x7f,
  0x83, 0x8a, 0x92, 0x9a, 0xa3, 0xa8, 0xab, 0xae, 0xb1, 0xb3, 0xb7, 0xba,
  0xba, 0xb9, 0xb7, 0xae, 0xa0, 0x97, 0x93, 0x8c, 0x84, 0x79, 0x6e, 0x67,
  0x5c, 0x56, 0x52, 0x4e, 0x49, 0x45, 0x49, 0x4c, 0x4a, 0x4d, 0x53, 0x56,
  0x59, 0x5f, 0x62, 0x63, 0x66, 0x6f, 0x77, 0x7c, 0x81, 0x84, 0x86, 0x87,
  0x8d, 0x98, 0xa0, 0xa6, 0xaa, 0xb1, 0xb5, 0xb5, 0xb8, 0xbc, 0xbd, 0xbf,
  0xc2, 0xc1, 0xbb, 0xae, 0x9f, 0x99, 0x95, 0x8e, 0x84, 0x78, 0x71, 0x67,
  0x60, 0x5b, 0x55, 0x50, 0x48, 0x49, 0x51, 0x52, 0x51, 0x55, 0x59, 0x5a,
  0x5e, 0x64, 0x67, 0x64, 0x68, 0x6f, 0x76, 0x7d, 0x7e, 0x7e, 0x7e, 0x82,
  0x89, 0x94, 0x9b, 0x9e, 0xa1, 0xa7, 0xac, 0xad, 0xad, 0xae, 0xaf, 0xb1,
  0xb5, 0xb4, 0xac, 0x9e, 0x90, 0x8d, 0x8a, 0x86, 0x7b, 0x72, 0x6f, 0x63,
  0x60, 0x5f, 0x5a, 0x56, 0x52, 0x57, 0x5e, 0x5d, 0x5f, 0x63, 0x68, 0x6d,
  0x6f, 0x76, 0x74, 0x73, 0x79, 0x7e, 0x88, 0x8b, 0x8a, 0x8c, 0x8e, 0x95,
  0x9a, 0xa2, 0xa7, 0xa8, 0xac, 0xb1, 0xb4, 0xb4, 0xb0, 0xae, 0xb0, 0xb2,
  0xb2, 0xaa, 0xa1, 0x91, 0x83, 0x84, 0x80, 0x7d, 0x70, 0x67, 0x67, 0x5b,
  0x5a, 0x58, 0x52, 0x50, 0x4c, 0x56, 0x5b, 0x58, 0x59, 0x5a, 0x60, 0x64,
  0x65, 0x69, 0x65, 0x66, 0x6a, 0x6f, 0x77, 0x76, 0x77, 0x7a, 0x7d, 0x84,
  0x8a, 0x92, 0x97, 0x96, 0x9b, 0xa1, 0xa4, 0xa5, 0xa4, 0xa6, 0xa6, 0xa7,
  0xa8, 0xa1, 0x99, 0x88, 0x7c, 0x81, 0x79, 0x77, 0x6d, 0x66, 0x6d, 0x5e,
  0x5e, 0x5e, 0x55, 0x59, 0x59, 0x62, 0x67, 0x61, 0x65, 0x68, 0x6f, 0x72,
  0x6d, 0x73, 0x70, 0x6f, 0x74, 0x77, 0x7e, 0x79, 0x79, 0x80, 0x81, 0x87,
  0x8b, 0x92, 0x98, 0x95, 0x9a, 0x9d, 0xa0, 0xa1, 0x9c, 0xa0, 0x9f, 0x9e,
  0x9f, 0x94, 0x8e, 0x7e, 0x70, 0x7a, 0x6f, 0x6a, 0x64, 0x58, 0x66, 0x5c,
  0x56, 0x59, 0x51, 0x58, 0x5e, 0x62, 0x66, 0x62, 0x68, 0x6e, 0x76, 0x79,
  0x74, 0x78, 0x77, 0x7b, 0x7d, 0x79, 0x7f, 0x7d, 0x7f, 0x86, 0x83, 0x86,
  0x88, 0x8e, 0x94, 0x96, 0x98, 0x99, 0x9d, 0xa0, 0x9d, 0x9f, 0x9f, 0x9e,
  0xa2, 0x9a, 0x95, 0x8e, 0x78, 0x7e, 0x7c, 0x6f, 0x74, 0x62, 0x6a, 0x6e,
  0x5c, 0x60, 0x58, 0x5b, 0x61, 0x62, 0x67, 0x62, 0x68, 0x6c, 0x71, 0x76,
  0x6f, 0x73, 0x76, 0x77, 0x7a, 0x75, 0x77, 0x79, 0x7b, 0x81, 0x80, 0x82,
  0x84, 0x89, 0x91, 0x94, 0x94, 0x92, 0x98, 0x9b, 0x9f, 0x9d, 0x9d, 0x9f,
  0x9c, 0xa1, 0x9b, 0x98, 0x90, 0x7f, 0x87, 0x7f, 0x78, 0x7b, 0x6b, 0x77,
  0x71, 0x69, 0x6e, 0x66, 0x6d, 0x6e, 0x72, 0x73, 0x74, 0x7b, 0x7f, 0x85,
  0x7f, 0x7f, 0x81, 0x84, 0x88, 0x80, 0x80, 0x82, 0x82, 0x87, 0x86, 0x85,
  0x88, 0x8a, 0x8c, 0x91, 0x92, 0x8f, 0x93, 0x96, 0x94, 0x9c, 0x96, 0x96,
  0x9c, 0x98, 0x9d, 0x99, 0x94, 0x94, 0x8c, 0x87, 0x88, 0x7e, 0x7c, 0x77,
  0x73, 0x76, 0x6d, 0x6a, 0x65, 0x68, 0x6b, 0x6e, 0x6e, 0x6c, 0x71, 0x73,
  0x77, 0x77, 0x74, 0x75, 0x75, 0x75, 0x74, 0x72, 0x72, 0x75, 0x75, 0x77,
  0x76, 0x79, 0x7c, 0x7d, 0x80, 0x80, 0x84, 0x87, 0x8a, 0x8a, 0x8b, 0x8c,
  0x8e, 0x92, 0x94, 0x95, 0x95, 0x96, 0x97, 0x95, 0x94, 0x8a, 0x88, 0x86,
  0x80, 0x81, 0x76, 0x75, 0x71, 0x6b, 0x6d, 0x68, 0x6b, 0x68, 0x68, 0x6c,
  0x6b, 0x71, 0x71, 0x71, 0x73, 0x70, 0x71, 0x72, 0x72, 0x73, 0x73, 0x75,
  0x79, 0x7b, 0x7e, 0x7e, 0x7e, 0x81, 0x86, 0x8a, 0x8c, 0x8e, 0x8e, 0x90,
  0x93, 0x95, 0x95, 0x97, 0x99, 0x9d, 0xa2, 0xa2, 0xa3, 0xa1, 0xa1, 0xa1,
  0x9f, 0x99, 0x93, 0x90, 0x89, 0x85, 0x7e, 0x7a, 0x77, 0x71, 0x6c, 0x68,
  0x65, 0x65, 0x67, 0x64, 0x63, 0x63, 0x65, 0x69, 0x69, 0x67, 0x68, 0x6a,
  0x6f, 0x70, 0x71, 0x74, 0x75, 0x7c, 0x7f, 0x81, 0x84, 0x87, 0x8a, 0x8f,
  0x92, 0x93, 0x95, 0x97, 0x98, 0x9c, 0x9c, 0x9f, 0x9f, 0x9f, 0xa0, 0x9f,
  0xa2, 0x9d, 0x99, 0x94, 0x91, 0x8d, 0x88, 0x81, 0x79, 0x74, 0x6d, 0x68,
  0x63, 0x5e, 0x5a, 0x57, 0x55, 0x54, 0x51, 0x53, 0x54, 0x54, 0x55, 0x57,
  0x5a, 0x5e, 0x62, 0x63, 0x66, 0x6a, 0x71, 0x76, 0x7a, 0x7f, 0x82, 0x88,
  0x8f, 0x90, 0x95, 0x97, 0x9b, 0x9f, 0x9f, 0xa2, 0xa1, 0xa5, 0xa4, 0xa6,
  0xa4, 0xa2, 0xa1, 0x9d, 0x9c, 0x97, 0x94, 0x8f, 0x89, 0x84, 0x7e, 0x7a,
  0x75, 0x70, 0x6b, 0x66, 0x63, 0x60, 0x5e, 0x5c, 0x5a, 0x59, 0x59, 0x5b,
  0x5c, 0x5d, 0x60, 0x61, 0x65, 0x6a, 0x6f, 0x77, 0x7b, 0x7f, 0x84, 0x89,
  0x8f, 0x94, 0x98, 0x9c, 0x9f, 0xa2, 0xa5, 0xa5, 0xa6, 0xa7, 0xa8, 0xa8,
  0xa6, 0xa5, 0xa1, 0xa1, 0x9d, 0x9a, 0x96, 0x8f, 0x8b, 0x85, 0x7e, 0x79,
  0x72, 0x6e, 0x67, 0x64, 0x60, 0x5c, 0x5b, 0x58, 0x59, 0x56, 0x56, 0x56,
  0x58, 0x58, 0x5a, 0x5c, 0x5f, 0x63, 0x69, 0x6d, 0x73, 0x78, 0x7d, 0x84,
  0x89, 0x90, 0x94, 0x9a, 0x9f, 0xa2, 0xa5, 0xa6, 0xa7, 0xa9, 0xa8, 0xaa,
  0xa7, 0xa7, 0xa3, 0xa2, 0x9f, 0x9b, 0x97, 0x93, 0x8d, 0x88, 0x83, 0x7d,
  0x78, 0x72, 0x6f, 0x68, 0x67, 0x61, 0x60, 0x5e, 0x5e, 0x5c, 0x5c, 0x5c,
  0x5d, 0x60, 0x61, 0x65, 0x67, 0x6c, 0x71, 0x76, 0x7b, 0x82, 0x86, 0x8d,
  0x91, 0x97, 0x9b, 0x9f, 0xa4, 0xa5, 0xa7, 0xa8, 0xa8, 0xa8, 0xa6, 0xa4,
  0xa2, 0xa1, 0x9e, 0x99, 0x95, 0x91, 0x8d, 0x88, 0x84, 0x7e, 0x79, 0x75,
  0x6f, 0x6b, 0x66, 0x62, 0x5f, 0x5b, 0x59, 0x57, 0x57, 0x57, 0x57, 0x57,
  0x59, 0x5b, 0x5e, 0x61, 0x65, 0x69, 0x6e, 0x74, 0x78, 0x7c, 0x82, 0x87,
  0x8c, 0x92, 0x94, 0x99, 0x99, 0x9d, 0x9e, 0xa0, 0xa0, 0xa0, 0x9f, 0x9d,
  0x9b, 0x99, 0x96, 0x93, 0x8e, 0x8a, 0x87, 0x81, 0x7e, 0x77, 0x75, 0x6e,
  0x6c, 0x65, 0x63, 0x5f, 0x5e, 0x5b, 0x59, 0x58, 0x58, 0x59, 0x58, 0x5d,
  0x5d, 0x61, 0x62, 0x66, 0x69, 0x70, 0x74, 0x7a, 0x7e, 0x83, 0x87, 0x8c,
  0x92, 0x95, 0x99, 0x9b, 0x9f, 0xa1, 0xa4, 0xa3, 0xa5, 0xa3, 0xa2, 0x9e,
  0x9e, 0x9a, 0x98, 0x93, 0x90, 0x89, 0x84, 0x80, 0x7d, 0x79, 0x73, 0x6e,
  0x68, 0x68, 0x64, 0x64, 0x61, 0x60, 0x60, 0x62, 0x62, 0x63, 0x64, 0x67,
  0x6b, 0x70, 0x73, 0x78, 0x7b, 0x80, 0x86, 0x89, 0x8e, 0x92, 0x97, 0x9a,
  0x9e, 0x9e, 0xa1, 0xa2, 0xa4, 0xa4, 0xa3, 0xa1, 0xa0, 0x9f, 0x9d, 0x9a,
  0x97, 0x94, 0x91, 0x8b, 0x87, 0x83, 0x7e, 0x7d, 0x77, 0x73, 0x6f, 0x6d,
  0x6a, 0x6a, 0x68, 0x65, 0x66, 0x66, 0x67, 0x68, 0x67, 0x69, 0x6f, 0x72,
  0x74, 0x77, 0x7b, 0x7f, 0x85, 0x88, 0x8b, 0x8f, 0x93, 0x97, 0x9a, 0x98,
  0x95, 0x97, 0x98, 0x99, 0x98, 0x94, 0x92, 0x94, 0x94, 0x92, 0x91, 0x8d,
  0x8e, 0x8e, 0x8b, 0x84, 0x7f, 0x7c, 0x7a, 0x77, 0x6d, 0x65, 0x64, 0x63,
  0x62, 0x5f, 0x5a, 0x5c, 0x62, 0x64, 0x65, 0x65, 0x65, 0x6f, 0x74, 0x78,
  0x78, 0x7b, 0x80, 0x86, 0x89, 0x88, 0x8c, 0x91, 0x94, 0x97, 0x8f, 0x85,
  0x8d, 0x89, 0x8d, 0x89, 0x7d, 0x80, 0x81, 0x81, 0x80, 0x7e, 0x79, 0x81,
  0x89, 0x83, 0x81, 0x79, 0x73, 0x79, 0x7b, 0x6d, 0x60, 0x5d, 0x5b, 0x61,
  0x61, 0x57, 0x5b, 0x66, 0x69, 0x71, 0x71, 0x6b, 0x79, 0x85, 0x88, 0x8b,
  0x8d, 0x8e, 0x9c, 0xa0, 0x9b, 0xa1, 0xaa, 0xa8, 0xb0, 0x9c, 0x7a, 0x89,
  0x7d, 0x87, 0x87, 0x69, 0x74, 0x7a, 0x7f, 0x83, 0x7f, 0x6f, 0x7f, 0x99,
  0x90, 0x8e, 0x81, 0x70, 0x7e, 0x8b, 0x81, 0x73, 0x69, 0x63, 0x63, 0x73,
  0x65, 0x5e, 0x6b, 0x6d, 0x7b, 0x87, 0x7a, 0x7f, 0x96, 0x92, 0x93, 0x96,
  0x89, 0x96, 0xae, 0xa6, 0xad, 0xb8, 0xbf, 0xc2, 0xc5, 0x94, 0x6d, 0x86,
  0x6c, 0x8a, 0x84, 0x5e, 0x7c, 0x84, 0x87, 0x8a, 0x79, 0x5d, 0x73, 0x8c,
  0x77, 0x75, 0x68, 0x55, 0x78, 0x8b, 0x7f, 0x73, 0x6d, 0x60, 0x68, 0x77,
  0x5c, 0x5a, 0x68, 0x6a, 0x8b, 0x92, 0x81, 0x89, 0x92, 0x87, 0x8d, 0x8e,
  0x7f, 0x9b, 0xb2, 0xa7, 0xb5, 0xb9, 0xbd, 0xbc, 0xb7, 0x81, 0x4c, 0x6a,
  0x54, 0x79, 0x7f, 0x56, 0x7b, 0x85, 0x84, 0x87, 0x70, 0x45, 0x56, 0x76,
  0x5d, 0x5f, 0x57, 0x41, 0x6c, 0x8c, 0x7b, 0x6d, 0x64, 0x57, 0x60, 0x6e,
  0x5a, 0x51, 0x71, 0x82, 0x96, 0xa1, 0x8f, 0x87, 0x97, 0x90, 0x86, 0x92,
  0x8a, 0xa2, 0xc0, 0xb5, 0xb1, 0xb8, 0xb5, 0xb2, 0xb3, 0x7f, 0x32, 0x4c,
  0x49, 0x66, 0x8a, 0x55, 0x70, 0x84, 0x7b, 0x7f, 0x5e, 0x2a, 0x33, 0x64,
  0x5b, 0x55, 0x56, 0x3e, 0x6a, 0x9c, 0x83, 0x6d, 0x5d, 0x4d, 0x56, 0x64,
  0x56, 0x58, 0x81, 0x9e, 0xab, 0xa9, 0x8c, 0x88, 0x95, 0x97, 0x90, 0x98,
  0xa4, 0xa6, 0xbd, 0xae, 0x9f, 0xa4, 0xa0, 0xa7, 0xa8, 0x96, 0x7c, 0x46,
  0x36, 0x4c, 0x6d, 0x8a, 0x74, 0x78, 0x83, 0x77, 0x68, 0x4c, 0x25, 0x3d,
  0x6c, 0x74, 0x72, 0x6c, 0x69, 0x84, 0x95, 0x83, 0x6d, 0x5b, 0x5c, 0x62,
  0x71, 0x77, 0x84, 0x99, 0xab, 0xb0, 0xa9, 0x98, 0x97, 0xa7, 0xb2, 0xae,
  0xa8, 0xa5, 0xa0, 0xa8, 0xa0, 0x97, 0x99, 0x9f, 0x9b, 0x94, 0x8b, 0x86,
  0x7d, 0x7e, 0x66, 0x58, 0x69, 0x66, 0x6d, 0x70, 0x6b, 0x73, 0x6b, 0x50,
  0x4f, 0x58, 0x5d, 0x6f, 0x7c, 0x7b, 0x8f, 0x99, 0x87, 0x78, 0x73, 0x71,
  0x7e, 0x8b, 0x8c, 0x97, 0xa8, 0xb9, 0xc0, 0xc2, 0xbd, 0xb7, 0xb7, 0xb1,
  0xa3, 0x9f, 0x9c, 0x9c, 0xa0, 0x9a, 0x95, 0x95, 0x8e, 0x80, 0x77, 0x71,
  0x72, 0x74, 0x72, 0x62, 0x60, 0x66, 0x68, 0x6e, 0x68, 0x63, 0x61, 0x61,
  0x5e, 0x5c, 0x64, 0x6e, 0x76, 0x74, 0x72, 0x77, 0x7c, 0x7a, 0x75, 0x6e,
  0x72, 0x7d, 0x7e, 0x7c, 0x87, 0x9d, 0xa8, 0xab, 0xa1, 0x8e, 0x90, 0x93,
  0x8a, 0x84, 0x83, 0x87, 0x8c, 0x8b, 0x80, 0x7f, 0x81, 0x7d, 0x71, 0x62,
  0x60, 0x68, 0x72, 0x6c, 0x68, 0x6d, 0x76, 0x77, 0x6a, 0x5f, 0x5d, 0x67,
  0x70, 0x6e, 0x6d, 0x71, 0x7b, 0x82, 0x7d, 0x76, 0x72, 0x76, 0x7f, 0x81,
  0x80, 0x7e, 0x7b, 0x7f, 0x85, 0x88, 0x8b, 0x91, 0x94, 0x8d, 0x88, 0x87,
  0x88, 0x89, 0x86, 0x88, 0x89, 0x86, 0x81, 0x7e, 0x7d, 0x7b, 0x7a, 0x75,
  0x74, 0x76, 0x7b, 0x7b, 0x75, 0x75, 0x77, 0x7d, 0x7d, 0x75, 0x74, 0x79,
  0x84, 0x88, 0x82, 0x7d, 0x7f, 0x88, 0x8e, 0x89, 0x82, 0x84, 0x8d, 0x93,
  0x93, 0x93, 0x92, 0x91, 0x90, 0x8b, 0x88, 0x8b, 0x90, 0x8d, 0x85, 0x7d,
  0x81, 0x8b, 0x8f, 0x8a, 0x80, 0x7f, 0x82, 0x80, 0x79, 0x6f, 0x6e, 0x73,
  0x7c, 0x82, 0x7b, 0x7a, 0x7c, 0x82, 0x89, 0x88, 0x83, 0x7e, 0x7e, 0x7f,
  0x82, 0x86, 0x88, 0x8a, 0x8a, 0x8b, 0x8a, 0x8b, 0x88, 0x87, 0x89, 0x8a,
  0x8b, 0x8f, 0x8d, 0x86, 0x81, 0x7f, 0x81, 0x83, 0x82, 0x7c, 0x78, 0x75,
  0x79, 0x7d, 0x7a, 0x79, 0x78, 0x76, 0x79, 0x76, 0x6e, 0x6a, 0x6b, 0x69,
  0x69, 0x6f, 0x70, 0x6f, 0x72, 0x77, 0x7a, 0x7e, 0x7f, 0x81, 0x7d, 0x7a,
  0x7a, 0x7c, 0x7f, 0x81, 0x83, 0x81, 0x83, 0x8c, 0x8d, 0x89, 0x85, 0x83,
  0x86, 0x8b, 0x8d, 0x85, 0x7f, 0x7d, 0x82, 0x85, 0x82, 0x7e, 0x7f, 0x82,
  0x83, 0x84, 0x82, 0x80, 0x7d, 0x7b, 0x79, 0x7a, 0x78, 0x7b, 0x7c, 0x79,
  0x7b, 0x7c, 0x7d, 0x7c, 0x7b, 0x79, 0x7d, 0x83, 0x85, 0x86, 0x85, 0x84,
  0x8a, 0x8a, 0x8a, 0x84, 0x82, 0x85, 0x85, 0x87, 0x84, 0x85, 0x82, 0x86,
  0x88, 0x86, 0x84, 0x7e, 0x7c, 0x78, 0x79, 0x7b, 0x7c, 0x7b, 0x76, 0x74,
  0x78, 0x7d, 0x7a, 0x78, 0x79, 0x79, 0x76, 0x6f, 0x6d, 0x76, 0x7e, 0x7f,
  0x7f, 0x7a, 0x78, 0x7b, 0x7c, 0x7c, 0x7a, 0x7f, 0x85, 0x86, 0x82, 0x80,
  0x81, 0x81, 0x82, 0x83, 0x88, 0x86, 0x82, 0x81, 0x81, 0x85, 0x82, 0x7f,
  0x7d, 0x7c, 0x80, 0x84, 0x84, 0x7d, 0x7b, 0x7b, 0x7b, 0x7e, 0x7b, 0x7a,
  0x7c, 0x7d, 0x7d, 0x7a, 0x77, 0x73, 0x75, 0x7a, 0x7d, 0x7f, 0x7f, 0x7e,
  0x81, 0x85, 0x85, 0x84, 0x85, 0x84, 0x83, 0x83, 0x83, 0x87, 0x8a, 0x8a,
  0x8b, 0x8c, 0x8d, 0x8c, 0x89, 0x86, 0x83, 0x83, 0x84, 0x84, 0x81, 0x82,
  0x82, 0x82, 0x82, 0x81, 0x7f, 0x7d, 0x7d, 0x7a, 0x7a, 0x78, 0x78, 0x79,
  0x7a, 0x79, 0x7a, 0x7b, 0x7a, 0x7a, 0x78, 0x7a, 0x7b, 0x7d, 0x7e, 0x7f,
  0x7f, 0x80, 0x81, 0x83, 0x85, 0x83, 0x83, 0x83, 0x81, 0x82, 0x83, 0x85,
  0x88, 0x88, 0x87, 0x86, 0x85, 0x82, 0x81, 0x7f, 0x7c, 0x7c, 0x7e, 0x7f,
  0x80, 0x80, 0x7d, 0x7d, 0x7c, 0x7b, 0x78, 0x76, 0x75, 0x76, 0x76, 0x74,
  0x77, 0x7a, 0x7b, 0x7a, 0x79, 0x7a, 0x7b, 0x7e, 0x7d, 0x7b, 0x7e, 0x81,
  0x84, 0x84, 0x83, 0x84, 0x89, 0x8b, 0x8a, 0x85, 0x84, 0x86, 0x89, 0x87,
  0x83, 0x83, 0x83, 0x82, 0x81, 0x7f, 0x7e, 0x7b, 0x7a, 0x7b, 0x7a, 0x7a,
  0x78, 0x78, 0x77, 0x77, 0x74, 0x73, 0x73, 0x71, 0x72, 0x72, 0x73, 0x74,
  0x76, 0x77, 0x77, 0x78, 0x78, 0x7a, 0x7b, 0x7a, 0x7b, 0x7d, 0x7f, 0x81,
  0x83, 0x84, 0x85, 0x85, 0x85, 0x88, 0x89, 0x89, 0x88, 0x87, 0x89, 0x8a,
  0x8a, 0x88, 0x86, 0x86, 0x86, 0x87, 0x87, 0x87, 0x87, 0x85, 0x85, 0x85,
  0x86, 0x86, 0x84, 0x83, 0x82, 0x81, 0x81, 0x7f, 0x7f, 0x80, 0x80, 0x81,
  0x82, 0x83, 0x83, 0x82, 0x81, 0x82, 0x85, 0x85, 0x84, 0x83, 0x83, 0x85,
  0x86, 0x85, 0x85, 0x86, 0x87, 0x89, 0x89, 0x87, 0x85, 0x85, 0x86, 0x87,
  0x85, 0x83, 0x81, 0x82, 0x82, 0x80, 0x7f, 0x7e, 0x7f, 0x80, 0x7f, 0x7c,
  0x7b, 0x7b, 0x7b, 0x7b, 0x7a, 0x79, 0x79, 0x79, 0x79, 0x79, 0x78, 0x79,
  0x7b, 0x7b, 0x7b, 0x7a, 0x7c, 0x7d, 0x7c, 0x7c, 0x7c, 0x7d, 0x7d, 0x7d,
  0x7e, 0x7f, 0x7e, 0x7e, 0x7f, 0x81, 0x81, 0x80, 0x80, 0x81, 0x80, 0x7f,
  0x7f, 0x7f, 0x7e, 0x7d, 0x7d, 0x7c, 0x7c, 0x7c, 0x7c, 0x7d, 0x7c, 0x7c,
  0x7c, 0x7b, 0x7b, 0x7a, 0x7a, 0x7b, 0x7c, 0x7c, 0x7c, 0x7d, 0x7d, 0x7e,
  0x7e, 0x7f, 0x7f, 0x80, 0x80, 0x81, 0x81, 0x81, 0x81, 0x81, 0x82, 0x81,
  0x81, 0x81, 0x82, 0x83, 0x83, 0x82, 0x82, 0x82, 0x82, 0x82, 0x82, 0x81,
  0x80, 0x80, 0x7f, 0x7e, 0x7e, 0x7f, 0x7f, 0x7e, 0x7d, 0x7c, 0x7c, 0x7d,
  0x7c, 0x7b, 0x7b, 0x7b, 0x7c, 0x7c, 0x7b, 0x7b, 0x7c, 0x7d, 0x7e, 0x7e,
  0x7e, 0x7f, 0x7f, 0x7f, 0x80, 0x80, 0x81, 0x81, 0x81, 0x81, 0x82, 0x82,
  0x82, 0x83, 0x83, 0x83, 0x83, 0x83, 0x84, 0x84, 0x84, 0x84, 0x84, 0x84,
  0x83, 0x82, 0x82, 0x81, 0x81, 0x80, 0x7f, 0x7f, 0x7f, 0x7f, 0x7f, 0x7f,
  0x7e, 0x7d, 0x7d, 0x7e, 0x7e, 0x7e, 0x7e, 0x7e, 0x7f, 0x80, 0x80, 0x80,
  0x80, 0x81, 0x81, 0x81, 0x81, 0x81, 0x81, 0x81, 0x82, 0x82, 0x82, 0x82,
  0x83, 0x83, 0x82, 0x82, 0x82, 0x82, 0x82, 0x82, 0x81, 0x81, 0x81, 0x81,
  0x80, 0x7f, 0x7e, 0x7e, 0x7f, 0x7f, 0x7e, 0x7d, 0x7d, 0x7d, 0x7d, 0x7d,
  0x7d, 0x7c, 0x7c, 0x7c, 0x7d, 0x7d, 0x7d, 0x7d, 0x7d, 0x7e, 0x7e, 0x7e,
  0x7e, 0x7f, 0x7f, 0x7f, 0x7f, 0x80, 0x80, 0x80, 0x80, 0x81, 0x81, 0x81,
  0x81, 0x81, 0x81, 0x81, 0x81, 0x80, 0x80, 0x80, 0x80, 0x80, 0x7f, 0x80,
  0x80, 0x80, 0x7f, 0x7f, 0x7f, 0x7f, 0x7f, 0x7f, 0x7e, 0x7e, 0x7e, 0x7e,
  0x7e, 0x7e, 0x7e, 0x7e, 0x7f, 0x7f, 0x7f, 0x80, 0x7f, 0x80, 0x81, 0x82,
  0x82, 0x82, 0x82, 0x83, 0x84, 0x85, 0x85, 0x85, 0x84, 0x83, 0x84, 0x85,
  0x84, 0x83, 0x82, 0x82, 0x81, 0x81, 0x80, 0x7f, 0x7d, 0x7b, 0x7b, 0x7a,
  0x79, 0x78, 0x77, 0x77, 0x77, 0x77, 0x78, 0x77, 0x76, 0x77, 0x79, 0x7c,
  0x7d, 0x7e, 0x7e, 0x80, 0x82, 0x86, 0x89, 0x89, 0x89, 0x8c, 0x8e, 0x90,
  0x8e, 0x8f, 0x92, 0x93, 0x93, 0x93, 0x93, 0x8d, 0x83, 0x83, 0x89, 0x89,
  0x82, 0x7b, 0x7b, 0x79, 0x71, 0x6f, 0x71, 0x70, 0x67, 0x63, 0x6a, 0x6b,
  0x63, 0x60, 0x65, 0x69, 0x67, 0x69, 0x6d, 0x70, 0x6f, 0x70, 0x78, 0x7f,
  0x81, 0x84, 0x8c, 0x90, 0x8d, 0x90, 0x9b, 0x9f, 0x9b, 0x99, 0x9e, 0xa3,
  0x9f, 0x9e, 0xa3, 0xa3, 0x98, 0x89, 0x8e, 0x94, 0x8f, 0x84, 0x7c, 0x7f,
  0x77, 0x6d, 0x6d, 0x6e, 0x6b, 0x5e, 0x5c, 0x65, 0x61, 0x58, 0x58, 0x5d,
  0x5f, 0x5d, 0x61, 0x66, 0x63, 0x61, 0x64, 0x71, 0x7b, 0x7b, 0x7e, 0x83,
  0x86, 0x88, 0x8f, 0x9c, 0x9b, 0x99, 0x9d, 0xa3, 0xa4, 0xa2, 0xa5, 0xa9,
  0xa8, 0xa7, 0xa4, 0x9f, 0x8f, 0x83, 0x8b, 0x90, 0x8d, 0x80, 0x79, 0x7a,
  0x6e, 0x69, 0x68, 0x66, 0x5e, 0x54, 0x5d, 0x65, 0x5c, 0x55, 0x59, 0x64,
  0x66, 0x5f, 0x60, 0x63, 0x61, 0x64, 0x6d, 0x7e, 0x83, 0x80, 0x86, 0x8b,
  0x8f, 0x91, 0x9c, 0xa6, 0xa3, 0xa1, 0xa5, 0xae, 0xb0, 0xac, 0xae, 0xae,
  0xaf, 0xb0, 0xad, 0xa5, 0x89, 0x77, 0x84, 0x8b, 0x8b, 0x7c, 0x71, 0x75,
  0x66, 0x5f, 0x5e, 0x58, 0x54, 0x4a, 0x57, 0x65, 0x5c, 0x54, 0x56, 0x63,
  0x6b, 0x67, 0x66, 0x64, 0x65, 0x6d, 0x7a, 0x89, 0x8a, 0x86, 0x8a, 0x92,
  0x98, 0x98, 0x9f, 0xa4, 0xa2, 0xa4, 0xaa, 0xb2, 0xb0, 0xaa, 0xac, 0xae,
  0xb0, 0xb0, 0xaa, 0xa0, 0x82, 0x6f, 0x7c, 0x83, 0x86, 0x76, 0x66, 0x6d,
  0x60, 0x5c, 0x59, 0x4d, 0x4c, 0x46, 0x54, 0x62, 0x57, 0x51, 0x55, 0x65,
  0x6e, 0x69, 0x67, 0x63, 0x65, 0x70, 0x82, 0x92, 0x8d, 0x87, 0x8e, 0x9a,
  0x9f, 0x99, 0x9a, 0xa1, 0xa4, 0xa8, 0xac, 0xb1, 0xb0, 0xad, 0xb0, 0xb1,
  0xb0, 0xad, 0xa5, 0x9b, 0x80, 0x67, 0x76, 0x7e, 0x82, 0x78, 0x63, 0x6d,
  0x5f, 0x54, 0x53, 0x43, 0x45, 0x3f, 0x4d, 0x5f, 0x55, 0x50, 0x53, 0x68,
  0x74, 0x6a, 0x65, 0x5f, 0x68, 0x72, 0x7e, 0x8d, 0x8b, 0x8e, 0x97, 0xa1,
  0xa4, 0x98, 0x99, 0xa1, 0xac, 0xad, 0xab, 0xb0, 0xaf, 0xb0, 0xae, 0xaf,
  0xac, 0xa6, 0xa4, 0x98, 0x8b, 0x63, 0x5f, 0x78, 0x73, 0x77, 0x55, 0x54,
  0x65, 0x4c, 0x4e, 0x38, 0x34, 0x3f, 0x43, 0x5c, 0x56, 0x52, 0x56, 0x62,
  0x7a, 0x6d, 0x66, 0x64, 0x6f, 0x7e, 0x78, 0x88, 0x90, 0x9a, 0xa5, 0xa4,
  0xab, 0x9d, 0x9c, 0xa5, 0xa7, 0xac, 0xa1, 0xab, 0xb1, 0xb2, 0xae, 0xa3,
  0xa9, 0xa2, 0xa1, 0x99, 0x8c, 0x82, 0x57, 0x60, 0x73, 0x67, 0x6e, 0x4d,
  0x5e, 0x68, 0x49, 0x4b, 0x34, 0x44, 0x50, 0x56, 0x65, 0x59, 0x68, 0x6e,
  0x7d, 0x85, 0x73, 0x77, 0x75, 0x80, 0x84, 0x83, 0x98, 0xa3, 0xae, 0xaf,
  0xaa, 0xaa, 0xa4, 0xaa, 0xaa, 0xab, 0xad, 0xa5, 0xaf, 0xac, 0xad, 0xa8,
  0x9e, 0xa0, 0x95, 0x96, 0x8a, 0x82, 0x78, 0x4f, 0x5c, 0x65, 0x56, 0x5d,
  0x41, 0x55, 0x5d, 0x42, 0x42, 0x33, 0x45, 0x4e, 0x57, 0x5e, 0x55, 0x69,
  0x6f, 0x78, 0x79, 0x6f, 0x75, 0x77, 0x7d, 0x7a, 0x81, 0x91, 0x98, 0xa1,
  0xa4, 0xa0, 0x9e, 0x9a, 0x97, 0x98, 0x96, 0x98, 0x98, 0xa1, 0x9d, 0x9b,
  0x97, 0x8d, 0x93, 0x8f, 0x8f, 0x86, 0x7e, 0x7f, 0x65, 0x5a, 0x6f, 0x60,
  0x64, 0x5c, 0x55, 0x72, 0x5d, 0x56, 0x54, 0x5e, 0x68, 0x69, 0x6f, 0x67,
  0x7d, 0x89, 0x88, 0x8a, 0x85, 0x89, 0x8f, 0x91, 0x8a, 0x8f, 0x9c, 0x9e,
  0xa8, 0xab, 0xa6, 0xaa, 0xa7, 0x9c, 0xa0, 0x9a, 0x9a, 0x9e, 0x9f, 0x99,
  0x96, 0x9b, 0x90, 0x97, 0x92, 0x89, 0x8c, 0x84, 0x86, 0x84, 0x68, 0x69,
  0x74, 0x62, 0x6d, 0x59, 0x65, 0x74, 0x5c, 0x5f, 0x61, 0x6a, 0x6b, 0x6e,
  0x67, 0x71, 0x85, 0x7f, 0x7f, 0x83, 0x7f, 0x86, 0x8b, 0x7e, 0x82, 0x8b,
  0x8c, 0x93, 0x92, 0x8e, 0x96, 0x95, 0x8c, 0x91, 0x91, 0x8e, 0x91, 0x8b,
  0x87, 0x8b, 0x8c, 0x86, 0x86, 0x81, 0x80, 0x86, 0x7f, 0x82, 0x81, 0x7e,
  0x74, 0x6d, 0x78, 0x65, 0x6a, 0x65, 0x63, 0x75, 0x62, 0x5f, 0x64, 0x6a,
  0x6c, 0x6d, 0x6e, 0x73, 0x83, 0x7f, 0x7b, 0x82, 0x85, 0x84, 0x83, 0x7e,
  0x81, 0x8b, 0x89, 0x86, 0x8c, 0x8b, 0x8e, 0x91, 0x8a, 0x8b, 0x8b, 0x87,
  0x8a, 0x88, 0x8a, 0x87, 0x83, 0x7f, 0x7a, 0x7f, 0x7e, 0x82, 0x80, 0x7f,
  0x84, 0x84, 0x88, 0x81, 0x7b, 0x79, 0x7a, 0x7c, 0x7d, 0x79, 0x72, 0x75,
  0x71, 0x73, 0x72, 0x6c, 0x70, 0x72, 0x73, 0x74, 0x74, 0x79, 0x7d, 0x79,
  0x75, 0x7a, 0x7f, 0x82, 0x82, 0x7f, 0x83, 0x8b, 0x8b, 0x8a, 0x86, 0x85,
  0x88, 0x8c, 0x8c, 0x8a, 0x8a, 0x85, 0x88, 0x87, 0x83, 0x85, 0x84, 0x85,
  0x86, 0x86, 0x85, 0x84, 0x82, 0x7f, 0x80, 0x80, 0x7f, 0x7f, 0x7b, 0x7c,
  0x7b, 0x7b, 0x7d, 0x79, 0x79, 0x76, 0x75, 0x77, 0x76, 0x76, 0x75, 0x75,
  0x73, 0x75, 0x77, 0x78, 0x78, 0x77, 0x79, 0x80, 0x86, 0x86, 0x85, 0x83,
  0x83, 0x88, 0x89, 0x8a, 0x88, 0x88, 0x89, 0x8b, 0x8d, 0x8b, 0x8c, 0x8c,
  0x8c, 0x8d, 0x8d, 0x8c, 0x8a, 0x8a, 0x87, 0x86, 0x86, 0x85, 0x86, 0x82,
  0x82, 0x82, 0x80, 0x81, 0x7e, 0x7d, 0x7a, 0x7a, 0x7d, 0x7c, 0x7d, 0x7b,
  0x7a, 0x7d, 0x7e, 0x7e, 0x7d, 0x7b, 0x7a, 0x7c, 0x80, 0x7f, 0x7f, 0x7e,
  0x7e, 0x82, 0x84, 0x84, 0x85, 0x87, 0x86, 0x86, 0x84, 0x83, 0x84, 0x84,
  0x86, 0x86, 0x87, 0x88, 0x89, 0x89, 0x87, 0x85, 0x82, 0x82, 0x81, 0x80,
  0x7e, 0x7a, 0x7b, 0x7b, 0x7c, 0x7a, 0x77, 0x76, 0x74, 0x75, 0x72, 0x71,
  0x70, 0x70, 0x73, 0x74, 0x75, 0x74, 0x75, 0x76, 0x77, 0x79, 0x79, 0x79,
  0x7a, 0x7b, 0x7f, 0x80, 0x82, 0x83, 0x83, 0x85, 0x85, 0x86, 0x87, 0x85,
  0x85, 0x85, 0x85, 0x87, 0x87, 0x87, 0x87, 0x87, 0x86, 0x83, 0x83, 0x83,
  0x81, 0x7f, 0x7c, 0x7c, 0x7c, 0x7d, 0x7c, 0x79, 0x78, 0x78, 0x78, 0x77,
  0x75, 0x75, 0x75, 0x76, 0x76, 0x76, 0x77, 0x78, 0x7b, 0x7b, 0x7b, 0x7c,
  0x7c, 0x7e, 0x80, 0x81, 0x81, 0x83, 0x84, 0x85, 0x85, 0x84, 0x84, 0x85,
  0x85, 0x85, 0x85, 0x83, 0x82, 0x82, 0x81, 0x81, 0x80, 0x7e, 0x7a, 0x79,
  0x78, 0x76, 0x75, 0x72, 0x72, 0x73, 0x72, 0x71, 0x6e, 0x6f, 0x70, 0x70,
  0x6f, 0x6d, 0x6f, 0x71, 0x73, 0x73, 0x74, 0x76, 0x78, 0x7a, 0x7b, 0x7b,
  0x7e, 0x81, 0x84, 0x88, 0x89, 0x8a, 0x8e, 0x91, 0x93, 0x92, 0x91, 0x91,
  0x93, 0x94, 0x92, 0x91, 0x8f, 0x90, 0x90, 0x8e, 0x8c, 0x89, 0x87, 0x86,
  0x83, 0x81, 0x7d, 0x7c, 0x7c, 0x7a, 0x7a, 0x78, 0x76, 0x76, 0x76, 0x77,
  0x75, 0x74, 0x73, 0x75, 0x77, 0x78, 0x7a, 0x7a, 0x7c, 0x7f, 0x7f, 0x81,
  0x81, 0x83, 0x84, 0x87, 0x88, 0x88, 0x8c, 0x8c, 0x8e, 0x8f, 0x8e, 0x8e,
  0x8d, 0x8e, 0x8e, 0x8a, 0x8c, 0x85, 0x8a, 0x89, 0x85, 0x87, 0x7e, 0x86,
  0x81, 0x7c, 0x7f, 0x79, 0x7b, 0x7c, 0x79, 0x7b, 0x79, 0x77, 0x78, 0x77,
  0x75, 0x77, 0x77, 0x78, 0x7b, 0x79, 0x7d, 0x80, 0x7f, 0x82, 0x82, 0x85,
  0x85, 0x86, 0x88, 0x87, 0x8b, 0x8a, 0x8c, 0x8b, 0x8a, 0x8d, 0x8b, 0x8b,
  0x8a, 0x86, 0x89, 0x86, 0x83, 0x84, 0x80, 0x83, 0x80, 0x7f, 0x7d, 0x7a,
  0x7c, 0x79, 0x7a, 0x77, 0x77, 0x76, 0x78, 0x78, 0x75, 0x77, 0x76, 0x79,
  0x79, 0x78, 0x78, 0x7a, 0x7a, 0x7d, 0x80, 0x7f, 0x82, 0x83, 0x86, 0x8a,
  0x8a, 0x8e, 0x8b, 0x8f, 0x8f, 0x8d, 0x93, 0x8c, 0x91, 0x90, 0x8e, 0x8f,
  0x8d, 0x88, 0x89, 0x89, 0x87, 0x85, 0x80, 0x80, 0x7b, 0x7c, 0x77, 0x73,
  0x75, 0x6e, 0x6e, 0x6d, 0x65, 0x6f, 0x63, 0x68, 0x6a, 0x61, 0x6c, 0x68,
  0x66, 0x72, 0x66, 0x6d, 0x76, 0x68, 0x7a, 0x70, 0x76, 0x79, 0x7a, 0x7b,
  0x7f, 0x84, 0x7e, 0x88, 0x82, 0x81, 0x8d, 0x81, 0x8d, 0x89, 0x84, 0x92,
  0x84, 0x8e, 0x85, 0x88, 0x88, 0x82, 0x88, 0x83, 0x82, 0x83, 0x7e, 0x80,
  0x79, 0x7e, 0x78, 0x7a, 0x7d, 0x6e, 0x7e, 0x72, 0x73, 0x7b, 0x73, 0x77,
  0x7f, 0x76, 0x7b, 0x85, 0x76, 0x85, 0x86, 0x7b, 0x92, 0x84, 0x85, 0x95,
  0x89, 0x91, 0x91, 0x8e, 0x90, 0x92, 0x91, 0x8f, 0x96, 0x8e, 0x95, 0x90,
  0x8f, 0x98, 0x87, 0x90, 0x91, 0x83, 0x91, 0x87, 0x80, 0x8c, 0x80, 0x84,
  0x82, 0x7f, 0x79, 0x81, 0x79, 0x78, 0x80, 0x75, 0x77, 0x7e, 0x72, 0x77,
  0x82, 0x6f, 0x81, 0x7c, 0x75, 0x83, 0x7b, 0x77, 0x83, 0x79, 0x7d, 0x82,
  0x79, 0x81, 0x79, 0x7f, 0x7b, 0x7a, 0x81, 0x76, 0x7f, 0x79, 0x74, 0x83,
  0x73, 0x79, 0x7c, 0x71, 0x7c, 0x76, 0x74, 0x7a, 0x71, 0x72, 0x76, 0x73,
  0x6e, 0x7a, 0x6e, 0x72, 0x7c, 0x68, 0x7e, 0x76, 0x70, 0x83, 0x73, 0x79,
  0x85, 0x72, 0x86, 0x84, 0x78, 0x8c, 0x89, 0x82, 0x90, 0x8b, 0x83, 0x98,
  0x88, 0x89, 0x97, 0x8a, 0x8a, 0x94, 0x84, 0x8b, 0x8f, 0x83, 0x8f, 0x87,
  0x86, 0x89, 0x85, 0x84, 0x86, 0x7f, 0x82, 0x83, 0x7d, 0x80, 0x7e, 0x79,
  0x7f, 0x7b, 0x76, 0x7e, 0x77, 0x79, 0x7d, 0x7c, 0x78, 0x7f, 0x7e, 0x75,
  0x85, 0x7c, 0x77, 0x8d, 0x7c, 0x7e, 0x92, 0x7c, 0x85, 0x94, 0x7c, 0x8b,
  0x93, 0x7c, 0x8e, 0x90, 0x80, 0x8c, 0x8f, 0x81, 0x8e, 0x89, 0x7e, 0x8b,
  0x7f, 0x81, 0x83, 0x7b, 0x80, 0x78, 0x7b, 0x79, 0x73, 0x7d, 0x6f, 0x73,
  0x79, 0x6b, 0x74, 0x71, 0x6b, 0x78, 0x70, 0x71, 0x78, 0x71, 0x75, 0x77,
  0x72, 0x79, 0x77, 0x76, 0x7d, 0x78, 0x7e, 0x81, 0x79, 0x87, 0x80, 0x7f,
  0x8a, 0x7e, 0x83, 0x88, 0x83, 0x82, 0x8b, 0x81, 0x83, 0x8d, 0x7b, 0x85,
  0x87, 0x75, 0x86, 0x7e, 0x76, 0x85, 0x76, 0x7b, 0x7f, 0x76, 0x7b, 0x7a,
  0x78, 0x7a, 0x77, 0x77, 0x79, 0x7b, 0x77, 0x7e, 0x7b, 0x7b, 0x80, 0x7a,
  0x81, 0x7d, 0x7e, 0x81, 0x80, 0x7f, 0x83, 0x7d, 0x85, 0x86, 0x7f, 0x88,
  0x85, 0x7f, 0x8b, 0x86, 0x7d, 0x8e, 0x7f, 0x7f, 0x8d, 0x7c, 0x82, 0x88,
  0x7f, 0x80, 0x85, 0x7f, 0x7a, 0x87, 0x7a, 0x7b, 0x85, 0x77, 0x7d, 0x81,
  0x77, 0x7d, 0x81, 0x75, 0x80, 0x7f, 0x73, 0x84, 0x7d, 0x76, 0x87, 0x79,
  0x79, 0x88, 0x78, 0x7c, 0x87, 0x79, 0x7c, 0x89, 0x77, 0x7e, 0x8a, 0x77,
  0x83, 0x88, 0x77, 0x88, 0x83, 0x79, 0x87, 0x81, 0x7c, 0x85, 0x80, 0x7c,
  0x88, 0x7e, 0x80, 0x87, 0x7c, 0x83, 0x84, 0x7d, 0x85, 0x82, 0x80, 0x84,
  0x81, 0x80, 0x83, 0x81, 0x80, 0x84, 0x80, 0x83, 0x84, 0x7f, 0x86, 0x84,
  0x7e, 0x89, 0x80, 0x80, 0x89, 0x80, 0x82, 0x86, 0x7f, 0x7f, 0x8a, 0x7c,
  0x80, 0x86, 0x78, 0x82, 0x7f, 0x7c, 0x7f, 0x7f, 0x7e, 0x7b, 0x80, 0x7a,
  0x7b, 0x7f, 0x77, 0x7f, 0x7d, 0x7a, 0x80, 0x7c, 0x7b, 0x7f, 0x7f, 0x7b,
  0x7f, 0x82, 0x79, 0x82, 0x82, 0x79, 0x85, 0x7f, 0x7f, 0x84, 0x7f, 0x81,
  0x84, 0x84, 0x80, 0x82, 0x83, 0x80, 0x82, 0x83, 0x81, 0x80, 0x83, 0x81,
  0x80, 0x84, 0x7f, 0x81, 0x86, 0x7f, 0x81, 0x85, 0x7f, 0x82, 0x83, 0x7f,
  0x83, 0x81, 0x80, 0x83, 0x83, 0x82, 0x85, 0x82, 0x83, 0x85, 0x80, 0x83,
  0x82, 0x81, 0x83, 0x80, 0x82, 0x81, 0x80, 0x82, 0x7f, 0x81, 0x82, 0x80,
  0x81, 0x80, 0x7e, 0x80, 0x7f, 0x7e, 0x81, 0x7f, 0x7d, 0x81, 0x7e, 0x7f,
  0x81, 0x7d, 0x7f, 0x7e, 0x7e, 0x7f, 0x7e, 0x7d, 0x7d, 0x7e, 0x7f, 0x7d,
  0x7d, 0x7f, 0x7e, 0x7e, 0x7e, 0x7d, 0x7f, 0x81, 0x7f, 0x81, 0x82, 0x7f,
  0x82, 0x80, 0x80, 0x82, 0x7f, 0x80, 0x80, 0x7f, 0x7f, 0x80, 0x7d, 0x80,
  0x7f, 0x7c, 0x80, 0x7b, 0x7b, 0x7e, 0x7c, 0x7c, 0x7d, 0x7c, 0x7a, 0x7d,
  0x7a, 0x7b, 0x7c, 0x79, 0x7c, 0x7b, 0x79, 0x7b, 0x7c, 0x7a, 0x7d, 0x7e,
  0x7a, 0x7e, 0x7d, 0x7c, 0x80, 0x7e, 0x7d, 0x81, 0x7f, 0x80, 0x83, 0x83,
  0x82, 0x84, 0x84, 0x83, 0x85, 0x85, 0x85, 0x84, 0x84, 0x83, 0x83, 0x85,
  0x82, 0x81, 0x83, 0x81, 0x80, 0x81, 0x7f, 0x7f, 0x7f, 0x80, 0x7f, 0x7f,
  0x7f, 0x7e, 0x7f, 0x7f, 0x7e, 0x7f, 0x80, 0x7f, 0x7f, 0x7f, 0x7d, 0x7f,
  0x81, 0x7f, 0x80, 0x81, 0x81, 0x81, 0x81, 0x81, 0x81, 0x82, 0x82, 0x80,
  0x81, 0x82, 0x81, 0x80, 0x81, 0x80, 0x80, 0x80, 0x7f, 0x7f, 0x7f, 0x7e,
  0x7d, 0x7e, 0x7d, 0x7c, 0x7c, 0x7b, 0x7b, 0x7a, 0x7a, 0x79, 0x7a, 0x7a,
  0x7a, 0x7a, 0x7b, 0x7b, 0x7b, 0x7b, 0x7c, 0x7c, 0x7d, 0x7c, 0x7d, 0x7e,
  0x7e, 0x80, 0x81, 0x81, 0x82, 0x82, 0x82, 0x83, 0x84, 0x83, 0x83, 0x84,
  0x83, 0x83, 0x83, 0x82, 0x84, 0x81, 0x80, 0x81, 0x81, 0x80, 0x7f, 0x7f,
  0x7e, 0x7d, 0x7c, 0x7c, 0x7d, 0x7b, 0x7a, 0x7a, 0x7a, 0x7a, 0x79, 0x79,
  0x7a, 0x7b, 0x7a, 0x7c, 0x7c, 0x7c, 0x7e, 0x7f, 0x80, 0x80, 0x82, 0x82,
  0x84, 0x85, 0x86, 0x88, 0x87, 0x89, 0x8a, 0x8b, 0x8b, 0x8c, 0x8d, 0x8d,
  0x8d, 0x8e, 0x8d, 0x8e, 0x8d, 0x8d, 0x8e, 0x8e, 0x8c, 0x8a, 0x89, 0x86,
  0x84, 0x82, 0x80, 0x7c, 0x79, 0x75, 0x72, 0x6f, 0x6d, 0x6a, 0x69, 0x69,
  0x6b, 0x6a, 0x68, 0x6e, 0x71, 0x71, 0x74, 0x79, 0x7c, 0x7d, 0x82, 0x85,
  0x87, 0x89, 0x8a, 0x8f, 0x92, 0x96, 0x96, 0x9a, 0xa0, 0xa1, 0xa7, 0xa9,
  0xa8, 0xa9, 0xa7, 0xa6, 0x94, 0x87, 0x99, 0x81, 0x6e, 0x66, 0x6e, 0x6d,
  0x43, 0x4c, 0x5d, 0x5b, 0x42, 0x4b, 0x6a, 0x61, 0x57, 0x5f, 0x72, 0x77,
  0x6a, 0x69, 0x71, 0x7a, 0x6c, 0x58, 0x72, 0x7b, 0x65, 0x5f, 0x77, 0x8a,
  0x71, 0x6d, 0x91, 0x97, 0x85, 0x83, 0xa2, 0xa2, 0x92, 0x96, 0x9e, 0xa9,
  0x99, 0x96, 0x9a, 0x9f, 0x98, 0x8b, 0x96, 0x8e, 0x74, 0x85, 0x81, 0x6d,
  0x5d, 0x64, 0x79, 0x4e, 0x43, 0x5f, 0x6b, 0x4d, 0x47, 0x71, 0x71, 0x60,
  0x67, 0x7c, 0x82, 0x78, 0x77, 0x7c, 0x86, 0x85, 0x77, 0x74, 0x83, 0x8e,
  0x79, 0x77, 0x90, 0x99, 0x8f, 0x8e, 0x9c, 0xa9, 0x9d, 0x94, 0xa6, 0xaf,
  0xa2, 0x8c, 0xa2, 0xa9, 0x94, 0x8b, 0x93, 0x9f, 0x8d, 0x85, 0x8e, 0x7b,
  0x79, 0x82, 0x6a, 0x64, 0x59, 0x68, 0x61, 0x3f, 0x4e, 0x63, 0x5e, 0x45,
  0x60, 0x7c, 0x75, 0x70, 0x7f, 0x9a, 0x94, 0x8e, 0x91, 0x99, 0xa1, 0x91,
  0x85, 0x91, 0x9d, 0x8d, 0x80, 0x93, 0xa2, 0x92, 0x8a, 0xa1, 0xa7, 0x98,
  0x96, 0xa0, 0x9e, 0x98, 0x91, 0x89, 0x90, 0x8d, 0x84, 0x7d, 0x84, 0x87,
  0x7a, 0x7d, 0x8c, 0x72, 0x60, 0x84, 0x7a, 0x5a, 0x4c, 0x6d, 0x7b, 0x3d,
  0x43, 0x6e, 0x6e, 0x4c, 0x55, 0x80, 0x77, 0x6c, 0x76, 0x86, 0x88, 0x80,
  0x83, 0x7f, 0x86, 0x86, 0x79, 0x76, 0x86, 0x8a, 0x7a, 0x80, 0x8b, 0x8d,
  0x8b, 0x8d, 0x8f, 0x8b, 0x91, 0x8f, 0x84, 0x86, 0x89, 0x80, 0x7b, 0x81,
  0x84, 0x79, 0x78, 0x82, 0x7f, 0x79, 0x7d, 0x7c, 0x60, 0x77, 0x7d, 0x5c,
  0x58, 0x5d, 0x84, 0x5d, 0x47, 0x7a, 0x80, 0x72, 0x65, 0x8a, 0x9d, 0x80,
  0x8d, 0x9a, 0xa1, 0x9b, 0x90, 0x9c, 0x99, 0xa0, 0x95, 0x87, 0x9d, 0x9d,
  0x95, 0x89, 0x8a, 0xa1, 0x8c, 0x83, 0x88, 0x89, 0x8c, 0x75, 0x75, 0x7f,
  0x7f, 0x6d, 0x6a, 0x7e, 0x81, 0x75, 0x70, 0x85, 0x8d, 0x7e, 0x7e, 0x88,
  0x92, 0x87, 0x6e, 0x83, 0x94, 0x77, 0x6b, 0x76, 0x8e, 0x7c, 0x5f, 0x7e,
  0x8e, 0x79, 0x73, 0x82, 0x8b, 0x83, 0x7d, 0x83, 0x85, 0x84, 0x84, 0x79,
  0x78, 0x85, 0x7e, 0x73, 0x77, 0x7e, 0x7d, 0x75, 0x79, 0x7e, 0x7a, 0x7c,
  0x79, 0x77, 0x7a, 0x7d, 0x78, 0x70, 0x7a, 0x7c, 0x71, 0x71, 0x79, 0x7d,
  0x74, 0x76, 0x7f, 0x7c, 0x7d, 0x7f, 0x84, 0x86, 0x85, 0x8a, 0x89, 0x85,
  0x86, 0x89, 0x88, 0x83, 0x81, 0x83, 0x85, 0x80, 0x7b, 0x7e, 0x7e, 0x7b,
  0x7a, 0x7b, 0x7b, 0x7b, 0x7c, 0x79, 0x78, 0x7b, 0x7c, 0x77, 0x78, 0x7b,
  0x79, 0x7a, 0x7b, 0x7c, 0x77, 0x7a, 0x86, 0x7d, 0x78, 0x80, 0x84, 0x7f,
  0x7a, 0x80, 0x83, 0x7f, 0x7b, 0x82, 0x86, 0x83, 0x86, 0x86, 0x88, 0x8b,
  0x8b, 0x89, 0x8b, 0x90, 0x8c, 0x88, 0x88, 0x86, 0x88, 0x85, 0x7d, 0x7b,
  0x80, 0x83, 0x79, 0x72, 0x7c, 0x84, 0x7b, 0x75, 0x7d, 0x81, 0x7f, 0x7d,
  0x7d, 0x7e, 0x81, 0x80, 0x7c, 0x7c, 0x82, 0x84, 0x7f, 0x7f, 0x86, 0x89,
  0x86, 0x84, 0x88, 0x8b, 0x88, 0x85, 0x85, 0x87, 0x84, 0x82, 0x80, 0x7f,
  0x80, 0x7e, 0x7c, 0x7b, 0x7c, 0x7d, 0x7c, 0x7d, 0x7d, 0x80, 0x81, 0x81,
  0x82, 0x85, 0x87, 0x85, 0x82, 0x83, 0x83, 0x81, 0x7e, 0x7e, 0x7b, 0x7a,
  0x79, 0x77, 0x75, 0x74, 0x76, 0x77, 0x76, 0x76, 0x79, 0x7c, 0x7b, 0x7a,
  0x7d, 0x80, 0x7f, 0x7d, 0x7e, 0x80, 0x7f, 0x7c, 0x7d, 0x7f, 0x80, 0x7e,
  0x7d, 0x7f, 0x80, 0x80, 0x7f, 0x7f, 0x80, 0x80, 0x80, 0x7f, 0x7f, 0x81,
  0x80, 0x7e, 0x80, 0x84, 0x82, 0x7f, 0x83, 0x8a, 0x85, 0x7c, 0x81, 0x8d,
  0x84, 0x77, 0x80, 0x8a, 0x82, 0x75, 0x7b, 0x85, 0x80, 0x77, 0x7c, 0x82,
  0x7f, 0x7f, 0x80, 0x7f, 0x83, 0x86, 0x80, 0x7e, 0x84, 0x86, 0x7e, 0x7d,
  0x83, 0x82, 0x7f, 0x80, 0x81, 0x7e, 0x81, 0x84, 0x80, 0x7e, 0x82, 0x84,
  0x7f, 0x7e, 0x82, 0x81, 0x7e, 0x7f, 0x7f, 0x7d, 0x7f, 0x81, 0x7d, 0x7d,
  0x83, 0x83, 0x7e, 0x7f, 0x84, 0x83, 0x81, 0x81, 0x82, 0x82, 0x83, 0x83,
  0x80, 0x80, 0x84, 0x83, 0x80, 0x81, 0x83, 0x80, 0x7e, 0x80, 0x7e, 0x7d,
  0x7e, 0x7e, 0x7b, 0x79, 0x7c, 0x7d, 0x7a, 0x7a, 0x7c, 0x7c, 0x7b, 0x7c,
  0x7d, 0x7c, 0x7d, 0x7e, 0x7e, 0x7d, 0x7e, 0x7f, 0x7d, 0x7e, 0x80, 0x80,
  0x7e, 0x7f, 0x81, 0x80, 0x80, 0x82, 0x82, 0x81, 0x81, 0x82, 0x82, 0x82,
  0x84, 0x82, 0x7d, 0x7d, 0x86, 0x83, 0x77, 0x7a, 0x86, 0x83, 0x75, 0x76,
  0x83, 0x82, 0x75, 0x76, 0x81, 0x7e, 0x79, 0x7a, 0x7e, 0x7e, 0x7e, 0x7e,
  0x7d, 0x7d, 0x81, 0x82, 0x7f, 0x7e, 0x83, 0x85, 0x81, 0x80, 0x84, 0x85,
  0x84, 0x80, 0x81, 0x86, 0x83, 0x7e, 0x81, 0x84, 0x80, 0x7d, 0x7e, 0x83,
  0x81, 0x7c, 0x7f, 0x83, 0x80, 0x7e, 0x7f, 0x81, 0x81, 0x80, 0x80, 0x80,
  0x80, 0x81, 0x80, 0x7f, 0x80, 0x80, 0x7e, 0x7f, 0x80, 0x7d, 0x7c, 0x7f,
  0x80, 0x7c, 0x7a, 0x7f, 0x80, 0x7c, 0x7b, 0x7f, 0x80, 0x7d, 0x7d, 0x7f,
  0x80, 0x80, 0x7f, 0x7f, 0x80, 0x81, 0x80, 0x7f, 0x81, 0x82, 0x80, 0x7e,
  0x81, 0x81, 0x7e, 0x7f, 0x80, 0x80, 0x7f, 0x7f, 0x80, 0x7f, 0x82, 0x81,
  0x7f, 0x83, 0x83, 0x80, 0x81, 0x86, 0x86, 0x79, 0x7e, 0x8c, 0x7f, 0x75,
  0x7c, 0x88, 0x82, 0x6e, 0x7c, 0x8a, 0x7c, 0x74, 0x7c, 0x87, 0x80, 0x76,
  0x81, 0x85, 0x81, 0x7e, 0x7f, 0x85, 0x83, 0x7f, 0x7e, 0x81, 0x86, 0x7e,
  0x7b, 0x84, 0x85, 0x7e, 0x79, 0x82, 0x86, 0x7c, 0x7a, 0x82, 0x83, 0x7e,
  0x7a, 0x7f, 0x82, 0x7f, 0x7d, 0x7e, 0x81, 0x81, 0x7d, 0x7f, 0x82, 0x81,
  0x80, 0x80, 0x84, 0x82, 0x7f, 0x83, 0x84, 0x82, 0x7f, 0x82, 0x85, 0x81,
  0x7f, 0x81, 0x83, 0x82, 0x7e, 0x7f, 0x81, 0x82, 0x80, 0x7c, 0x80, 0x81,
  0x7e, 0x7d, 0x7e, 0x80, 0x7d, 0x7c, 0x80, 0x7c, 0x7a, 0x7f, 0x7f, 0x7b,
  0x7a, 0x7f, 0x7f, 0x79, 0x7b, 0x81, 0x7f, 0x7b, 0x7f, 0x82, 0x7f, 0x7f,
  0x83, 0x84, 0x81, 0x81, 0x85, 0x84, 0x85, 0x83, 0x83, 0x87, 0x87, 0x85,
  0x7d, 0x81, 0x8b, 0x7d, 0x77, 0x7f, 0x88, 0x81, 0x6f, 0x7f, 0x87, 0x7a,
  0x72, 0x7a, 0x87, 0x79, 0x72, 0x7e, 0x81, 0x7c, 0x75, 0x7e, 0x82, 0x7a,
  0x79, 0x7d, 0x81, 0x7e, 0x7a, 0x7f, 0x83, 0x81, 0x7c, 0x7f, 0x85, 0x82,
  0x7e, 0x80, 0x85, 0x82, 0x7d, 0x82, 0x84, 0x82, 0x7e, 0x81, 0x84, 0x80,
  0x7f, 0x80, 0x81, 0x80, 0x7e, 0x81, 0x81, 0x80, 0x7f, 0x7f, 0x81, 0x80,
  0x7e, 0x7f, 0x81, 0x80, 0x7d, 0x7e, 0x81, 0x80, 0x7c, 0x7c, 0x80, 0x80,
  0x7c, 0x7b, 0x80, 0x80, 0x7b, 0x7c, 0x81, 0x81, 0x7c, 0x7d, 0x83, 0x83,
  0x7d, 0x7f, 0x84, 0x83, 0x7f, 0x81, 0x85, 0x82, 0x7e, 0x81, 0x85, 0x81,
  0x7f, 0x83, 0x85, 0x80, 0x7f, 0x83, 0x84, 0x80, 0x7f, 0x82, 0x84, 0x81,
  0x7e, 0x80, 0x84, 0x83, 0x7e, 0x7b, 0x82, 0x85, 0x7a, 0x77, 0x81, 0x84,
  0x7a, 0x74, 0x81, 0x84, 0x77, 0x76, 0x83, 0x83, 0x77, 0x79, 0x86, 0x83,
  0x79, 0x7d, 0x86, 0x82, 0x7a, 0x7e, 0x85, 0x81, 0x7b, 0x7d, 0x84, 0x82,
  0x7b, 0x7c, 0x83, 0x82, 0x7b, 0x7d, 0x82, 0x80, 0x7a, 0x7d, 0x81, 0x7e,
  0x7c, 0x7e, 0x81, 0x7e, 0x7d, 0x7f, 0x80, 0x7e, 0x7e, 0x7f, 0x80, 0x7f,
  0x80, 0x81, 0x80, 0x7f, 0x81, 0x82, 0x7e, 0x7c, 0x82, 0x83, 0x7b, 0x7b,
  0x84, 0x85, 0x79, 0x7a, 0x86, 0x83, 0x78, 0x7d, 0x88, 0x81, 0x78, 0x81,
  0x88, 0x7f, 0x7b, 0x85, 0x85, 0x7c, 0x7f, 0x86, 0x81, 0x7c, 0x81, 0x84,
  0x7e, 0x7d, 0x83, 0x82, 0x7c, 0x7f, 0x83, 0x80, 0x7d, 0x81, 0x83, 0x80,
  0x7f, 0x82, 0x82, 0x80, 0x81, 0x83, 0x82, 0x81, 0x83, 0x84, 0x81, 0x7e,
  0x83, 0x86, 0x7d, 0x7c, 0x84, 0x86, 0x7a, 0x7a, 0x87, 0x83, 0x76, 0x7b,
  0x88, 0x80, 0x75, 0x7f, 0x88, 0x7c, 0x76, 0x83, 0x86, 0x7a, 0x79, 0x83,
  0x82, 0x78, 0x7b, 0x82, 0x7f, 0x7a, 0x7c, 0x81, 0x7f, 0x7c, 0x7e, 0x80,
  0x80, 0x7e, 0x7f, 0x80, 0x80, 0x7f, 0x80, 0x81, 0x80, 0x7f, 0x81, 0x81,
  0x7f, 0x80, 0x82, 0x80, 0x7f, 0x81, 0x82, 0x7f, 0x7f, 0x81, 0x7e, 0x7a,
  0x7e, 0x80, 0x79, 0x79, 0x7e, 0x7f, 0x77, 0x79, 0x81, 0x7d, 0x78, 0x7c,
  0x82, 0x7c, 0x78, 0x80, 0x83, 0x7b, 0x7a, 0x82, 0x82, 0x7a, 0x7b, 0x85,
  0x81, 0x7b, 0x7f, 0x87, 0x82, 0x7c, 0x82, 0x86, 0x81, 0x7d, 0x84, 0x85,
  0x7f, 0x7f, 0x84, 0x83, 0x7f, 0x81, 0x84, 0x81, 0x7f, 0x82, 0x84, 0x81,
  0x80, 0x82, 0x84, 0x82, 0x7e, 0x7e, 0x84, 0x80, 0x79, 0x7e, 0x83, 0x7e,
  0x75, 0x7e, 0x85, 0x7b, 0x76, 0x81, 0x86, 0x7a, 0x79, 0x85, 0x84, 0x7a,
  0x7d, 0x86, 0x82, 0x7b, 0x80, 0x85, 0x7f, 0x7d, 0x82, 0x83, 0x80, 0x80,
  0x82, 0x82, 0x81, 0x81, 0x81, 0x82, 0x82, 0x81, 0x81, 0x82, 0x81, 0x7f,
  0x81, 0x81, 0x7f, 0x7f, 0x82, 0x81, 0x7e, 0x80, 0x82, 0x81, 0x80, 0x82,
  0x82, 0x80, 0x80, 0x80, 0x7e, 0x80, 0x80, 0x7d, 0x7c, 0x7f, 0x80, 0x7a,
  0x7c, 0x81, 0x7e, 0x79, 0x7f, 0x83, 0x7d, 0x7b, 0x82, 0x83, 0x7c, 0x7e,
  0x84, 0x80, 0x7c, 0x80, 0x83, 0x7e, 0x7c, 0x81, 0x81, 0x7e, 0x7e, 0x80,
  0x7f, 0x7d, 0x7e, 0x80, 0x7e, 0x7d, 0x7e, 0x7f, 0x7e, 0x7d, 0x7e, 0x7f,
  0x7e, 0x7f, 0x7f, 0x80, 0x7f, 0x7f, 0x81, 0x81, 0x7f, 0x80, 0x83, 0x81,
  0x7e, 0x81, 0x83, 0x7f, 0x7c, 0x81, 0x82, 0x7d, 0x7c, 0x81, 0x80, 0x7c,
  0x7e, 0x82, 0x80, 0x7c, 0x80, 0x82, 0x7f, 0x7e, 0x81, 0x81, 0x7e, 0x7e,
  0x81, 0x80, 0x7d, 0x7f, 0x81, 0x80, 0x7e, 0x80, 0x81, 0x80, 0x80, 0x81,
  0x81, 0x81, 0x81, 0x80, 0x81, 0x81, 0x81, 0x80, 0x81, 0x81, 0x80, 0x80,
  0x81, 0x81, 0x80, 0x80, 0x81, 0x81, 0x80, 0x81, 0x81, 0x80, 0x80, 0x80,
  0x80, 0x7f, 0x80, 0x80, 0x7f, 0x7f, 0x80, 0x7f, 0x7f, 0x7f, 0x7f, 0x7f,
  0x7f, 0x7f, 0x7f, 0x7e, 0x7f, 0x7f, 0x7e, 0x7f, 0x80, 0x7f, 0x7f, 0x80,
  0x81, 0x80, 0x81, 0x81, 0x81, 0x81, 0x81, 0x82, 0x81, 0x81, 0x81, 0x81,
  0x81, 0x81, 0x82, 0x81, 0x80, 0x81, 0x82, 0x81, 0x80, 0x81, 0x81, 0x7f,
  0x7e, 0x80, 0x7f, 0x7d, 0x7c, 0x7e, 0x7e, 0x7c, 0x7c, 0x7e, 0x7e, 0x7b,
  0x7d, 0x7f, 0x7f, 0x7c, 0x7e, 0x81, 0x7f, 0x7e, 0x80, 0x81, 0x7f, 0x7e,
  0x7f, 0x80, 0x7f, 0x7e, 0x7f, 0x80, 0x7f, 0x7e, 0x80, 0x80, 0x7f, 0x7f,
  0x80, 0x80, 0x7f, 0x7e, 0x7f, 0x7f, 0x7e, 0x7e, 0x7f, 0x7f, 0x7e, 0x7e,
  0x7f, 0x7f, 0x7e, 0x7e, 0x7f, 0x7f, 0x7e, 0x7f, 0x7f, 0x7f, 0x7f, 0x7f,
  0x7f, 0x7f, 0x7f, 0x7f, 0x7f, 0x7f, 0x7f, 0x7f, 0x7f, 0x7f, 0x7f, 0x7f,
  0x7f, 0x7f, 0x80, 0x80, 0x7f, 0x7f, 0x80, 0x80, 0x80, 0x80, 0x80, 0x80,
  0x80, 0x80, 0x80, 0x80, 0x80, 0x81, 0x80, 0x80, 0x81, 0x81, 0x81, 0x80,
  0x80, 0x81, 0x81, 0x80, 0x80, 0x80, 0x81, 0x81, 0x80, 0x80, 0x81, 0x81,
  0x81, 0x80, 0x81, 0x80, 0x80, 0x80, 0x80, 0x80, 0x80, 0x80, 0x7f, 0x7f,
  0x7f, 0x7f, 0x7f, 0x7e, 0x7e, 0x7e, 0x7f, 0x7e, 0x7e, 0x7f, 0x7f, 0x7f,
  0x7e, 0x7f, 0x7f, 0x7f, 0x7f, 0x7f, 0x7f, 0x7f, 0x7f, 0x7f, 0x7f, 0x7f,
  0x7f, 0x7f, 0x7f, 0x7f, 0x7f, 0x80, 0x80, 0x80, 0x80, 0x80, 0x80, 0x80,
  0x7f, 0x80, 0x80, 0x80, 0x80, 0x80, 0x80, 0x80, 0x80, 0x80, 0x80, 0x80,
  0x80, 0x7f, 0x7f, 0x7f, 0x7f, 0x7f, 0x7f, 0x7f, 0x7e, 0x7e, 0x7f, 0x7e,
  0x7f, 0x7f, 0x7f, 0x7f, 0x7f, 0x7f, 0x7f, 0x80, 0x80, 0x7f, 0x80, 0x80,
  0x80, 0x80, 0x80, 0x80, 0x80, 0x80, 0x80, 0x80, 0x80, 0x80, 0x80, 0x80,
  0x80, 0x80, 0x80, 0x80, 0x80, 0x80, 0x80, 0x80, 0x80, 0x80, 0x80, 0x80,
  0x80, 0x80, 0x80, 0x80, 0x81, 0x81, 0x80, 0x80, 0x80, 0x80, 0x7f, 0x7f,
  0x7f, 0x7f, 0x7f, 0x7f, 0x7f, 0x7f, 0x7f, 0x7f, 0x7e, 0x7e, 0x7e, 0x7f,
  0x7f, 0x7f, 0x7f, 0x7f, 0x7f, 0x80, 0x80, 0x80, 0x80, 0x80, 0x80, 0x80,
  0x80, 0x80, 0x81, 0x81, 0x81, 0x81, 0x81, 0x81, 0x81, 0x81, 0x81, 0x81,
  0x81, 0x81, 0x81, 0x81, 0x80, 0x80, 0x80, 0x80, 0x80, 0x80, 0x80, 0x7f,
  0x7f, 0x7f, 0x7f, 0x7f, 0x7e, 0x7e, 0x7e, 0x7e, 0x7e, 0x7e, 0x7e, 0x7e,
  0x7e, 0x7e, 0x7e, 0x7e, 0x7e, 0x7f, 0x7f, 0x7f, 0x7f, 0x7f, 0x80, 0x80,
  0x80, 0x80, 0x80, 0x80, 0x80, 0x80, 0x80, 0x80, 0x80, 0x80, 0x80, 0x80,
  0x80, 0x80, 0x80, 0x80, 0x80, 0x80, 0x80, 0x7f, 0x7f, 0x7f, 0x7f, 0x80,
  0x80, 0x7f, 0x7f, 0x7f, 0x80, 0x7f, 0x7f, 0x7f, 0x7f, 0x7f, 0x7f, 0x7f,
  0x7f, 0x7f, 0x7f, 0x7f, 0x7f, 0x7f, 0x7f, 0x7f, 0x7f, 0x7f, 0x80, 0x80,
  0x80, 0x80, 0x80, 0x80, 0x80, 0x80, 0x80, 0x80, 0x80, 0x80, 0x80, 0x80,
  0x80, 0x80, 0x7f, 0x7f, 0x7f, 0x7f, 0x7f, 0x7f, 0x7e, 0x7e, 0x7e, 0x7e,
  0x7e, 0x7e, 0x7e, 0x7e, 0x7e, 0x7e, 0x7e, 0x7e, 0x7e, 0x7f, 0x7f, 0x7e,
  0x7e, 0x7e, 0x7f, 0x7f, 0x7e, 0x7e, 0x7e, 0x7e, 0x7f, 0x7f, 0x7f, 0x7f,
  0x7f, 0x7f, 0x7e, 0x7f, 0x7f, 0x7f, 0x7f, 0x7e, 0x7f, 0x7f, 0x7f, 0x7f,
  0x7f, 0x7f, 0x7f, 0x7f, 0x7f, 0x7f, 0x7f, 0x7f, 0x7f, 0x7f, 0x7f, 0x7f,
  0x7f, 0x7f, 0x7f, 0x7f, 0x7f, 0x7f, 0x80, 0x80, 0x80, 0x80, 0x80, 0x80,
  0x80, 0x80, 0x80, 0x80, 0x80, 0x80, 0x80, 0x80, 0x80, 0x81, 0x81, 0x81,
  0x81, 0x81, 0x81, 0x81, 0x81, 0x81, 0x81, 0x81, 0x81, 0x81, 0x81, 0x81,
  0x81, 0x81, 0x81, 0x81, 0x81, 0x81, 0x80, 0x80, 0x81, 0x80, 0x80, 0x80,
  0x80, 0x80, 0x80, 0x80, 0x80, 0x80, 0x80, 0x81, 0x80, 0x80, 0x80, 0x80,
  0x80, 0x80, 0x80, 0x80, 0x80, 0x80, 0x80, 0x80, 0x80, 0x80, 0x80, 0x7f,
  0x80, 0x80, 0x80, 0x80, 0x7f, 0x80, 0x7f, 0x7f, 0x7f, 0x80, 0x80, 0x80,
  0x80, 0x80, 0x80, 0x80, 0x80, 0x80, 0x80, 0x80, 0x80, 0x80, 0x80, 0x80,
  0x7f, 0x7f, 0x80, 0x80, 0x7f, 0x7f, 0x7f, 0x7f, 0x7f, 0x7f, 0x7f, 0x80,
  0x80, 0x7f, 0x7f, 0x7f, 0x80, 0x80, 0x80, 0x80, 0x80, 0x80, 0x80, 0x80,
  0x80, 0x80, 0x80, 0x80, 0x80, 0x80, 0x80, 0x80, 0x80, 0x80, 0x80, 0x7f,
  0x80, 0x80, 0x80, 0x80, 0x7f, 0x80, 0x7f, 0x7f, 0x7f, 0x7f, 0x7f, 0x7f,
  0x7f, 0x7f, 0x7f, 0x7f, 0x7f, 0x7f, 0x7f, 0x7f, 0x7f, 0x7f, 0x7f, 0x7f,
  0x7f, 0x7f, 0x7f, 0x7f, 0x7f, 0x7f, 0x7f, 0x80, 0x80, 0x80, 0x80, 0x80,
  0x80, 0x80, 0x80, 0x80, 0x80, 0x80, 0x80, 0x80, 0x80, 0x7f, 0x7f, 0x7f,
  0x7f, 0x7f, 0x7f, 0x7f, 0x7f, 0x7f, 0x7f, 0x7f, 0x7f, 0x7f, 0x7f, 0x7f,
  0x7f, 0x7f, 0x7f, 0x7f, 0x7f, 0x7f, 0x7f, 0x7f, 0x7f, 0x7f, 0x7f, 0x7f,
  0x7f, 0x7f, 0x7f, 0x7f, 0x7f, 0x80, 0x7f, 0x7f, 0x80, 0x80, 0x80, 0x80,
  0x80, 0x80, 0x80, 0x80, 0x80, 0x80, 0x80, 0x7f, 0x7f, 0x7f, 0x7f, 0x7f,
  0x7f, 0x7f, 0x7f, 0x7f, 0x7f, 0x7f, 0x7f, 0x7f, 0x7f, 0x7f, 0x7f, 0x7f,
  0x7f, 0x7f, 0x7f, 0x7f, 0x7f, 0x80, 0x80, 0x80, 0x80, 0x80, 0x80, 0x80,
  0x80, 0x80, 0x80, 0x80, 0x80, 0x80, 0x80, 0x80, 0x80, 0x80, 0x80, 0x80,
  0x80, 0x80, 0x80, 0x80, 0x80, 0x80, 0x80, 0x80, 0x80, 0x80, 0x80, 0x80,
  0x80, 0x80, 0x80, 0x80, 0x80, 0x80, 0x80, 0x80, 0x80, 0x80, 0x80, 0x80,
  0x80, 0x80, 0x80, 0x80, 0x80, 0x80, 0x80, 0x80, 0x80, 0x80, 0x80, 0x80,
  0x80, 0x80, 0x80, 0x80, 0x80, 0x80, 0x80, 0x80, 0x80, 0x80, 0x80, 0x80,
  0x80, 0x80, 0x7f, 0x7f, 0x7f, 0x7f, 0x7f, 0x7f, 0x80, 0x7f, 0x7f, 0x7f,
  0x7f, 0x7f, 0x80, 0x80, 0x80, 0x80, 0x80, 0x80, 0x80, 0x80, 0x80, 0x80,
  0x80, 0x80, 0x80, 0x80, 0x80, 0x80, 0x7f, 0x80, 0x80, 0x7f, 0x80, 0x80,
  0x80, 0x7f, 0x80, 0x7f, 0x7f, 0x7f, 0x7f, 0x7f, 0x7f, 0x7f, 0x7f, 0x7f,
  0x7f, 0x7f, 0x7f, 0x7f, 0x7f, 0x7f, 0x7f, 0x7e, 0x7e, 0x7e, 0x7e, 0x7e,
  0x7e, 0x7e, 0x7f, 0x7f, 0x7f, 0x7f, 0x7f, 0x7f, 0x7f, 0x7f, 0x7f, 0x7f,
  0x7f, 0x7f, 0x7f, 0x7f, 0x7f, 0x7f, 0x7f, 0x7f, 0x7f, 0x7f, 0x7f, 0x7f,
  0x7f, 0x7f, 0x7f, 0x7f, 0x7f, 0x7f, 0x7f, 0x7f, 0x7f, 0x7f, 0x7f, 0x7f,
  0x7f, 0x7f, 0x7f, 0x7f, 0x7f, 0x7f, 0x7f, 0x7f, 0x7f, 0x7f, 0x7f, 0x7f,
  0x7f, 0x7f, 0x7f, 0x7f, 0x7f, 0x7f, 0x7f, 0x7f, 0x7f, 0x80, 0x80, 0x7f,
  0x7f, 0x7f, 0x7f, 0x7f, 0x7f, 0x80, 0x80, 0x80, 0x80, 0x80, 0x80, 0x80,
  0x80, 0x80, 0x80, 0x80, 0x80, 0x80, 0x80, 0x80, 0x80, 0x80, 0x80, 0x80,
  0x80, 0x80, 0x80, 0x80, 0x80, 0x80, 0x80, 0x80, 0x7f, 0x80, 0x80, 0x7f,
  0x80, 0x80, 0x80, 0x80, 0x80, 0x80, 0x80, 0x80, 0x80, 0x80, 0x80, 0x80,
  0x80, 0x80, 0x80, 0x80, 0x80, 0x80, 0x80, 0x7f, 0x7f, 0x80, 0x80, 0x80,
  0x80, 0x80, 0x7f, 0x7f, 0x7f, 0x7f, 0x7f, 0x7f, 0x7f, 0x7f, 0x7f, 0x7f,
  0x7f, 0x7f, 0x7f, 0x7f, 0x7f, 0x7f, 0x7f, 0x7f, 0x7f, 0x7f, 0x80, 0x80,
  0x80, 0x80, 0x80, 0x80, 0x80, 0x80, 0x80, 0x80, 0x80, 0x80, 0x80, 0x80,
  0x80, 0x80, 0x80, 0x80, 0x80, 0x80, 0x80, 0x80, 0x80, 0x80, 0x7f, 0x80,
  0x7f, 0x7f, 0x7f, 0x7f, 0x80, 0x7f, 0x7f, 0x7f, 0x7f, 0x7f, 0x7f, 0x7f,
  0x7f, 0x7f, 0x7f, 0x7f, 0x80, 0x80, 0x80, 0x7f, 0x80, 0x7f, 0x7f, 0x7f,
  0x7f, 0x7f, 0x7f, 0x7f, 0x7f, 0x7f, 0x7f, 0x80, 0x7f, 0x7f, 0x7f, 0x7f,
  0x80, 0x80, 0x80, 0x80, 0x80, 0x7f, 0x80, 0x80, 0x7f, 0x80, 0x80, 0x80,
  0x80, 0x7f, 0x7f, 0x7f, 0x80, 0x7f, 0x7f, 0x80, 0x7f, 0x7f, 0x7f, 0x7f,
  0x80, 0x7f, 0x80, 0x7f, 0x80, 0x80, 0x80, 0x80, 0x7f, 0x80, 0x80, 0x80,
  0x80, 0x80, 0x80, 0x80, 0x80, 0x80, 0x80, 0x80, 0x80, 0x80, 0x80, 0x80,
  0x81, 0x80, 0x80, 0x80, 0x80, 0x80, 0x80, 0x80, 0x80, 0x80, 0x80, 0x80,
  0x80, 0x7f, 0x80, 0x80, 0x7f, 0x7f, 0x7f, 0x7f, 0x7f, 0x7f, 0x7f, 0x7f,
  0x7f, 0x7f, 0x7f, 0x7f, 0x7f, 0x80, 0x7f, 0x7f, 0x7f, 0x7f, 0x7f, 0x80,
  0x7f, 0x7f, 0x80, 0x80, 0x80, 0x80, 0x80, 0x80, 0x80, 0x80, 0x80, 0x80,
  0x80, 0x80, 0x80, 0x80, 0x80, 0x80, 0x80, 0x80, 0x80, 0x80, 0x7f, 0x7f,
  0x7f, 0x7f, 0x7f, 0x7f, 0x7f, 0x7f, 0x7f, 0x7f, 0x7f, 0x7f, 0x7f, 0x7f,
  0x7f, 0x7f, 0x7f, 0x7f, 0x7f, 0x7f, 0x7f, 0x7f, 0x7f, 0x7f, 0x7f, 0x7f,
  0x7f, 0x7f, 0x7f, 0x7f, 0x7f, 0x7f, 0x7f, 0x80, 0x7f, 0x80, 0x80, 0x80,
  0x80, 0x7f, 0x80, 0x80, 0x7f, 0x7f, 0x7f, 0x7f, 0x7f, 0x7f, 0x7f, 0x7f,
  0x7f, 0x7f, 0x7f, 0x7f, 0x7f, 0x7f, 0x7f, 0x7f, 0x7f, 0x7f, 0x7f, 0x7f,
  0x7f, 0x7f, 0x7f, 0x7f, 0x7f, 0x7f, 0x80, 0x80, 0x80, 0x80, 0x80, 0x80,
  0x80, 0x80, 0x80, 0x80, 0x80, 0x80, 0x80, 0x80, 0x81, 0x80, 0x80, 0x80,
  0x80, 0x80, 0x80, 0x81, 0x80, 0x80, 0x80, 0x80, 0x80, 0x80, 0x81, 0x80,
  0x80, 0x80, 0x80, 0x80, 0x80, 0x80, 0x80, 0x80, 0x80, 0x7f, 0x80, 0x80,
  0x80, 0x80, 0x80, 0x80, 0x80, 0x80, 0x80, 0x80, 0x80, 0x80, 0x80, 0x80,
  0x80, 0x80, 0x80, 0x80, 0x7f, 0x7f, 0x80, 0x7f, 0x80, 0x80, 0x80, 0x80,
  0x80, 0x80, 0x7f, 0x80, 0x7f, 0x7f, 0x80, 0x80, 0x80, 0x7f, 0x7f, 0x80,
  0x7f, 0x7f, 0x80, 0x7f, 0x80, 0x80, 0x80, 0x7f, 0x7f, 0x7f, 0x7f, 0x7f,
  0x7f, 0x7f, 0x7f, 0x7f, 0x7f, 0x7f, 0x7f, 0x7f, 0x7f, 0x7f, 0x7f, 0x7f,
  0x7f, 0x7f, 0x7f, 0x7f, 0x7f, 0x7f, 0x7f, 0x7f, 0x7f, 0x7f, 0x80, 0x80,
  0x80, 0x80, 0x80, 0x80, 0x80, 0x80, 0x80, 0x80, 0x80, 0x80, 0x80, 0x80,
  0x80, 0x80, 0x80, 0x80, 0x80, 0x81, 0x80, 0x80, 0x80, 0x81, 0x81, 0x81,
  0x80, 0x81, 0x81, 0x81, 0x81, 0x81, 0x81, 0x81, 0x80, 0x80, 0x80, 0x80,
  0x80, 0x80, 0x80, 0x80, 0x80, 0x80, 0x80, 0x80, 0x80, 0x7f, 0x7f, 0x7f,
  0x7f, 0x7f, 0x7f, 0x7f, 0x7f, 0x7f, 0x7f, 0x7f, 0x7e, 0x7e, 0x7e, 0x7e,
  0x7e, 0x7e, 0x7e, 0x7e, 0x7e, 0x7e, 0x7e, 0x7e, 0x7d, 0x7e, 0x7d, 0x7d,
  0x7e, 0x7e, 0x7e, 0x7e, 0x7e, 0x7e, 0x7e, 0x7f, 0x7e, 0x7f, 0x7f, 0x7e,
  0x7e, 0x7e, 0x7f, 0x7e, 0x7f, 0x7f, 0x7f, 0x7f, 0x7f, 0x7f, 0x7f, 0x7f,
  0x7f, 0x7f, 0x7f, 0x7f, 0x7f, 0x7f, 0x7f, 0x7f, 0x7f, 0x7f, 0x7f, 0x7f,
  0x7f, 0x7f, 0x7f, 0x7f, 0x7f, 0x7f, 0x7f, 0x7f, 0x7f, 0x7f, 0x7f, 0x7f,
  0x7f, 0x7f, 0x7f, 0x7f, 0x7f, 0x7f, 0x7f, 0x7f, 0x7f, 0x7f, 0x7f, 0x80,
  0x80, 0x80, 0x7f, 0x80, 0x80, 0x7f, 0x80, 0x80, 0x80, 0x80, 0x80, 0x80,
  0x80, 0x80, 0x80, 0x80, 0x80, 0x80, 0x80, 0x80, 0x80, 0x80, 0x7f, 0x80,
  0x80, 0x80, 0x80, 0x80, 0x80, 0x80, 0x80, 0x80, 0x80, 0x80, 0x80, 0x80,
  0x80, 0x80, 0x80, 0x80, 0x81, 0x81, 0x81, 0x81, 0x81, 0x81, 0x81, 0x81,
  0x81, 0x81, 0x81, 0x81, 0x81, 0x81, 0x81, 0x81, 0x81, 0x80, 0x80, 0x80,
  0x80, 0x80, 0x80, 0x80, 0x80, 0x80, 0x80, 0x7f, 0x7f, 0x80, 0x80, 0x80,
  0x80, 0x80, 0x80, 0x7f, 0x7f, 0x7f, 0x7f, 0x7f, 0x7f, 0x7f, 0x7f, 0x7f,
  0x80, 0x7f, 0x7f, 0x7f, 0x7f, 0x7f, 0x7f, 0x7f, 0x7f, 0x7f, 0x7f, 0x7f,
  0x7f, 0x7f, 0x7f, 0x7f, 0x7f, 0x7f, 0x7f, 0x7f, 0x7f, 0x7f, 0x7f, 0x7f,
  0x7f, 0x7f, 0x7f, 0x80, 0x7f, 0x80, 0x80, 0x80, 0x80, 0x80, 0x80, 0x80,
  0x80, 0x81, 0x81, 0x81, 0x80, 0x81, 0x80, 0x81, 0x81, 0x80, 0x80, 0x80,
  0x80, 0x80, 0x80, 0x80, 0x80, 0x80, 0x80, 0x80, 0x80, 0x80, 0x80, 0x80,
  0x80, 0x80, 0x80, 0x80, 0x80, 0x80, 0x7f, 0x7f, 0x7f, 0x7f, 0x7f, 0x7f,
  0x80, 0x7f, 0x7f, 0x7f, 0x7f, 0x7f, 0x7f, 0x7f, 0x7f, 0x7f, 0x7f, 0x7f,
  0x7f, 0x7f, 0x7f, 0x7f, 0x7f, 0x7f, 0x7f, 0x7f, 0x7f, 0x7f, 0x7f, 0x7f,
  0x7f, 0x80, 0x7f, 0x7f, 0x80, 0x80, 0x80, 0x80, 0x80, 0x80, 0x7f, 0x80,
  0x80, 0x80, 0x80, 0x80, 0x80, 0x80, 0x80, 0x80, 0x80, 0x80, 0x80, 0x80,
  0x80, 0x80, 0x80, 0x80, 0x80, 0x80, 0x80, 0x80, 0x80, 0x81, 0x80, 0x80,
  0x80, 0x80, 0x80, 0x80, 0x81, 0x80, 0x80, 0x80, 0x80, 0x80, 0x80, 0x80,
  0x80, 0x80, 0x80, 0x80, 0x80, 0x7f, 0x7f, 0x7f, 0x7f, 0x7f, 0x7f, 0x7f,
  0x7f, 0x7f, 0x7f, 0x7f, 0x7f, 0x7f, 0x7f, 0x7f, 0x7f, 0x7f, 0x7f, 0x7f,
  0x7f, 0x7f, 0x7f, 0x7f, 0x7f, 0x7f, 0x7f, 0x7f, 0x7f, 0x7f, 0x7f, 0x7f,
  0x7f, 0x7f, 0x7f, 0x7f, 0x7f, 0x7f, 0x7f, 0x7f, 0x7f, 0x7f, 0x7f, 0x7f,
  0x7e, 0x7f, 0x7f, 0x7f, 0x7f, 0x7e, 0x7e, 0x7f, 0x7f, 0x7f, 0x7f, 0x7f,
  0x7e, 0x7e, 0x7e, 0x7e, 0x7e, 0x7e, 0x7e, 0x7e, 0x7e, 0x7e, 0x7e, 0x7e,
  0x7e, 0x7e, 0x7e, 0x7e, 0x7e, 0x7e, 0x7e, 0x7e, 0x7e, 0x7e, 0x7e, 0x7e,
  0x7e, 0x7e, 0x7e, 0x7e, 0x7e, 0x7e, 0x7f, 0x7f, 0x7f, 0x7f, 0x7f, 0x7f,
  0x7f, 0x80, 0x80, 0x80, 0x80, 0x80, 0x80, 0x80, 0x80, 0x80, 0x80, 0x80,
  0x80, 0x80, 0x80, 0x80, 0x80, 0x80, 0x80, 0x80, 0x80, 0x80, 0x80, 0x80,
  0x80, 0x80, 0x80, 0x80, 0x80, 0x80, 0x80, 0x80, 0x81, 0x81, 0x81, 0x81,
  0x81, 0x81, 0x81, 0x81, 0x81, 0x81, 0x81, 0x81, 0x81, 0x80, 0x80, 0x80,
  0x80, 0x80, 0x80, 0x80, 0x80, 0x80, 0x80, 0x80, 0x80, 0x80, 0x80, 0x80,
  0x80, 0x80, 0x80, 0x80, 0x80, 0x80, 0x80, 0x7f, 0x80, 0x80, 0x80, 0x80,
  0x80, 0x80, 0x7f, 0x80, 0x7f, 0x7f, 0x7f, 0x80, 0x80, 0x80, 0x80, 0x80,
  0x7f, 0x80, 0x80, 0x7f, 0x80, 0x80, 0x80, 0x7f, 0x80, 0x80, 0x7f, 0x7f,
  0x7f, 0x7f, 0x7f, 0x7f, 0x7f, 0x7f, 0x7f, 0x7f, 0x7f, 0x7f, 0x7f, 0x7f,
  0x7f, 0x7f, 0x7f, 0x7f, 0x7f, 0x80, 0x80, 0x7f, 0x80, 0x80, 0x80, 0x7f,
  0x80, 0x80, 0x80, 0x80, 0x80, 0x80, 0x80, 0x80, 0x80, 0x80, 0x80, 0x80,
  0x80, 0x80, 0x80, 0x80, 0x80, 0x80, 0x80, 0x80, 0x80, 0x80, 0x80, 0x7f,
  0x7f, 0x7f, 0x80, 0x7f, 0x7f, 0x80, 0x80, 0x80, 0x80, 0x80, 0x7f, 0x7f,
  0x80, 0x80, 0x7f, 0x7f, 0x7f, 0x7f, 0x7f, 0x7f, 0x7f, 0x7f, 0x7f, 0x7f,
  0x7f, 0x7f, 0x7f, 0x80, 0x7f, 0x7f, 0x7f, 0x7f, 0x7f, 0x80, 0x7f, 0x7f,
  0x7f, 0x7f, 0x7f, 0x7f, 0x7f, 0x7f, 0x7f, 0x7f, 0x7f, 0x7f, 0x7f, 0x7f,
  0x7f, 0x7f, 0x7f, 0x7f, 0x7f, 0x7f, 0x7f, 0x7f, 0x7f, 0x7f, 0x7f, 0x7f,
  0x7f, 0x7f, 0x7f, 0x7f, 0x7f, 0x7f, 0x7f, 0x80, 0x7f, 0x7f, 0x80, 0x80,
  0x7f, 0x7f, 0x80, 0x80, 0x7f, 0x7f, 0x7f, 0x80, 0x80, 0x80, 0x80, 0x80,
  0x80, 0x80, 0x80, 0x80, 0x80, 0x80, 0x80, 0x80, 0x80, 0x80, 0x80, 0x80,
  0x80, 0x80, 0x80, 0x80, 0x80, 0x80, 0x80, 0x80, 0x80, 0x80, 0x80, 0x80,
  0x80, 0x80, 0x80, 0x80, 0x80, 0x80, 0x80, 0x80, 0x80, 0x80, 0x80, 0x80,
  0x80, 0x80, 0x80, 0x80, 0x80, 0x80, 0x7f, 0x80, 0x80, 0x7f, 0x80, 0x80,
  0x80, 0x80, 0x80, 0x80, 0x80, 0x80, 0x7f, 0x80, 0x80, 0x7f, 0x7f, 0x7f,
  0x80, 0x7f, 0x7f, 0x7f, 0x7f, 0x7f, 0x7f, 0x7f, 0x7f, 0x7f, 0x7f, 0x7f,
  0x7f, 0x7f, 0x7f, 0x7f, 0x7f, 0x7f, 0x7f, 0x7f, 0x80, 0x80, 0x80, 0x80,
  0x80, 0x80, 0x80, 0x80, 0x80, 0x80, 0x80, 0x80, 0x80, 0x80, 0x80, 0x80,
  0x80, 0x80, 0x80, 0x80, 0x80, 0x80, 0x80, 0x80, 0x80, 0x80, 0x80, 0x80,
  0x80, 0x80, 0x80, 0x80, 0x7f, 0x7f, 0x7f, 0x80, 0x80, 0x7f, 0x80, 0x7f,
  0x7f, 0x7f, 0x7f, 0x80, 0x80, 0x80, 0x7f, 0x7f, 0x7f, 0x7f, 0x7f, 0x7f,
  0x7f, 0x7f, 0x7f, 0x7f, 0x7f, 0x7f, 0x7f, 0x7f, 0x7f, 0x7f, 0x7f, 0x7f,
  0x7f, 0x7f, 0x7f, 0x7f, 0x7f, 0x7f, 0x7f, 0x7f, 0x7f, 0x7f, 0x7f, 0x7f,
  0x7f, 0x7f, 0x7f, 0x7f, 0x7f, 0x7f, 0x7f, 0x7f, 0x80, 0x7f, 0x7f, 0x80,
  0x80, 0x80, 0x80, 0x80, 0x80, 0x80, 0x80, 0x80, 0x80, 0x80, 0x80, 0x80,
  0x80, 0x80, 0x80, 0x80, 0x80, 0x80, 0x80, 0x80, 0x80, 0x80, 0x80, 0x80,
  0x80, 0x80, 0x80, 0x80, 0x80, 0x80, 0x80, 0x80, 0x80, 0x80, 0x80, 0x80,
  0x80, 0x80, 0x80, 0x80, 0x80, 0x7f, 0x7f, 0x7f, 0x7f, 0x7f, 0x7f, 0x80,
  0x80, 0x80, 0x80, 0x80, 0x80, 0x80, 0x80, 0x7f, 0x7f, 0x7f, 0x7f, 0x80,
  0x7f, 0x7f, 0x7f, 0x7f, 0x7f, 0x7f, 0x7f, 0x7f, 0x7f, 0x7f, 0x7f, 0x7f,
  0x7f, 0x7f, 0x7f, 0x7f, 0x7f, 0x7f, 0x7f, 0x7f, 0x7f, 0x7f, 0x7f, 0x7f,
  0x7f, 0x7f, 0x7f, 0x7f, 0x7f, 0x7f, 0x7f, 0x7e, 0x7f, 0x7f, 0x7f, 0x7f,
  0x7f, 0x7f, 0x7f, 0x7e, 0x7e, 0x7e, 0x7e, 0x7e, 0x7e, 0x7e, 0x7e, 0x7e,
  0x7e, 0x7e, 0x7e, 0x7e, 0x7e, 0x7e, 0x7e, 0x7e, 0x7f, 0x7f, 0x7f, 0x7f,
  0x7f, 0x7f, 0x7f, 0x7f, 0x7f, 0x7f, 0x7f, 0x7f, 0x7f, 0x7f, 0x7f, 0x7f,
  0x80, 0x80, 0x80, 0x80, 0x80, 0x80, 0x80, 0x80, 0x80, 0x80, 0x80, 0x80,
  0x80, 0x80, 0x81, 0x81, 0x81, 0x81, 0x81, 0x80, 0x80, 0x80, 0x81, 0x81,
  0x81, 0x81, 0x81, 0x81, 0x81, 0x81, 0x81, 0x81, 0x81, 0x81, 0x80, 0x80,
  0x80, 0x80, 0x80, 0x80, 0x80, 0x80, 0x80, 0x7f, 0x7f, 0x7f, 0x7f, 0x7f,
  0x7f, 0x7f, 0x7f, 0x7f, 0x7f, 0x7f, 0x7f, 0x7f, 0x7e, 0x7e, 0x7e, 0x7e,
  0x7e, 0x7f, 0x7f, 0x7f, 0x7f, 0x7f, 0x7f, 0x7f, 0x7f, 0x7f, 0x7f, 0x7f,
  0x7f, 0x7f, 0x7f, 0x80, 0x80, 0x7f, 0x80, 0x80, 0x80, 0x80, 0x80, 0x80,
  0x80, 0x81, 0x80, 0x80, 0x80, 0x80, 0x81, 0x81, 0x81, 0x81, 0x81, 0x81,
  0x81, 0x81, 0x81, 0x81, 0x81, 0x81, 0x81, 0x81, 0x81, 0x81, 0x81, 0x81,
  0x81, 0x80, 0x80, 0x80, 0x80, 0x80, 0x80, 0x80, 0x80, 0x80, 0x80, 0x80,
  0x80, 0x7f, 0x7f, 0x7f, 0x7f, 0x7f, 0x7f, 0x7f, 0x7f, 0x7f, 0x7e, 0x7e,
  0x7e, 0x7f, 0x7e, 0x7e, 0x7e, 0x7e, 0x7e, 0x7e, 0x7e, 0x7e, 0x7e, 0x7e,
  0x7e, 0x7e, 0x7e, 0x7e, 0x7e, 0x7e, 0x7e, 0x7e, 0x7e, 0x7e, 0x7f, 0x7f,
  0x7f, 0x7f, 0x7f, 0x7f, 0x7f, 0x7f, 0x7f, 0x80, 0x80, 0x80, 0x80, 0x81,
  0x81, 0x81, 0x81, 0x81, 0x81, 0x81, 0x81, 0x81, 0x81, 0x81, 0x81, 0x81,
  0x81, 0x81, 0x81, 0x81, 0x81, 0x81, 0x81, 0x81, 0x81, 0x81, 0x81, 0x81,
  0x81, 0x81, 0x81, 0x81, 0x81, 0x81, 0x81, 0x81, 0x81, 0x81, 0x81, 0x81,
  0x80, 0x80, 0x80, 0x80, 0x80, 0x80, 0x80, 0x80, 0x80, 0x80, 0x80, 0x80,
  0x80, 0x80, 0x80, 0x80, 0x80, 0x80, 0x80, 0x80, 0x80, 0x80, 0x80, 0x80,
  0x80, 0x80, 0x80, 0x7f, 0x80, 0x80, 0x80, 0x80, 0x80, 0x80, 0x80, 0x7f,
  0x7f, 0x7f, 0x80, 0x7f, 0x7f, 0x7f, 0x7f, 0x7f, 0x7f, 0x7f, 0x7f, 0x7f,
  0x7f, 0x7f, 0x7f, 0x7f, 0x7f, 0x7f, 0x7f, 0x7f, 0x7f, 0x7f, 0x7f, 0x7f,
  0x7f, 0x7f, 0x7f, 0x7f, 0x7f, 0x7f, 0x80, 0x80, 0x80, 0x80, 0x7f, 0x80,
  0x80, 0x7f, 0x7f, 0x7f, 0x7f, 0x7f, 0x7f, 0x7f, 0x7f, 0x7f, 0x7f, 0x7f,
  0x7f, 0x7f, 0x7f, 0x7f, 0x7f, 0x7f, 0x7f, 0x7f, 0x7f, 0x7f, 0x7f, 0x7f,
  0x7f, 0x7f, 0x7f, 0x7f, 0x7f, 0x7f, 0x7f, 0x7f, 0x7f, 0x7f, 0x7f, 0x7f,
  0x7f, 0x7f, 0x7f, 0x7f, 0x7f, 0x7f, 0x7f, 0x7f, 0x7f, 0x7f, 0x7f, 0x7f,
  0x7f, 0x7f, 0x7f, 0x7f, 0x7f, 0x7f, 0x7f, 0x7e, 0x7f, 0x7f, 0x7f, 0x7f,
  0x7f, 0x7f, 0x7f, 0x7f, 0x7f, 0x7f, 0x7f, 0x7f, 0x7f, 0x80, 0x80, 0x80,
  0x80, 0x80, 0x80, 0x80, 0x7f, 0x80, 0x80, 0x80, 0x80, 0x80, 0x80, 0x80,
  0x80, 0x80, 0x80, 0x80, 0x80, 0x80, 0x80, 0x80, 0x80, 0x80, 0x80, 0x80,
  0x80, 0x80, 0x80, 0x80, 0x80, 0x80, 0x80, 0x80, 0x80, 0x80, 0x80, 0x80,
  0x80, 0x80, 0x80, 0x80, 0x7f, 0x7f, 0x7f, 0x7f, 0x7f, 0x7f, 0x7f, 0x7f,
  0x7f, 0x7f, 0x7f, 0x7f, 0x7f, 0x7f, 0x7f, 0x7f, 0x7f, 0x7f, 0x7f, 0x7f,
  0x7f, 0x7f, 0x7f, 0x7f, 0x7f, 0x7f, 0x7e, 0x7f, 0x7f, 0x7f, 0x7f, 0x7f,
  0x7f, 0x7f, 0x7f, 0x7f, 0x7f, 0x7f, 0x7f, 0x7f, 0x7f, 0x7f, 0x7f, 0x7f,
  0x7f, 0x7f, 0x7f, 0x7e, 0x7e, 0x7f, 0x7f, 0x7f, 0x7f, 0x7f, 0x7f, 0x7f,
  0x7f, 0x7f, 0x7f, 0x80, 0x80, 0x80, 0x80, 0x80, 0x80, 0x80, 0x80, 0x81,
  0x81, 0x81, 0x81, 0x81, 0x81, 0x81, 0x81, 0x81, 0x81, 0x81, 0x81, 0x81,
  0x81, 0x81, 0x82, 0x82, 0x82, 0x82, 0x82, 0x82, 0x81, 0x81, 0x82, 0x82,
  0x81, 0x82, 0x82, 0x82, 0x82, 0x81, 0x81, 0x81, 0x81, 0x81, 0x81, 0x81,
  0x81, 0x80, 0x80, 0x80, 0x80, 0x80, 0x80, 0x80, 0x7f, 0x7f, 0x7f, 0x7f,
  0x7f, 0x7f, 0x7f, 0x7f, 0x7f, 0x7f, 0x7f, 0x7f, 0x7f, 0x7f, 0x7f, 0x7f,
  0x7f, 0x7f, 0x7f, 0x7f, 0x7e, 0x7e, 0x7e, 0x7e, 0x7e, 0x7e, 0x7e, 0x7e,
  0x7e, 0x7e, 0x7e, 0x7e, 0x7e, 0x7e, 0x7e, 0x7e, 0x7e, 0x7e, 0x7e, 0x7e,
  0x7e, 0x7e, 0x7e, 0x7f, 0x7f, 0x7f, 0x7f, 0x7f, 0x7f, 0x7f, 0x7f, 0x7f,
  0x7f, 0x7f, 0x80, 0x80, 0x80, 0x80, 0x80, 0x80, 0x80, 0x80, 0x80, 0x80,
  0x80, 0x80, 0x80, 0x80, 0x81, 0x81, 0x80, 0x80, 0x80, 0x80, 0x80, 0x80,
  0x80, 0x80, 0x80, 0x80, 0x80, 0x80, 0x80, 0x81, 0x81, 0x80, 0x80, 0x80,
  0x80, 0x80, 0x80, 0x80, 0x80, 0x80, 0x80, 0x80, 0x80, 0x80, 0x80, 0x7f,
  0x7f, 0x7f, 0x7f, 0x80, 0x7f, 0x80, 0x80, 0x80, 0x7f, 0x7f, 0x7f, 0x7f,
  0x7f, 0x7f, 0x7f, 0x7f, 0x7f, 0x7f, 0x7f, 0x7f, 0x7f, 0x7f, 0x7f, 0x7f,
  0x7f, 0x7f, 0x7f, 0x7f, 0x7f, 0x7f, 0x7f, 0x7f, 0x7f, 0x7f, 0x7f, 0x7f,
  0x7f, 0x7f, 0x7f, 0x7f, 0x7f, 0x7f, 0x7f, 0x7f, 0x7f, 0x7f, 0x7f, 0x7f,
  0x80, 0x80, 0x80, 0x7f, 0x80, 0x80, 0x80, 0x80, 0x80, 0x80, 0x80, 0x80,
  0x80, 0x80, 0x80, 0x80, 0x80, 0x80, 0x80, 0x80, 0x80, 0x80, 0x80, 0x80,
  0x80, 0x80, 0x7f, 0x7f, 0x80, 0x80, 0x80, 0x7f, 0x80, 0x7f, 0x80, 0x80,
  0x7f, 0x7f, 0x7f, 0x7f, 0x7f, 0x80, 0x80, 0x80, 0x80, 0x80, 0x7f, 0x7f,
  0x7f, 0x80, 0x80, 0x7f, 0x7f, 0x7f, 0x80, 0x80, 0x7f, 0x7f, 0x7f, 0x7f,
  0x7f, 0x7f, 0x7f, 0x7f, 0x7f, 0x7f, 0x7f, 0x7f, 0x7f, 0x7f, 0x7f, 0x7f,
  0x7f, 0x7f, 0x7f, 0x7f, 0x7f, 0x7f, 0x7f, 0x7f, 0x7f, 0x7f, 0x7f, 0x7f,
  0x7f, 0x7f, 0x80, 0x80, 0x7f, 0x7f, 0x80, 0x80, 0x80, 0x80, 0x80, 0x80,
  0x80, 0x80, 0x80, 0x80, 0x80, 0x80, 0x80, 0x80, 0x80, 0x80, 0x80, 0x80,
  0x80, 0x80, 0x80, 0x80, 0x80, 0x80, 0x80, 0x80, 0x80, 0x80, 0x80, 0x80,
  0x80, 0x80, 0x80, 0x80, 0x7f, 0x80, 0x7f, 0x7f, 0x7f, 0x80, 0x80, 0x80,
  0x80, 0x80, 0x80, 0x80, 0x80, 0x80, 0x80, 0x80, 0x80, 0x80, 0x80, 0x80,
  0x80, 0x80, 0x80, 0x80, 0x80, 0x80, 0x80, 0x80, 0x80, 0x80, 0x80, 0x80,
  0x80, 0x80, 0x80, 0x80, 0x80, 0x80, 0x80, 0x80, 0x80, 0x80, 0x80, 0x80,
  0x80, 0x80, 0x7f, 0x7f, 0x80, 0x7f, 0x7f, 0x7f, 0x7f, 0x80, 0x80, 0x80,
  0x7f, 0x7f, 0x7f, 0x7f, 0x7f, 0x7f, 0x7f, 0x7f, 0x7f, 0x7f, 0x7f, 0x7f,
  0x7f, 0x7e, 0x7e, 0x7e, 0x7e, 0x7e, 0x7e, 0x7e, 0x7e, 0x7e, 0x7e, 0x7e,
  0x7e, 0x7e, 0x7e, 0x7e, 0x7e, 0x7e, 0x7e, 0x7e, 0x7e, 0x7e, 0x7e, 0x7e,
  0x7e, 0x7e, 0x7e, 0x7e, 0x7e, 0x7f, 0x7f, 0x7f, 0x7f, 0x7f, 0x7f, 0x7f,
  0x7f, 0x7f, 0x7f, 0x7f, 0x7f, 0x7f, 0x80, 0x7f, 0x80, 0x80, 0x80, 0x80,
  0x80, 0x80, 0x80, 0x80, 0x80, 0x80, 0x81, 0x81, 0x81, 0x81, 0x81, 0x81,
  0x81, 0x81, 0x81, 0x81, 0x82, 0x82, 0x82, 0x82, 0x82, 0x82, 0x82, 0x81,
  0x81, 0x81, 0x81, 0x82, 0x82, 0x82, 0x81, 0x81, 0x81, 0x81, 0x81, 0x81,
  0x81, 0x81, 0x81, 0x81, 0x81, 0x81, 0x81, 0x81, 0x81, 0x81, 0x81, 0x80,
  0x80, 0x80, 0x80, 0x81, 0x81, 0x80, 0x80, 0x80, 0x80, 0x80, 0x80, 0x80,
  0x80, 0x80, 0x80, 0x80, 0x7f, 0x7f, 0x7f, 0x7f, 0x7f, 0x7f, 0x7f, 0x7f,
  0x7f, 0x7f, 0x7f, 0x7f, 0x7f, 0x7f, 0x7f, 0x7f, 0x7f, 0x7f, 0x7f, 0x7f,
  0x7f, 0x7f, 0x7f, 0x7f, 0x7e, 0x7f, 0x7f, 0x7f, 0x7e, 0x7e, 0x7e, 0x7e,
  0x7e, 0x7e, 0x7e, 0x7e, 0x7e, 0x7e, 0x7e, 0x7e, 0x7e, 0x7e, 0x7e, 0x7e,
  0x7e, 0x7f, 0x7e, 0x7e, 0x7e, 0x7e, 0x7f, 0x7f, 0x7f, 0x7f, 0x7f, 0x7f,
  0x7f, 0x7f, 0x7f, 0x7f, 0x7f, 0x80, 0x7f, 0x7f, 0x80, 0x80, 0x7f, 0x7f,
  0x7f, 0x7f, 0x7f, 0x80, 0x80, 0x80, 0x80, 0x7f, 0x7f, 0x7f, 0x80, 0x80,
  0x80, 0x80, 0x80, 0x80, 0x80, 0x80, 0x80, 0x80, 0x80, 0x7f, 0x7f, 0x80,
  0x80, 0x80, 0x80, 0x80, 0x80, 0x80, 0x80, 0x80, 0x80, 0x80, 0x80, 0x80,
  0x7f, 0x7f, 0x80, 0x80, 0x80, 0x80, 0x80, 0x7f, 0x7f, 0x7f, 0x80, 0x80,
  0x80, 0x80, 0x80, 0x80, 0x80, 0x80, 0x80, 0x7f, 0x7f, 0x7f, 0x7f, 0x7f,
  0x7f, 0x7f, 0x7f, 0x7f, 0x7f, 0x7f, 0x7f, 0x7f, 0x7f, 0x7f, 0x7f, 0x7f,
  0x7f, 0x7f, 0x7f, 0x7f, 0x7f, 0x7f, 0x7f, 0x7f, 0x7f, 0x7f, 0x7f, 0x7f,
  0x7f, 0x7f, 0x7f, 0x7f, 0x7f, 0x7f, 0x7f, 0x7f, 0x7f, 0x7f, 0x7f, 0x7f,
  0x7f, 0x7f, 0x7f, 0x7f, 0x7f, 0x7f, 0x7f, 0x7f, 0x7f, 0x7f, 0x7f, 0x7f,
  0x7f, 0x7f, 0x7f, 0x7f, 0x7f, 0x7f, 0x7f, 0x7f, 0x7f, 0x7f, 0x7f, 0x7f,
  0x7f, 0x7f, 0x80, 0x80, 0x80, 0x80, 0x80, 0x80, 0x80, 0x80, 0x80, 0x80,
  0x80, 0x80, 0x80, 0x80, 0x80, 0x80, 0x80, 0x80, 0x80, 0x80, 0x80, 0x80,
  0x80, 0x80, 0x80, 0x80, 0x80, 0x80, 0x80, 0x80, 0x80, 0x80, 0x80, 0x80,
  0x80, 0x80, 0x80, 0x80, 0x80, 0x80, 0x80, 0x80, 0x80, 0x80, 0x81, 0x80,
  0x80, 0x80, 0x80, 0x80, 0x80, 0x80, 0x80, 0x80, 0x80, 0x80, 0x80, 0x80,
  0x80, 0x80, 0x80, 0x80, 0x80, 0x80, 0x80, 0x80, 0x80, 0x80, 0x80, 0x80,
  0x80, 0x80, 0x80, 0x80, 0x80, 0x80, 0x80, 0x80, 0x80, 0x80, 0x80, 0x80,
  0x80, 0x80, 0x80, 0x80, 0x80, 0x80, 0x80, 0x7f, 0x7f, 0x7f, 0x7f, 0x7f,
  0x7f, 0x7f, 0x7f, 0x7f, 0x7f, 0x7f, 0x7f, 0x7f, 0x7f, 0x7f, 0x7f, 0x7f,
  0x7f, 0x7f, 0x7f, 0x7f, 0x7e, 0x7e, 0x7e, 0x7e, 0x7e, 0x7e, 0x7e, 0x7e,
  0x7e, 0x7f, 0x7f, 0x7e, 0x7e, 0x7f, 0x7f, 0x7f, 0x7f, 0x7f, 0x7f, 0x7f,
  0x7f, 0x7f, 0x7f, 0x7f, 0x7f, 0x7f, 0x7f, 0x7f, 0x7f, 0x7f, 0x7f, 0x7f,
  0x7f, 0x7f, 0x80, 0x80, 0x7f, 0x7f, 0x80, 0x80, 0x7f, 0x80, 0x80, 0x80,
  0x80, 0x80, 0x80, 0x80, 0x80, 0x80, 0x80, 0x80, 0x80, 0x80, 0x80, 0x80,
  0x80, 0x80, 0x80, 0x80, 0x80, 0x80, 0x80, 0x80, 0x80, 0x80, 0x80, 0x80,
  0x80, 0x80, 0x80, 0x80, 0x80, 0x80, 0x80, 0x80, 0x80, 0x80, 0x80, 0x80,
  0x80, 0x80, 0x80, 0x80, 0x80, 0x80, 0x80, 0x80, 0x80, 0x80, 0x80, 0x80,
  0x80, 0x80, 0x80, 0x80, 0x80, 0x80, 0x80, 0x80, 0x80, 0x80, 0x80, 0x80,
  0x80, 0x80, 0x80, 0x80, 0x80, 0x80, 0x80, 0x80, 0x80, 0x80, 0x80, 0x80,
  0x80, 0x80, 0x80, 0x80, 0x80, 0x80, 0x80, 0x80, 0x80, 0x80, 0x80, 0x80,
  0x80, 0x80, 0x80, 0x80, 0x80, 0x80, 0x80, 0x80, 0x80, 0x80, 0x80, 0x80,
  0x80, 0x80, 0x80, 0x80, 0x80, 0x7f, 0x7f, 0x7f, 0x7f, 0x7f, 0x7f, 0x7f,
  0x7f, 0x7f, 0x7f, 0x7f, 0x7f, 0x7f, 0x7e, 0x7e, 0x7e, 0x7e, 0x7e, 0x7e,
  0x7e, 0x7e, 0x7e, 0x7e, 0x7f, 0x7f, 0x7f, 0x7f, 0x7f, 0x7f, 0x7f, 0x7f,
  0x7f, 0x7f, 0x7f, 0x7f, 0x7f, 0x7f, 0x7f, 0x7f, 0x7f, 0x7f, 0x7f, 0x7f,
  0x7f, 0x7f, 0x7f, 0x7f, 0x7f, 0x7f, 0x7f, 0x7f, 0x7f, 0x7f, 0x7f, 0x7f,
  0x7f, 0x7f, 0x7f, 0x7f, 0x7f, 0x7f, 0x7f, 0x7f, 0x7f, 0x7f, 0x80, 0x80,
  0x80, 0x80, 0x80, 0x80, 0x80, 0x80, 0x80, 0x80, 0x80, 0x80, 0x80, 0x80,
  0x80, 0x80, 0x80, 0x80, 0x80, 0x7f, 0x7f, 0x7f, 0x80, 0x80, 0x7f, 0x7f,
  0x7f, 0x7f, 0x7f, 0x7f, 0x7f, 0x7f, 0x7f, 0x7f, 0x7f, 0x7f, 0x7f, 0x7f,
  0x7f, 0x80, 0x80, 0x80, 0x80, 0x80, 0x80, 0x80, 0x80, 0x80, 0x81, 0x81,
  0x81, 0x81, 0x81, 0x81, 0x81, 0x81, 0x81, 0x81, 0x81, 0x80, 0x80, 0x81,
  0x80, 0x80, 0x80, 0x80, 0x80, 0x80, 0x80, 0x80, 0x80, 0x80, 0x80, 0x80,
  0x80, 0x80, 0x80, 0x80, 0x80, 0x7f, 0x7f, 0x7f, 0x7f, 0x7f, 0x7f, 0x7f,
  0x7f, 0x7f, 0x7f, 0x7f, 0x7f, 0x7f, 0x7f, 0x7f, 0x7f, 0x7f, 0x7f, 0x7f,
  0x7f, 0x7f, 0x7f, 0x7f, 0x7f, 0x7f, 0x7f, 0x7f, 0x7f, 0x7f, 0x7f, 0x7f,
  0x7f, 0x7f, 0x7e, 0x7e, 0x7e, 0x7e, 0x7e, 0x7e, 0x7e, 0x7e, 0x7e, 0x7e,
  0x7e, 0x7e, 0x7e, 0x7e, 0x7e, 0x7e, 0x7e, 0x7e, 0x7e, 0x7e, 0x7e, 0x7f,
  0x7f, 0x7f, 0x7f, 0x7f, 0x7f, 0x7f, 0x7f, 0x7f, 0x7f, 0x7f, 0x7f, 0x80,
  0x80, 0x80, 0x80, 0x80, 0x80, 0x80, 0x80, 0x81, 0x81, 0x81, 0x81, 0x81,
  0x81, 0x81, 0x81, 0x81, 0x81, 0x81, 0x81, 0x81, 0x81, 0x81, 0x81, 0x81,
  0x81, 0x81, 0x81, 0x81, 0x81, 0x81, 0x81, 0x81, 0x81, 0x80, 0x81, 0x80,
  0x80, 0x80, 0x80, 0x80, 0x80, 0x80, 0x80, 0x80, 0x80, 0x7f, 0x7f, 0x7f,
  0x7f, 0x7f, 0x7f, 0x7f, 0x7f, 0x7f, 0x7f, 0x7f, 0x7f, 0x7f, 0x7f, 0x7f,
  0x7f, 0x7f, 0x7f, 0x7f, 0x7f, 0x7f, 0x7f, 0x7f, 0x7f, 0x7f, 0x7f
};
unsigned int my_name_wav_len = 18899;



#endif /* HAL_DAC_OUT_H_ */
