/*
 * TFT_image2.h
 *
 *  Created on: Sep 16, 2026
 *      Author: AHMED SHERIF
 */

#ifndef HAL_TFT_TFT_IMAGE2_H_
#define HAL_TFT_TFT_IMAGE2_H_

const u16 arr2[20480] = { 0x0063, 0x0043, 0x10e5, 0x31c8, 0x422a, 0x4249,
		0x4229, 0x4228, 0x4207, 0x4207, 0x4228, 0x4a28, 0x4a28, 0x4a28, 0x4207,
		0x4207, 0x4227, 0x4a49, 0x526a, 0x5a8a, 0x5aa9, 0x5ac9, 0x62ea, 0x630c,
		0x6b4c, 0x6b6c, 0x6b6b, 0x6b6b, 0x6b6c, 0x736c, 0x738b, 0x738a, 0x7b4c,
		0x7b2c, 0x72eb, 0x6aaa, 0x6289, 0x6248, 0x6248, 0x6248, 0x6aa9, 0x72c9,
		0x7aea, 0x7b0a, 0x7b0a, 0x7aea, 0x7aea, 0x7aea, 0x7aec, 0x832c, 0x7b4a,
		0x7b6a, 0x7b49, 0x732a, 0x5a48, 0x1821, 0x1801, 0x2042, 0x2082, 0x30c1,
		0x4122, 0x48c1, 0x7184, 0x9227, 0x8a47, 0x92a8, 0x9ac9, 0x92a8, 0x9aa8,
		0x9ac9, 0xa2e9, 0xa2c8, 0xa2c8, 0xa2c8, 0xaae8, 0xa2c8, 0x9ac8, 0x9aa8,
		0x92c9, 0x92a9, 0x92a8, 0x9288, 0x9288, 0x9288, 0x9ac8, 0xa2c9, 0xa2e9,
		0xa2e9, 0xa2e9, 0xa2ea, 0xa2ea, 0xa2e9, 0xa2c9, 0xa2c9, 0xa2e9, 0xa2e9,
		0xa309, 0xa2e9, 0xa2e9, 0xa2e9, 0xa2e9, 0xa2c9, 0xa2c8, 0xa2c9, 0xa2e9,
		0xa2e9, 0xa2e9, 0xa2e9, 0xa2e9, 0xa2e9, 0xa2e9, 0xa2e9, 0x9ac9, 0xa2e9,
		0x9ac9, 0x8a67, 0x79e5, 0x79c5, 0x79a4, 0x6943, 0x6943, 0x79a5, 0x8247,
		0x8aa9, 0x82c9, 0x7288, 0x6a89, 0x72ea, 0x0064, 0x0023, 0x0023, 0x10c4,
		0x2987, 0x424a, 0x4a6a, 0x4249, 0x4229, 0x4a49, 0x4a49, 0x4a69, 0x4a48,
		0x4a28, 0x4a28, 0x4a48, 0x4a48, 0x4a49, 0x526a, 0x5a8a, 0x5aa9, 0x5ac9,
		0x62ea, 0x630c, 0x6b2c, 0x6b6b, 0x6b6b, 0x6b6b, 0x6b6c, 0x736d, 0x736c,
		0x736b, 0x7b4c, 0x7b4c, 0x7b2b, 0x730b, 0x6aca, 0x6aa9, 0x6289, 0x6268,
		0x6247, 0x6268, 0x6a88, 0x72c9, 0x72c9, 0x72c9, 0x72c9, 0x72a9, 0x72ab,
		0x7aeb, 0x72ea, 0x7b29, 0x7309, 0x7b09, 0x6a68, 0x28a2, 0x1000, 0x1001,
		0x1020, 0x28c2, 0x3902, 0x5102, 0x7184, 0x8a06, 0x8a47, 0x9288, 0x9ac9,
		0x9aa9, 0x9aa8, 0x9ac9, 0xa2e9, 0xa2c8, 0xa2c8, 0xa2e8, 0xa2e9, 0xa2c8,
		0x9ac8, 0x9aa8, 0x92a9, 0x92a9, 0x9288, 0x9288, 0x9288, 0x9aa8, 0x9ac9,
		0xa2e9, 0xa2e9, 0xa2e9, 0xa2e9, 0xa2e9, 0xa2e9, 0xa2e9, 0xa2c9, 0xa2e9,
		0xa2e9, 0xa2e9, 0xa309, 0xa2e9, 0xa2e9, 0xa2e9, 0xa2e9, 0xa2c8, 0xa2c8,
		0xa2c9, 0xa2e9, 0xaae9, 0xaae9, 0xa2e9, 0xa2e9, 0xa2e9, 0xa2e9, 0xa2e9,
		0xa2e9, 0xa2ea, 0x9ac9, 0x8a47, 0x79c5, 0x79a4, 0x7184, 0x6923, 0x7164,
		0x79e6, 0x8a68, 0x8aa9, 0x82a9, 0x7289, 0x6aa9, 0x6aea, 0x0885, 0x0885,
		0x0044, 0x0043, 0x10c5, 0x2988, 0x424a, 0x52ab, 0x4a6a, 0x4a6a, 0x4a69,
		0x528a, 0x5289, 0x4a69, 0x5269, 0x5289, 0x5288, 0x5289, 0x528a, 0x5aaa,
		0x5ac9, 0x62ea, 0x62eb, 0x6b0c, 0x6b2c, 0x6b4b, 0x6b6b, 0x6b4c, 0x734d,
		0x734e, 0x734d, 0x7b4c, 0x734c, 0x732c, 0x732c, 0x7b2c, 0x732b, 0x730b,
		0x6aca, 0x6aa9, 0x6247, 0x6227, 0x6227, 0x6227, 0x6a68, 0x6a68, 0x7288,
		0x6a68, 0x6a89, 0x6aa9, 0x6a88, 0x72a9, 0x7288, 0x7aa9, 0x6a68, 0x4124,
		0x0800, 0x0800, 0x0800, 0x20a2, 0x30c2, 0x4923, 0x7185, 0x8a06, 0x8a47,
		0x9268, 0x9aa9, 0x9ac9, 0x9ac9, 0x9ac9, 0x9ac9, 0xa2c8, 0xa2e9, 0xa2e8,
		0xa2e8, 0xa2c8, 0x9ac8, 0x9aa8, 0x92a8, 0x92a8, 0x9288, 0x9288, 0x92a8,
		0x9aa8, 0x9ac9, 0xa2e9, 0xa2e9, 0xa2e9, 0xa2e9, 0xa2e9, 0xa2e9, 0xa2e9,
		0xa2e9, 0xa2e9, 0xa2e9, 0xa2e9, 0xa309, 0xa309, 0xa2e9, 0xa2e9, 0xa2c9,
		0xa2c8, 0xa2c9, 0xa2c9, 0xa2e9, 0xab09, 0xaae9, 0xa2e9, 0xa2e9, 0xa2e9,
		0xa2e9, 0xa2e9, 0xa2c9, 0xa2e9, 0x9288, 0x8226, 0x79c5, 0x7184, 0x6943,
		0x6923, 0x71a5, 0x8a47, 0x8aa9, 0x8289, 0x7a89, 0x72a9, 0x72ea, 0x732b,
		0x0024, 0x0065, 0x0865, 0x0865, 0x0064, 0x0885, 0x2968, 0x528c, 0x52cc,
		0x52ab, 0x4a8b, 0x4a6a, 0x528a, 0x52aa, 0x52ca, 0x52aa, 0x5ac9, 0x5aca,
		0x5acb, 0x62eb, 0x62ea, 0x630b, 0x6b0c, 0x6b0c, 0x6b2c, 0x734b, 0x736b,
		0x734c, 0x7b4e, 0x7b4f, 0x7b4e, 0x7b4d, 0x734c, 0x734c, 0x734c, 0x734c,
		0x732b, 0x730b, 0x72ea, 0x6aca, 0x6aa9, 0x6a68, 0x6227, 0x6207, 0x6227,
		0x6a27, 0x6a47, 0x6a27, 0x6a67, 0x6a68, 0x6a48, 0x7249, 0x7228, 0x7228,
		0x6a07, 0x4964, 0x1000, 0x0000, 0x0000, 0x1883, 0x2082, 0x40e3, 0x6984,
		0x8206, 0x8a47, 0x9267, 0x92a8, 0x9ac9, 0x9ac9, 0x9ac9, 0x9ac9, 0xa2e9,
		0xa2e9, 0xa2e9, 0xa2e9, 0x9ac8, 0x9ac8, 0x9aa8, 0x92a8, 0x92a8, 0x9288,
		0x9288, 0x9aa8, 0x9ac8, 0x9ac9, 0xa2e9, 0xa2e9, 0xa30a, 0xa2e9, 0xa2e9,
		0xa2e9, 0xa2e9, 0xa2e9, 0xaaea, 0xab0a, 0xaaea, 0xab09, 0xa309, 0xa2e9,
		0xa2e9, 0xa2c9, 0xa2c9, 0xa2c9, 0xa2c9, 0xaae9, 0xab0a, 0xab09, 0xaae9,
		0xa2e9, 0xa2e9, 0xa2e9, 0xa2e9, 0xa2c9, 0x9aa9, 0x9267, 0x8206, 0x79c5,
		0x6963, 0x6923, 0x6963, 0x79c5, 0x8a88, 0x92ca, 0x8288, 0x7268, 0x72c9,
		0x7b4c, 0x8bcd, 0x0865, 0x0065, 0x0865, 0x08a6, 0x08a6, 0x0044, 0x0885,
		0x2148, 0x4a6c, 0x52cd, 0x5b0d, 0x52cc, 0x52ab, 0x52cb, 0x5aeb, 0x5aeb,
		0x5aea, 0x5aeb, 0x62eb, 0x630b, 0x632b, 0x6b2c, 0x6b2c, 0x6b0c, 0x6b4b,
		0x736a, 0x736b, 0x7b4c, 0x7b4e, 0x834f, 0x834f, 0x836d, 0x7bad, 0x738d,
		0x736c, 0x734c, 0x734c, 0x730b, 0x6aea, 0x6aca, 0x72ca, 0x72a9, 0x6a89,
		0x6a68, 0x6a48, 0x6a48, 0x6a27, 0x6a27, 0x6a47, 0x6a27, 0x6a28, 0x7228,
		0x69e7, 0x69e7, 0x69c6, 0x5164, 0x1820, 0x0800, 0x0000, 0x0001, 0x1042,
		0x3082, 0x5964, 0x79e6, 0x8a47, 0x8a47, 0x9288, 0x9aa8, 0x9ac9, 0x9ac9,
		0x9ac9, 0x9ae9, 0xa2e9, 0xa2e9, 0xa2e9, 0x9ac8, 0x9ac8, 0x9aa8, 0x92a8,
		0x9288, 0x92a8, 0x92a8, 0x9aa8, 0x9aa8, 0x9ac9, 0xa2e9, 0xa2e9, 0xa30a,
		0xa2e9, 0xa2e9, 0xa2e9, 0xa2e9, 0xa2e9, 0xab0a, 0xab0a, 0xab0a, 0xab09,
		0xa309, 0xa2e9, 0xa2c9, 0xa2c9, 0xa2c9, 0xa2c9, 0xaae9, 0xab0a, 0xab0a,
		0xab0a, 0xaae9, 0xaae9, 0xa309, 0xa2e9, 0xa2c9, 0xa2c9, 0x9288, 0x8a26,
		0x81e5, 0x79a4, 0x6923, 0x6143, 0x79c5, 0x8227, 0x8aa9, 0x8ac9, 0x7a89,
		0x7ac9, 0x834b, 0x8bcd, 0x940f, 0x0865, 0x0865, 0x0865, 0x1086, 0x10c6,
		0x10a6, 0x0865, 0x0864, 0x2127, 0x420a, 0x5b0e, 0x634e, 0x5b2d, 0x5aec,
		0x5aec, 0x5aeb, 0x5aca, 0x5aca, 0x5aea, 0x630a, 0x630b, 0x630c, 0x630c,
		0x6b0c, 0x734b, 0x736a, 0x736a, 0x7b6c, 0x7b4e, 0x836e, 0x836e, 0x836c,
		0x7bad, 0x73ad, 0x738d, 0x7b8d, 0x7b6c, 0x7b4c, 0x732b, 0x730b, 0x72ca,
		0x72aa, 0x6a89, 0x6a48, 0x6a48, 0x6a27, 0x6a27, 0x6a28, 0x6a27, 0x6a27,
		0x6a27, 0x7228, 0x6a07, 0x69e6, 0x69c5, 0x59a5, 0x4103, 0x1840, 0x0800,
		0x0000, 0x0800, 0x1800, 0x4103, 0x69e7, 0x8a27, 0x8a47, 0x9267, 0x9288,
		0x9aa8, 0x9aa8, 0x9ac9, 0x9ae9, 0xa2e9, 0xa2e9, 0xa2e9, 0x9ac9, 0x9ac8,
		0x92a8, 0x9288, 0x9288, 0x9aa8, 0x9aa8, 0x9aa8, 0x9aa8, 0x9ac9, 0xa2e9,
		0xa2e9, 0xa30a, 0xa2e9, 0xa2e9, 0xa2e9, 0xa2e9, 0xa2e9, 0xab0a, 0xab0a,
		0xab0a, 0xab09, 0xab09, 0xa2e9, 0xa2c9, 0xa2c9, 0xa2c9, 0xaae9, 0xaae9,
		0xab0a, 0xab0a, 0xab0a, 0xaaea, 0xaaea, 0xaaea, 0xa2e9, 0xa2c9, 0x9aa8,
		0x9267, 0x8206, 0x79c5, 0x7184, 0x6943, 0x6984, 0x8206, 0x8268, 0x8aa9,
		0x82a9, 0x82ca, 0x8b4b, 0x93ed, 0x940e, 0x8c0e, 0x0864, 0x0864, 0x0864,
		0x0865, 0x0885, 0x10a6, 0x10a6, 0x0885, 0x0844, 0x1906, 0x39e9, 0x52cc,
		0x634d, 0x634d, 0x632c, 0x5b0c, 0x5aec, 0x630b, 0x632b, 0x632a, 0x632b,
		0x6b2c, 0x6b2d, 0x6b4c, 0x736c, 0x738b, 0x738b, 0x7b6c, 0x7b6d, 0x7b8d,
		0x7b8c, 0x7bab, 0x73ad, 0x7bad, 0x7bad, 0x7bad, 0x7b8d, 0x7b8c, 0x7b6c,
		0x7b4c, 0x730b, 0x72ca, 0x6aa9, 0x6a68, 0x6a48, 0x6a48, 0x6a48, 0x7248,
		0x7208, 0x7227, 0x7248, 0x6a47, 0x6a47, 0x6a26, 0x6a06, 0x69e6, 0x6207,
		0x4965, 0x3924, 0x28a2, 0x1020, 0x0800, 0x2042, 0x51a7, 0x8227, 0x8a47,
		0x8a67, 0x9267, 0x9288, 0x9aa8, 0x9ac9, 0x9ae9, 0xa2e9, 0x9ae9, 0x9ae9,
		0x9ae9, 0x9ac8, 0x9288, 0x9287, 0x9288, 0x9ac8, 0x9aa8, 0x9aa8, 0x9ac8,
		0x9ae9, 0xa2e9, 0xa2e9, 0xa2e9, 0xa2ea, 0xa2ea, 0xa2e9, 0xa2e9, 0xa2ea,
		0xab0a, 0xab0a, 0xab0a, 0xaae9, 0xab09, 0xa2e9, 0xa2c9, 0xa2c9, 0xaae9,
		0xaae9, 0xab0a, 0xab0a, 0xab0a, 0xab0a, 0xaaea, 0xaaea, 0xaaea, 0xa2e9,
		0xa2c9, 0x9a88, 0x9247, 0x8206, 0x79a4, 0x6943, 0x6963, 0x79e6, 0x8247,
		0x8a88, 0x8ac9, 0x8aea, 0x8b2b, 0x93ad, 0x93ee, 0x8bee, 0x8bee, 0x3187,
		0x2926, 0x20e5, 0x10a5, 0x0844, 0x0864, 0x1084, 0x1064, 0x10a5, 0x0843,
		0x1083, 0x31a8, 0x5aec, 0x6b6e, 0x6b6d, 0x632c, 0x6b2e, 0x6b4d, 0x6b6c,
		0x6b8b, 0x6b8c, 0x6b8d, 0x736e, 0x738d, 0x738c, 0x7bac, 0x7b8c, 0x7b8c,
		0x7b8d, 0x7bad, 0x7bcb, 0x7bca, 0x7bce, 0x7bae, 0x7bad, 0x7bad, 0x7b8d,
		0x7b6c, 0x7b6c, 0x7b6c, 0x7b4c, 0x7b4c, 0x7b0b, 0x72ea, 0x72ca, 0x72a9,
		0x7289, 0x6a68, 0x7a28, 0x7228, 0x7248, 0x6a67, 0x6a66, 0x6a67, 0x7246,
		0x7247, 0x7227, 0x7248, 0x7289, 0x6248, 0x30e3, 0x1000, 0x1001, 0x4167,
		0x8227, 0x8a47, 0x8a68, 0x8a67, 0x9288, 0x9aa8, 0x9ae9, 0x9ae9, 0x9ae9,
		0x9ae9, 0xa2ea, 0x9ae9, 0x9ac8, 0x9287, 0x9287, 0x9287, 0x9ac9, 0x9aa8,
		0x9aa8, 0x9ac9, 0xa2e9, 0xa2e9, 0xa2e9, 0xa2e9, 0xa2ea, 0xa2ea, 0xa2e9,
		0xa2e9, 0xa2ea, 0xab0a, 0xab0a, 0xab0a, 0xaae9, 0xaae9, 0xaae9, 0xa2c9,
		0xa2c9, 0xaae9, 0xab0a, 0xab0a, 0xab0a, 0xab0a, 0xab0a, 0xaaea, 0xaaea,
		0xaaea, 0xa2e9, 0xa2c9, 0x9a88, 0x9247, 0x8a06, 0x7164, 0x6923, 0x71a4,
		0x8227, 0x8247, 0x8ac9, 0x8b0a, 0x8b4b, 0x938c, 0x93cd, 0x8bcd, 0x83cd,
		0x8bee, 0x630c, 0x6b4d, 0x632d, 0x526a, 0x39a8, 0x2926, 0x18c5, 0x10a4,
		0x10a4, 0x1083, 0x0843, 0x1062, 0x2125, 0x4229, 0x630c, 0x6b6d, 0x736e,
		0x738e, 0x73cd, 0x73ab, 0x73ac, 0x7bce, 0x73ae, 0x7bce, 0x7bad, 0x83ce,
		0x83ce, 0x7bae, 0x7bae, 0x7bcd, 0x7beb, 0x740a, 0x7bae, 0x7bce, 0x7bce,
		0x7bad, 0x7b8d, 0x7b6d, 0x7b6c, 0x7b6c, 0x7b4c, 0x7b4c, 0x7b4c, 0x7b4c,
		0x7b2b, 0x7b0b, 0x72ea, 0x72ea, 0x82aa, 0x7a89, 0x72a9, 0x72a8, 0x6a87,
		0x72a7, 0x7a87, 0x7a46, 0x7a66, 0x7a47, 0x7aa9, 0x72a9, 0x6a89, 0x2083,
		0x1822, 0x28a5, 0x79e6, 0x8a88, 0x8247, 0x8a47, 0x9288, 0x9a88, 0x9ac9,
		0xa2e9, 0x9ac9, 0xa2ea, 0xa30a, 0x9ac9, 0x92a8, 0x9288, 0x9aa7, 0x9aa7,
		0x9aa8, 0x9ac8, 0x9ac9, 0xa2e9, 0xa2e9, 0xa2e9, 0xa2e9, 0xa30a, 0xa2e9,
		0xab0a, 0xab0a, 0xa2ea, 0xab0a, 0xab0a, 0xab0a, 0xab0a, 0xaae9, 0xaae9,
		0xaae9, 0xaae9, 0xaae9, 0xaae9, 0xaaea, 0xaaea, 0xab0a, 0xab0a, 0xab0a,
		0xab0a, 0xab0a, 0xaaea, 0xa2c9, 0x9aa8, 0x9aa8, 0x8a27, 0x79a5, 0x6923,
		0x6943, 0x8206, 0x8a68, 0x8288, 0x8aea, 0x934b, 0x938c, 0x8b8c, 0x8bac,
		0x8bcd, 0x8bee, 0x8c0e, 0x6b2b, 0x736c, 0x7b8d, 0x7b8e, 0x738e, 0x736e,
		0x6b2d, 0x630d, 0x528b, 0x5a8b, 0x526a, 0x4208, 0x39a7, 0x39c7, 0x4a28,
		0x528a, 0x6b0d, 0x736d, 0x73ad, 0x73cc, 0x7bed, 0x83ee, 0x7bae, 0x83ce,
		0x83ef, 0x83cf, 0x83af, 0x83d0, 0x840f, 0x7c0e, 0x7c2d, 0x7c6d, 0x83ce,
		0x83ce, 0x83ce, 0x83ae, 0x7b8d, 0x7b8d, 0x7b6d, 0x7b6c, 0x7b6c, 0x7b6c,
		0x7b6c, 0x7b6c, 0x7b6c, 0x7b4c, 0x7b4c, 0x732b, 0x832b, 0x7b0a, 0x7b2b,
		0x7b2b, 0x7ae9, 0x7ae8, 0x82c6, 0x8284, 0x8aa5, 0x82a6, 0x82c8, 0x7aca,
		0x72eb, 0x3926, 0x1823, 0x28c5, 0x6185, 0x7a28, 0x8227, 0x8247, 0x9288,
		0x9aa8, 0x9aa9, 0x9ac9, 0xa2e9, 0xa2ea, 0xa2ea, 0x9ac9, 0x92a8, 0x9288,
		0x9aa7, 0x9aa7, 0x9aa8, 0x9ac8, 0x9ac9, 0xa2e9, 0xa2e9, 0xa2e9, 0xa2e9,
		0xa30a, 0xa2e9, 0xa2ea, 0xab0a, 0xa2ea, 0xab0a, 0xab0a, 0xab2a, 0xab0a,
		0xab0a, 0xaae9, 0xaae9, 0xaae9, 0xaae9, 0xab0a, 0xab0a, 0xab0a, 0xab0a,
		0xab0a, 0xab0a, 0xab0a, 0xaaea, 0xa2ea, 0xa2c9, 0x9a88, 0x9268, 0x8a06,
		0x7184, 0x7143, 0x79a5, 0x79e6, 0x8268, 0x8ac9, 0x9b4b, 0x936c, 0x8b6c,
		0x832b, 0x72ea, 0x6aa9, 0x6ac9, 0x6aea, 0x6b2b, 0x6b4b, 0x736c, 0x736c,
		0x7b8d, 0x7b8d, 0x738e, 0x736e, 0x83cf, 0x83cf, 0x83cf, 0x83cf, 0x83ef,
		0x7bcf, 0x736d, 0x62eb, 0x62ec, 0x630b, 0x6b4b, 0x6b6b, 0x7bac, 0x83ed,
		0x83ed, 0x8c0e, 0x8bee, 0x93f0, 0x93f1, 0x8bf0, 0x8410, 0x7c0e, 0x73ee,
		0x7c2f, 0x8bef, 0x8bef, 0x83ef, 0x83ce, 0x7bae, 0x7bad, 0x83ae, 0x83ae,
		0x83ad, 0x83ad, 0x7bad, 0x7bad, 0x7bad, 0x7bad, 0x7b8d, 0x7b8d, 0x838b,
		0x7b6c, 0x836c, 0x836d, 0x834b, 0x8b08, 0x8ae5, 0x8aa2, 0x8ac3, 0x8ae5,
		0x8b28, 0x7b0a, 0x7b2d, 0x51e9, 0x1843, 0x28a4, 0x5145, 0x7207, 0x7a28,
		0x8248, 0x9288, 0x9a88, 0x9aa8, 0xa2a8, 0xa2e9, 0xa2e9, 0x9ae9, 0x9ac9,
		0x92a8, 0x92a8, 0x9aa7, 0x9aa7, 0x9aa8, 0x9ac9, 0x9ac9, 0xa2e9, 0xa309,
		0xa2e9, 0xa2e9, 0xa2e9, 0xa2e9, 0xa2e9, 0xa2ea, 0xa2ea, 0xab0a, 0xab2a,
		0xab2a, 0xab0a, 0xab0a, 0xab0a, 0xaae9, 0xaae9, 0xab0a, 0xab0a, 0xab0a,
		0xab0a, 0xab0a, 0xab0a, 0xab0a, 0xaaea, 0xa2ea, 0xa2e9, 0x9aa9, 0x9288,
		0x8a47, 0x81e5, 0x6943, 0x79a5, 0x8206, 0x8206, 0x8a88, 0x930a, 0x7227,
		0x61e6, 0x4984, 0x4143, 0x3923, 0x3102, 0x28e2, 0x30e2, 0x734b, 0x734b,
		0x736b, 0x736c, 0x736c, 0x736c, 0x736d, 0x7bae, 0x7b8d, 0x7b8e, 0x7bae,
		0x7bce, 0x83ef, 0x83ef, 0x83ef, 0x7bae, 0x7bae, 0x7bad, 0x7bad, 0x738c,
		0x7bac, 0x83cc, 0x83ab, 0x8bcb, 0x93cc, 0x9c0f, 0x9bef, 0x8bce, 0x8c0e,
		0x8c2f, 0x8450, 0x8452, 0x8c30, 0x8c30, 0x8c2f, 0x8c0f, 0x840f, 0x840f,
		0x83ee, 0x83ee, 0x8bef, 0x83ee, 0x83ce, 0x83ce, 0x83ce, 0x83ce, 0x83ce,
		0x83ce, 0x83eb, 0x7bcc, 0x83ad, 0x838e, 0x8b6c, 0x8b28, 0x9304, 0x92e1,
		0x8ac0, 0x8b03, 0x8b68, 0x836b, 0x834d, 0x6aac, 0x2884, 0x28a4, 0x4924,
		0x69e7, 0x7a48, 0x8248, 0x9268, 0x9a88, 0xa2a8, 0xa2c8, 0xa2e9, 0xa2e9,
		0x9ac9, 0x9ac9, 0x9aa8, 0x9aa8, 0x9aa8, 0x9ac7, 0x9ac9, 0x9ac9, 0x9ac9,
		0xa2e9, 0xa309, 0xa30a, 0xa2e9, 0xa2e9, 0xa2e9, 0xa2e9, 0xa2e9, 0xa2ea,
		0xab0a, 0xab0a, 0xab2a, 0xab0a, 0xab0a, 0xaae9, 0xaae9, 0xaae9, 0xab0a,
		0xab0a, 0xab0a, 0xab0a, 0xb32a, 0xab2a, 0xab0a, 0xab0a, 0xa2ea, 0xa2c9,
		0x9aa8, 0x9268, 0x8206, 0x79c5, 0x7163, 0x8206, 0x8a27, 0x8247, 0x92c9,
		0x8ac9, 0x40a1, 0x30a1, 0x30a1, 0x30e2, 0x3903, 0x3923, 0x3103, 0x30e2,
		0x6b0a, 0x6b2a, 0x734b, 0x736c, 0x738c, 0x736c, 0x736c, 0x7b8d, 0x7bad,
		0x7bce, 0x83ce, 0x83ce, 0x7bae, 0x7bae, 0x7bce, 0x7bce, 0x83ef, 0x83ee,
		0x83ee, 0x83ee, 0x8bed, 0x8bcb, 0x8388, 0x8b87, 0x9388, 0x9baa, 0x9bac,
		0x93ec, 0x9c4c, 0x946e, 0x8c30, 0x8432, 0x840f, 0x840f, 0x840f, 0x8c2f,
		0x8c30, 0x8c50, 0x8c30, 0x840f, 0x8c2f, 0x8c0f, 0x8c0f, 0x8c0e, 0x8c0e,
		0x8c0f, 0x8c0f, 0x8c0f, 0x842d, 0x842e, 0x8c0f, 0x8bef, 0x93cd, 0x9b89,
		0x9b44, 0xa341, 0x9b20, 0x9322, 0x9387, 0x93ab, 0x8b8e, 0x836f, 0x3926,
		0x28a3, 0x38c4, 0x5986, 0x7228, 0x8248, 0x8a67, 0x9a88, 0xa2a8, 0xaae9,
		0xa2e9, 0xa2c9, 0x9ac9, 0x9ac9, 0x9ac8, 0x9ac8, 0x9ac8, 0x9ac8, 0xa2e9,
		0x9ac9, 0x9ac9, 0xa2e9, 0xa309, 0xa30a, 0xa2e9, 0xa2e9, 0xa2c9, 0xa2c9,
		0xa2e9, 0xa2ea, 0xab0a, 0xab0a, 0xab0a, 0xab0a, 0xab09, 0xab09, 0xab0a,
		0xab0a, 0xab0a, 0xab0a, 0xab0a, 0xb32a, 0xab2a, 0xab2a, 0xab0a, 0xa2ea,
		0xa2e9, 0x9aa9, 0x9288, 0x8a47, 0x79e5, 0x79c5, 0x79c5, 0x8a27, 0x8206,
		0x8a68, 0x9b0a, 0x7227, 0x3040, 0x38c2, 0x4964, 0x4985, 0x4164, 0x4144,
		0x3903, 0x38e3, 0x736c, 0x6b4c, 0x6b2b, 0x734c, 0x736c, 0x736c, 0x736c,
		0x736c, 0x7b8d, 0x7bad, 0x7bad, 0x83ee, 0x8c0f, 0x8c0f, 0x7bce, 0x738d,
		0x7b8d, 0x7bad, 0x83ae, 0x83ce, 0x8bee, 0x93ca, 0x8b86, 0x9364, 0x9364,
		0x9b45, 0x9b87, 0x9bc7, 0x9c08, 0x940a, 0x8c2f, 0x8c33, 0x8c71, 0x8c71,
		0x8c50, 0x8c50, 0x8c50, 0x8c70, 0x8c70, 0x8c50, 0x8c50, 0x8c50, 0x8c50,
		0x9450, 0x9450, 0x9470, 0x9470, 0x9470, 0x946f, 0x9470, 0x9470, 0x9c70,
		0x9c4e, 0x9be9, 0x9ba4, 0xaba2, 0xab81, 0x9b41, 0x9b65, 0x9bca, 0x93cd,
		0x9410, 0x41a8, 0x1883, 0x30c4, 0x4946, 0x7228, 0x8269, 0x9268, 0x9a88,
		0xa2a7, 0xaac8, 0xa2c8, 0xa2c8, 0x9ac9, 0x9ac9, 0x9ac9, 0x9ac8, 0x9ac8,
		0x9ac8, 0xa2e9, 0xa2e9, 0x9ae9, 0xa2e9, 0xa2e9, 0xa2e9, 0xa2e9, 0xa2e9,
		0xa2c9, 0xa2c9, 0xa2e9, 0xab0a, 0xab0a, 0xab0a, 0xab0a, 0xab0a, 0xab0a,
		0xab0a, 0xab0a, 0xab0a, 0xab0a, 0xab0a, 0xb32a, 0xab2a, 0xab2a, 0xab0a,
		0xab0a, 0xa2e9, 0x9ac9, 0x9aa8, 0x9267, 0x8a27, 0x79c5, 0x79c5, 0x8206,
		0x8a27, 0x8206, 0x92a9, 0x92ea, 0x61a5, 0x4923, 0x51a5, 0x59e6, 0x51c6,
		0x4985, 0x4144, 0x3903, 0x38e3, 0x734c, 0x6b2c, 0x6b0c, 0x6b2b, 0x734c,
		0x736c, 0x7b8c, 0x738d, 0x7bad, 0x7bad, 0x7bcd, 0x7bcd, 0x7bce, 0x7bce,
		0x83ee, 0x83ee, 0x83ee, 0x83ce, 0x83cf, 0x83af, 0x8bcd, 0x93c9, 0x8b63,
		0x9360, 0xa3a1, 0x9b62, 0x9b62, 0x9b82, 0x8b82, 0x93e6, 0x940d, 0x8bd1,
		0x8450, 0x8c70, 0x8c91, 0x8c71, 0x8c70, 0x8c70, 0x8c70, 0x9491, 0x9471,
		0x9470, 0x9470, 0x9470, 0x9c91, 0x9c91, 0x9c91, 0x9c91, 0x9c70, 0x9c91,
		0x9c91, 0x9c90, 0x9c8e, 0x9c29, 0x9bc5, 0xabc2, 0xb3c1, 0xab82, 0xa385,
		0xa3c9, 0x9c0d, 0x9430, 0x41e8, 0x18c4, 0x30c5, 0x4105, 0x61e8, 0x8268,
		0x9288, 0xa2a8, 0xa2a7, 0xaac8, 0xaac8, 0xa2c8, 0xa2c9, 0x9ac9, 0x9ac9,
		0x9ac8, 0x9ac8, 0x9ac8, 0xa2e9, 0xa2e9, 0xa2e9, 0xa2e9, 0xa309, 0xa2e9,
		0xa2e9, 0xa2e9, 0xa2c9, 0xa2c9, 0xa2e9, 0xab0a, 0xab2a, 0xab0a, 0xab0a,
		0xab0a, 0xab0a, 0xab2a, 0xab2a, 0xab2a, 0xab2a, 0xab2a, 0xab2a, 0xab2a,
		0xab0a, 0xab0a, 0xab0a, 0xa2c9, 0x9aa9, 0x9288, 0x8a27, 0x81e6, 0x79e5,
		0x8206, 0x8a47, 0x8226, 0x8227, 0x9ac9, 0x8aa9, 0x5964, 0x59a5, 0x51a5,
		0x51a5, 0x49a5, 0x4985, 0x4985, 0x51a6, 0x5186, 0x6b0c, 0x6b2c, 0x6b4c,
		0x6b4c, 0x6b4c, 0x736c, 0x736c, 0x738c, 0x738c, 0x7bad, 0x7bcd, 0x83ee,
		0x83ee, 0x83ee, 0x83ee, 0x83ee, 0x83ce, 0x83ae, 0x83cf, 0x8baf, 0x93cd,
		0x93c9, 0x9362, 0x9380, 0x9b60, 0xa360, 0xa380, 0xa3a0, 0x9bc0, 0x93e5,
		0x72c7, 0x3105, 0x3a27, 0x52ca, 0x6b8d, 0x7c2f, 0x8c70, 0x8c90, 0x9491,
		0x9491, 0x9470, 0x9470, 0x9470, 0x9470, 0x9c71, 0x9c91, 0x9c91, 0x9c71,
		0xa471, 0x9c91, 0x9490, 0x948f, 0x9c8d, 0x9c49, 0x9be5, 0xabe3, 0xb3a1,
		0xbbe3, 0xaba5, 0xa3c8, 0x9c2d, 0x8c0f, 0x39e8, 0x1906, 0x28c5, 0x38c4,
		0x5986, 0x7a28, 0x9268, 0xa2a8, 0xaac8, 0xb2e8, 0xaac8, 0xa2c8, 0xa2c9,
		0xa2c9, 0x9ac9, 0x9aa8, 0x9ac8, 0x9ac8, 0xa2e9, 0xa2e9, 0xa2e9, 0xa309,
		0xa30a, 0xa2e9, 0xa2e9, 0xa2e9, 0xa2e9, 0xa2e9, 0xa2ea, 0xab2a, 0xab2a,
		0xab2a, 0xab0a, 0xab0a, 0xab0a, 0xab2a, 0xab2a, 0xab2a, 0xab0a, 0xab0a,
		0xab0a, 0xab2a, 0xab0a, 0xab0a, 0xa2ea, 0x9ac9, 0x9aa8, 0x9267, 0x8206,
		0x79c5, 0x8206, 0x8a47, 0x8a47, 0x8206, 0x8a68, 0x9aea, 0x8268, 0x6185,
		0x61c6, 0x59e6, 0x59e6, 0x5a06, 0x59e6, 0x51c6, 0x59c7, 0x6207, 0x632b,
		0x634c, 0x634c, 0x5b4d, 0x636d, 0x636d, 0x6b6d, 0x736d, 0x838d, 0x836c,
		0x836c, 0x83ad, 0x83cd, 0x7bce, 0x73ef, 0x7430, 0x8bb1, 0x83cf, 0x83ce,
		0x83cd, 0x8bcd, 0x938a, 0x9323, 0xa340, 0xa380, 0x9b61, 0xa382, 0xab60,
		0xab60, 0xa384, 0x30e3, 0x0828, 0x0007, 0x0026, 0x08a7, 0x1948, 0x29a9,
		0x3a2a, 0x4acc, 0x636e, 0x7c11, 0x8c71, 0x8c2f, 0x8c2f, 0x9c50, 0xa450,
		0x9c10, 0xac52, 0x94af, 0x9cb1, 0x9451, 0x9c6f, 0xa4ac, 0x93e6, 0xa406,
		0xa406, 0xa3e5, 0xac04, 0xa404, 0xa407, 0xa42e, 0xa412, 0x4989, 0x28a6,
		0x18c6, 0x20e6, 0x3926, 0x6208, 0x7a48, 0x8a88, 0x9ac9, 0xab0a, 0xa2c9,
		0xa2a8, 0xa2e9, 0xa2e8, 0x92a7, 0x9aa7, 0xa308, 0x9ac8, 0xa2e9, 0xa2c9,
		0xa2e9, 0xab0a, 0xab09, 0xa2e9, 0xa2c8, 0xa2e9, 0xa2e9, 0xa2e9, 0xab09,
		0xab09, 0xab2a, 0xab2a, 0xab2a, 0xab0a, 0xab0a, 0xab0a, 0xab0a, 0xab0a,
		0xab0a, 0xab2a, 0xab2a, 0xab2a, 0xab2a, 0xa2e9, 0x9ac9, 0x9aa8, 0x9268,
		0x8a27, 0x8206, 0x8a07, 0x9247, 0x9268, 0x8a47, 0x8a67, 0x8aa9, 0x932b,
		0x6a07, 0x59a5, 0x61c6, 0x59c6, 0x59c6, 0x51e6, 0x5206, 0x5207, 0x5247,
		0x5247, 0x6aa8, 0x72ea, 0x732a, 0x6b2b, 0x6b4b, 0x6b4c, 0x6b6c, 0x738c,
		0x736c, 0x7b6c, 0x7b8c, 0x83ad, 0x83ad, 0x7bad, 0x7bce, 0x7bef, 0x83b0,
		0x83cf, 0x83cd, 0x83cd, 0x8bcd, 0x938a, 0x9323, 0x9b40, 0xa360, 0x9b61,
		0xa361, 0xab60, 0xab60, 0x9b84, 0x30e2, 0x0027, 0x1088, 0x0867, 0x0866,
		0x0065, 0x0044, 0x0023, 0x0044, 0x0884, 0x2988, 0x52cb, 0x840f, 0x8c4f,
		0x940e, 0x942e, 0xa44f, 0xa40f, 0x948e, 0x9c70, 0xa4b2, 0xa46f, 0x9c2a,
		0xa447, 0xa3e6, 0xabc6, 0xabe6, 0xabe4, 0xac04, 0xa3e7, 0xa44e, 0x9c32,
		0x3188, 0x2947, 0x20e7, 0x20e6, 0x28e5, 0x51c7, 0x7a89, 0x8248, 0x9288,
		0xa2e9, 0xab09, 0xab09, 0xa2c8, 0x9ac8, 0xa2e8, 0x9ac7, 0x9aa7, 0xa309,
		0xa2ea, 0xa2e9, 0xa2e9, 0xa309, 0xa2e9, 0xa2e9, 0xa2e9, 0xa2e9, 0xa309,
		0xa309, 0xab09, 0xab09, 0xab0a, 0xab2a, 0xab2a, 0xab2a, 0xb32a, 0xb32a,
		0xab2a, 0xab2a, 0xab2a, 0xab2a, 0xab2a, 0xab2a, 0xa30a, 0xa2e9, 0x9aa8,
		0x9288, 0x9268, 0x8a47, 0x8a27, 0x8a27, 0x9247, 0x9288, 0x8a47, 0x8a67,
		0x930a, 0x8aea, 0x69e6, 0x61c6, 0x61e6, 0x59e6, 0x59e7, 0x5a07, 0x5a47,
		0x5a68, 0x5a88, 0x62c9, 0x71c3, 0x7a25, 0x7a87, 0x7ae8, 0x7b2a, 0x734b,
		0x6b6b, 0x6b6c, 0x6b6c, 0x6b8d, 0x73ad, 0x7bad, 0x7bad, 0x83ad, 0x83ad,
		0x83ad, 0x83cf, 0x83ce, 0x83ed, 0x83ed, 0x8bed, 0x9389, 0x9323, 0x9b60,
		0x9b60, 0x9b61, 0xa361, 0xab60, 0xab60, 0x9b83, 0x3102, 0x0026, 0x0847,
		0x0846, 0x0846, 0x0866, 0x0866, 0x0866, 0x0887, 0x10a7, 0x0024, 0x2967,
		0x6b4c, 0x7bac, 0x940c, 0x940c, 0x9c2c, 0x9c2c, 0x8c0c, 0x9c4f, 0x93ce,
		0xa48f, 0xa44b, 0x9bc6, 0xac07, 0xb408, 0xbbe7, 0xb3e5, 0xac05, 0xa409,
		0xa48f, 0x738f, 0x1967, 0x19a8, 0x2969, 0x2948, 0x20c5, 0x4166, 0x82eb,
		0x8aaa, 0x8a88, 0x8a47, 0x9aa8, 0xab0a, 0xa2e9, 0x9267, 0x9aa7, 0xa2e8,
		0xa2e8, 0xab2a, 0xab0a, 0xab0a, 0xa2e9, 0xa2e9, 0xa2c9, 0xa2e9, 0xa2e9,
		0xa2e9, 0xab09, 0xa309, 0xa309, 0xab09, 0xab0a, 0xab2a, 0xb32a, 0xb32a,
		0xab2a, 0xab2a, 0xab2a, 0xab2a, 0xab2a, 0xab2a, 0xab2a, 0xa30a, 0xa30a,
		0xa2e9, 0x9aa8, 0x9288, 0x9268, 0x9268, 0x9268, 0x9268, 0x9227, 0x9288,
		0x8a67, 0x8a68, 0x9b4b, 0x7a68, 0x61e6, 0x6207, 0x6207, 0x6207, 0x6227,
		0x6248, 0x6289, 0x62ca, 0x6b0b, 0x734c, 0x7941, 0x7981, 0x79a2, 0x7a24,
		0x7aa7, 0x7b29, 0x736b, 0x6b6c, 0x6b8d, 0x6b8d, 0x6b8e, 0x73ae, 0x7bce,
		0x83ce, 0x8bad, 0x838c, 0x83ee, 0x83ed, 0x83ed, 0x83ed, 0x8bed, 0x93aa,
		0x9343, 0x9b60, 0xa380, 0x9b81, 0xa362, 0xab60, 0xab60, 0x9ba4, 0x3942,
		0x0045, 0x0867, 0x0867, 0x0866, 0x0866, 0x0847, 0x0847, 0x0848, 0x0847,
		0x0025, 0x2947, 0x5269, 0x4a26, 0x7b89, 0x83c9, 0x83a8, 0x9409, 0x8bcb,
		0x940e, 0xa470, 0xa44e, 0x93e9, 0x9c08, 0xa3e7, 0xabc8, 0xabe8, 0xabe7,
		0xa3e6, 0x9c2a, 0x9c90, 0x4a8b, 0x21c9, 0x19c8, 0x2149, 0x2148, 0x20e6,
		0x3105, 0x6a8a, 0x9b6d, 0x9b4c, 0x8aa8, 0x8247, 0x92c8, 0xa32a, 0xa309,
		0x9ac8, 0xa309, 0xab2a, 0xa2e9, 0xa2ea, 0xab0a, 0xa2e9, 0xa2c9, 0xa2c8,
		0xa2e9, 0xa309, 0xa309, 0xab09, 0xa309, 0xaae9, 0xab09, 0xab0a, 0xab2a,
		0xb32a, 0xb34a, 0xab2a, 0xab2a, 0xab4b, 0xab4b, 0xab2a, 0xab2a, 0xa30a,
		0xa309, 0xa2e9, 0xa2e9, 0x9ac9, 0x9288, 0x9288, 0x9288, 0x9288, 0x9268,
		0x9247, 0x9247, 0x9268, 0x92c9, 0x9b2b, 0x6a07, 0x6206, 0x6227, 0x6227,
		0x6227, 0x6248, 0x6289, 0x6aca, 0x730b, 0x7b6c, 0x83ad, 0x8161, 0x7960,
		0x7120, 0x6940, 0x71c3, 0x7266, 0x7ae9, 0x7b4b, 0x736c, 0x6b8d, 0x6b8e,
		0x6bae, 0x73ce, 0x7bce, 0x7bcd, 0x7bac, 0x7bed, 0x840d, 0x840d, 0x83ed,
		0x8bee, 0x93aa, 0x9343, 0x9b60, 0xa380, 0xa381, 0xa362, 0xab81, 0xab60,
		0xa3a4, 0x3962, 0x0044, 0x0846, 0x0846, 0x0846, 0x0847, 0x0847, 0x0868,
		0x0869, 0x0848, 0x0006, 0x3169, 0x4a49, 0x2922, 0x62c6, 0x83a8, 0x7b86,
		0x8386, 0x940c, 0x6ac9, 0x6aca, 0x6ae9, 0x7b48, 0x8bc8, 0x9c4a, 0xa44b,
		0x9c2a, 0xa44a, 0x9c49, 0x942b, 0x7bae, 0x420a, 0x320b, 0x29c9, 0x2169,
		0x2169, 0x2948, 0x20e5, 0x4187, 0x8b4d, 0xa3ce, 0xa38c, 0x92ea, 0x8aa8,
		0x92c9, 0x9b0a, 0x9ae9, 0xa2c9, 0xa309, 0xa2e9, 0xa30a, 0xa30a, 0xa2e9,
		0xa2c9, 0x9aa9, 0xa2e9, 0xab09, 0xab09, 0xa309, 0xaae9, 0xaae9, 0xab0a,
		0xab2a, 0xab2a, 0xab2a, 0xb32a, 0xab2a, 0xab2a, 0xab4b, 0xab4b, 0xab4a,
		0xab2a, 0xa309, 0xa309, 0xa2e9, 0x9ae9, 0x9ac9, 0x9288, 0x9288, 0x9288,
		0x9268, 0x8a47, 0x9247, 0x9247, 0x9288, 0x9b0a, 0x8ac9, 0x6a06, 0x6a48,
		0x6a68, 0x6248, 0x6268, 0x6289, 0x6aea, 0x7b4c, 0x7b8d, 0x83cd, 0x83ee,
		0x7160, 0x7160, 0x7140, 0x6920, 0x6940, 0x71a2, 0x7a24, 0x82a7, 0x7aea,
		0x7b2b, 0x7b6d, 0x7bae, 0x73ae, 0x73ad, 0x7bcd, 0x7bed, 0x7bed, 0x7bed,
		0x840d, 0x83ee, 0x8bee, 0x93aa, 0x9343, 0xa380, 0xa380, 0xa382, 0xa362,
		0xab61, 0xab40, 0xa3a5, 0x41a3, 0x0043, 0x0866, 0x0866, 0x0846, 0x0846,
		0x0847, 0x0868, 0x0869, 0x0848, 0x0006, 0x2948, 0x528b, 0x3143, 0x5a86,
		0x83a9, 0x7b68, 0x6ae5, 0x5225, 0x41a5, 0x3944, 0x5227, 0x6b49, 0x5284,
		0x4a64, 0x5b07, 0x6348, 0x6ba8, 0x6ba9, 0x5b49, 0x4229, 0x420c, 0x41ec,
		0x39aa, 0x29cb, 0x218a, 0x298a, 0x2947, 0x3106, 0x72cc, 0x93ae, 0x9bcd,
		0xa3cd, 0x9b6b, 0x92c9, 0x92a9, 0x9aea, 0xa30a, 0xa30a, 0xa30a, 0xa30a,
		0xa30a, 0xa2e9, 0xa2c9, 0x9ac9, 0xa2e9, 0xa309, 0xab09, 0xa309, 0xaae9,
		0xab0a, 0xab0a, 0xab2a, 0xab2a, 0xab2a, 0xab2a, 0xab2a, 0xab4a, 0xab4b,
		0xab4b, 0xab2a, 0xab2a, 0xa309, 0xa2e9, 0xa2e9, 0xa2e9, 0x9ac9, 0x9aa8,
		0x9288, 0x9288, 0x9268, 0x8a47, 0x9a68, 0x9268, 0x9ac9, 0x9b2b, 0x7a68,
		0x7247, 0x72a9, 0x6aa9, 0x6aa9, 0x6aca, 0x732b, 0x838d, 0x8bee, 0x8c0f,
		0x8c0f, 0x8c0f, 0x6120, 0x7161, 0x7981, 0x7960, 0x7960, 0x8160, 0x81a1,
		0x8a03, 0x8a45, 0x8287, 0x82e9, 0x834b, 0x838c, 0x7bac, 0x7bcd, 0x7bed,
		0x7bed, 0x7bee, 0x83ee, 0x83cf, 0x8bce, 0x93aa, 0x9343, 0xa380, 0xa380,
		0xa3a2, 0xa362, 0xab61, 0xab40, 0xa3a5, 0x41a3, 0x0043, 0x1066, 0x0866,
		0x0846, 0x0866, 0x0867, 0x0868, 0x0868, 0x1088, 0x0005, 0x3189, 0x5acc,
		0x3184, 0x5aa8, 0x83ec, 0x7329, 0x6ae8, 0x41e5, 0x6b2b, 0x9471, 0x8c0f,
		0x840d, 0x6369, 0x1962, 0x0942, 0x11c3, 0x1a24, 0x1a44, 0x1a05, 0x1987,
		0x39cb, 0x41cc, 0x49ab, 0x29cb, 0x29ab, 0x29aa, 0x3189, 0x3148, 0x5a6b,
		0x93cf, 0x93ce, 0x9bad, 0xa3cd, 0xa3ad, 0x9b0b, 0x8aa9, 0x92ca, 0xa30a,
		0xa30a, 0xa2ea, 0xa2ea, 0xa2e9, 0xa2e9, 0xa2e9, 0xa2e9, 0xa309, 0xab09,
		0xab0a, 0xab0a, 0xab0a, 0xab2a, 0xab2a, 0xb32a, 0xb32a, 0xb32a, 0xab4a,
		0xab4b, 0xab4b, 0xab2a, 0xab2a, 0xa30a, 0xa2e9, 0xa2e9, 0xa2e9, 0xa2e9,
		0x9ac9, 0x9aa8, 0x9288, 0x9268, 0x9268, 0x9268, 0x9a68, 0x9a88, 0x9aea,
		0x92c9, 0x7227, 0x7288, 0x72c9, 0x6aca, 0x6aea, 0x732b, 0x838d, 0x8bef,
		0x8c2f, 0x8c2f, 0x8c0f, 0x8c0f, 0x6120, 0x6961, 0x7181, 0x7960, 0x8180,
		0x89a0, 0x91c0, 0x91e1, 0x89e1, 0x81e2, 0x8224, 0x8ae8, 0x8b6b, 0x83ac,
		0x7bad, 0x73ad, 0x83ce, 0x83ce, 0x83cf, 0x83af, 0x8bce, 0x938a, 0x9b43,
		0xa380, 0xa380, 0xa3a1, 0xa362, 0xab61, 0xab41, 0xaba5, 0x49c3, 0x0042,
		0x0866, 0x0846, 0x0846, 0x0866, 0x0866, 0x0867, 0x0867, 0x0887, 0x0004,
		0x4a6c, 0x6b8e, 0x2965, 0x5aa9, 0x8c2f, 0x7b8d, 0x7b8e, 0x8c90, 0x9492,
		0x9cd3, 0x9471, 0x7bad, 0x8c4f, 0x6bcd, 0x2206, 0x01a4, 0x01e4, 0x0204,
		0x09e5, 0x224a, 0x2189, 0x41ec, 0x41cb, 0x31ec, 0x3a4d, 0x39ec, 0x31ab,
		0x3168, 0x41c9, 0x8baf, 0x8bad, 0x93ad, 0x9bad, 0xabee, 0x930b, 0x5944,
		0x6164, 0x92c9, 0x9b2a, 0x9ae9, 0x9ae9, 0x9ae9, 0xa30a, 0xa30a, 0xa2e9,
		0xa309, 0xa30a, 0xab2a, 0xab2a, 0xab0a, 0xab2a, 0xab2a, 0xb34a, 0xb34a,
		0xb34b, 0xab4b, 0xab4b, 0xab4b, 0xab2a, 0xab2a, 0xab09, 0xa2e9, 0xa2c9,
		0xa2e9, 0xa2c9, 0x9aa8, 0x9a88, 0x9268, 0x8a47, 0x9248, 0x9288, 0x9268,
		0x9ac9, 0x9b0b, 0x8288, 0x6a27, 0x7289, 0x6ac9, 0x6aea, 0x730b, 0x734c,
		0x83ad, 0x8bee, 0x83ee, 0x83ee, 0x83ce, 0x83ee, 0x7162, 0x6961, 0x7181,
		0x79a1, 0x81c1, 0x89c0, 0x89c0, 0x89e0, 0x9200, 0x81c0, 0x7181, 0x6182,
		0x7ac8, 0x7b6c, 0x7b8e, 0x7baf, 0x83ce, 0x7bae, 0x7b8e, 0x83cf, 0x8bce,
		0x9389, 0x9b63, 0xa380, 0xa380, 0xa380, 0xab82, 0xab61, 0xab41, 0xa384,
		0x51e3, 0x0842, 0x0046, 0x0887, 0x0866, 0x0045, 0x0866, 0x0887, 0x0887,
		0x0887, 0x0024, 0x5b0e, 0x7bd0, 0x31c7, 0x5acb, 0x7b8e, 0x7baf, 0x7b90,
		0x8491, 0x8c91, 0x9493, 0xa4d4, 0x83ae, 0x83ce, 0x9491, 0x84b2, 0x32a9,
		0x0183, 0x01e5, 0x0a47, 0x09c7, 0x2229, 0x1988, 0x29a8, 0x3a0c, 0x31cb,
		0x39ec, 0x39cc, 0x3169, 0x41c9, 0x8c10, 0x838d, 0x93cd, 0x93ad, 0x9b8d,
		0x7269, 0x40e2, 0x3040, 0x3840, 0x61a4, 0x8a88, 0x9b0a, 0x9ae9, 0x9ae9,
		0xa30a, 0x9b09, 0xa30a, 0xa30a, 0xab2a, 0xab2a, 0xab2a, 0xb32a, 0xab2a,
		0xab2a, 0xab2a, 0xb34b, 0xb34b, 0xb34b, 0xab2b, 0xab0a, 0xaae9, 0xa2e9,
		0xa2e9, 0xaae9, 0xab0a, 0xa2c9, 0xa2c9, 0x9a88, 0x9247, 0x9268, 0x9aa9,
		0x9268, 0x9289, 0xa30b, 0x92ea, 0x61c5, 0x6a27, 0x72c9, 0x6aa9, 0x6aea,
		0x6b0b, 0x734c, 0x7b8d, 0x83ce, 0x83ce, 0x7bae, 0x7bad, 0x7b8d, 0x79a2,
		0x7182, 0x7182, 0x79c2, 0x79e2, 0x79e0, 0x79c0, 0x81c0, 0x81e0, 0x8201,
		0x71c1, 0x5921, 0x59e5, 0x6acb, 0x630d, 0x632f, 0x7b6c, 0x7b6d, 0x83af,
		0x8bd0, 0x8bad, 0x8b67, 0x9342, 0xa360, 0x9b80, 0xa3a0, 0xa381, 0xa320,
		0xb360, 0xabc5, 0x51e3, 0x0020, 0x0047, 0x0867, 0x0866, 0x0066, 0x08a7,
		0x0887, 0x0067, 0x0866, 0x0045, 0x636f, 0x7c10, 0x31c7, 0x5aca, 0x738e,
		0x73af, 0x734f, 0x7c50, 0x8491, 0x9cd3, 0xa4d3, 0x9410, 0x8bcf, 0x9c71,
		0x94b2, 0x9513, 0x5bee, 0x11e5, 0x01a4, 0x1227, 0x1207, 0x11c6, 0x0964,
		0x1907, 0x318a, 0x39ec, 0x39ec, 0x39aa, 0x39a8, 0x8bf0, 0x83ad, 0x8bad,
		0x93ad, 0x8b4c, 0x6207, 0x38a2, 0x3040, 0x3060, 0x40e1, 0x8288, 0x92e9,
		0x92e9, 0x9b09, 0xa34a, 0x9ae9, 0x9ae9, 0xab4b, 0xab2a, 0xab2a, 0xab2a,
		0xab4a, 0xab2a, 0xab2a, 0xab2a, 0xb34b, 0xb34b, 0xb34b, 0xab2a, 0xab0a,
		0xa2e9, 0xaae9, 0xaae9, 0xab0a, 0xaaea, 0xa2c9, 0xa2a9, 0x9a88, 0x9268,
		0x9288, 0x9aa9, 0x9288, 0x9aea, 0x9b2b, 0x8288, 0x6a06, 0x6a47, 0x6aa9,
		0x6aca, 0x6aea, 0x6b0b, 0x734c, 0x7b8d, 0x83ce, 0x83ce, 0x83ce, 0x7bae,
		0x7bad, 0x7980, 0x7160, 0x7180, 0x79c1, 0x79e1, 0x79e1, 0x81e1, 0x81e0,
		0x81c0, 0x81e1, 0x71c1, 0x5100, 0x5184, 0x6aaa, 0x62ec, 0x6b4f, 0x7b6c,
		0x7b2c, 0x734d, 0x7b6d, 0x838b, 0x8b87, 0x9362, 0x9b80, 0x9b60, 0xa3a1,
		0xa3a1, 0xa340, 0xab60, 0xa3a4, 0x51e3, 0x0861, 0x0888, 0x0887, 0x0067,
		0x0067, 0x0888, 0x0888, 0x0067, 0x0887, 0x0865, 0x73b1, 0x7c31, 0x3a07,
		0x52a9, 0x6b4d, 0x738e, 0x6b4e, 0x6bcd, 0x8470, 0x9cf2, 0x9cd2, 0x9c91,
		0x8bee, 0x9430, 0x9cb2, 0x9491, 0x9d33, 0x744f, 0x2a26, 0x0943, 0x11c4,
		0x1a05, 0x09a3, 0x2127, 0x31aa, 0x420c, 0x41ec, 0x39cb, 0x41c9, 0x9c71,
		0x8bee, 0x838b, 0x8b8c, 0x7b0b, 0x51a6, 0x3082, 0x2860, 0x30a0, 0x30c0,
		0x8ae9, 0x9b6b, 0x932a, 0x8ac8, 0x92e9, 0x92e9, 0x9ae9, 0xa32a, 0xab2a,
		0xab2a, 0xab4a, 0xab4a, 0xab2a, 0xab0a, 0xab2a, 0xb34b, 0xb34b, 0xb32b,
		0xab0a, 0xab0a, 0xaae9, 0xaae9, 0xab0a, 0xb32a, 0xaaea, 0xa2c9, 0x9aa9,
		0x9aa8, 0x9aa9, 0x9aa9, 0x9aa9, 0x9aa9, 0x930b, 0x930a, 0x7247, 0x7288,
		0x72a9, 0x72ea, 0x730b, 0x6b2b, 0x6b2b, 0x734c, 0x7b8d, 0x7bce, 0x83ce,
		0x83ce, 0x83ee, 0x83ee, 0x7980, 0x79a0, 0x79a0, 0x79c0, 0x81e0, 0x81e0,
		0x81c0, 0x89e0, 0x89e1, 0x81c1, 0x79a1, 0x6141, 0x5983, 0x6aa8, 0x62aa,
		0x6b4d, 0x7b6b, 0x7b8d, 0x838e, 0x7b8d, 0x7329, 0x72e5, 0x8302, 0x9361,
		0x9ba2, 0x9382, 0x9b82, 0xa360, 0xab60, 0xa3a4, 0x5203, 0x0861, 0x08a8,
		0x0888, 0x0867, 0x0867, 0x0888, 0x0868, 0x0868, 0x0867, 0x0886, 0x7bf2,
		0x8451, 0x4248, 0x4a68, 0x5aca, 0x6b4c, 0x6b6d, 0x636c, 0x8470, 0x94b1,
		0x94b1, 0xa4f1, 0x8c2f, 0x8c0e, 0x9cb1, 0xa4d2, 0x9c91, 0xa512, 0x9cf2,
		0x52e9, 0x29e4, 0x5329, 0x3a86, 0x2946, 0x39c9, 0x41eb, 0x41ec, 0x41eb,
		0x4a2a, 0x9451, 0x9c6f, 0x838b, 0x7b2a, 0x6a89, 0x4144, 0x2861, 0x2840,
		0x30c1, 0x4142, 0x7ac8, 0x936b, 0x932a, 0x82c9, 0x9309, 0x9309, 0x9b09,
		0x9b2a, 0xa32a, 0xab4a, 0xab4b, 0xab4b, 0xab2a, 0xab0a, 0xab2a, 0xb34b,
		0xb34b, 0xab2a, 0xab0a, 0xab0a, 0xab0a, 0xab0a, 0xb32a, 0xb32a, 0xab0a,
		0xa2e9, 0x9aa9, 0x9aa8, 0x9ac9, 0x9aa9, 0x9ac9, 0xa2ea, 0x932b, 0x82ca,
		0x7268, 0x7aca, 0x7b0a, 0x732b, 0x734c, 0x734c, 0x734c, 0x736c, 0x7b8d,
		0x83ae, 0x83ee, 0x83ee, 0x840e, 0x840f, 0x79a0, 0x79a0, 0x79a0, 0x79c0,
		0x81a0, 0x81c0, 0x89e0, 0x91e1, 0x89a1, 0x81a1, 0x7981, 0x6140, 0x5961,
		0x6a66, 0x62a7, 0x732a, 0x7b6b, 0x83ad, 0x83ee, 0x83ce, 0x738b, 0x7327,
		0x7b04, 0x8323, 0x8b44, 0x8343, 0x93a4, 0xa382, 0xa341, 0xa3a6, 0x5a45,
		0x0062, 0x0887, 0x0887, 0x0888, 0x0888, 0x0868, 0x0868, 0x0868, 0x0047,
		0x1086, 0x8412, 0x8c71, 0x4a88, 0x4226, 0x4a67, 0x5aea, 0x738d, 0x6b8d,
		0x8c70, 0x8c90, 0x94b0, 0x9d11, 0x94d0, 0x8c2e, 0x9cb0, 0x9c70, 0xa4b1,
		0xa4b2, 0xacd2, 0xad12, 0x9c8f, 0x948f, 0x8c4d, 0x39e8, 0x2126, 0x41ea,
		0x526d, 0x3189, 0x5aac, 0xa4b2, 0x9c6f, 0x93ed, 0x72c9, 0x59c6, 0x38c3,
		0x2841, 0x2020, 0x2880, 0x51e5, 0x72a8, 0x8b4a, 0x8b4a, 0x9b8b, 0xa3ac,
		0x9309, 0x8ac8, 0x92e9, 0x9b2a, 0xa32a, 0xab4a, 0xab2a, 0xab2a, 0xab2a,
		0xab2a, 0xb34b, 0xab2a, 0xab2a, 0xab2a, 0xab2a, 0xab2a, 0xab2a, 0xab2a,
		0xab2a, 0xab0a, 0xa2e9, 0x9aa9, 0x9aa8, 0x9ac9, 0x9ac9, 0x9ae9, 0xa32a,
		0x934c, 0x7aca, 0x7aea, 0x72c9, 0x730b, 0x734b, 0x734c, 0x7b6c, 0x736c,
		0x7b6d, 0x7b8d, 0x83ae, 0x83ee, 0x83ee, 0x840f, 0x840f, 0x69a1, 0x69c1,
		0x69c1, 0x71a1, 0x71a0, 0x79a1, 0x79c1, 0x79c2, 0x81e2, 0x8224, 0x7a24,
		0x61a2, 0x5182, 0x6245, 0x6ac7, 0x7329, 0x7b8b, 0x7b8c, 0x7bae, 0x7bef,
		0x840e, 0x83ec, 0x8389, 0x8327, 0x7b27, 0x7b27, 0x8b66, 0x9343, 0x9b43,
		0xa3c8, 0x5247, 0x0063, 0x08a7, 0x0887, 0x0887, 0x0887, 0x0847, 0x0867,
		0x0868, 0x0866, 0x10a6, 0x8411, 0x8c71, 0x52a8, 0x4226, 0x4a88, 0x5aeb,
		0x7bef, 0x73ae, 0x8c70, 0x9490, 0x94d1, 0x9d11, 0xa512, 0x8c6f, 0x9490,
		0xa512, 0x9471, 0xacf3, 0xacd2, 0xb4f2, 0xb512, 0xa46f, 0xacd0, 0x8450,
		0x39e8, 0x2967, 0x39aa, 0x3168, 0x7bd0, 0xad34, 0x9c6f, 0x9c4e, 0x72c8,
		0x40e3, 0x2861, 0x2841, 0x2040, 0x2880, 0x5205, 0x72c8, 0x8b6b, 0x93cc,
		0xa3ec, 0xa3cc, 0x936a, 0x9309, 0x8ac8, 0x9b09, 0x9b09, 0xa30a, 0xa30a,
		0xa30a, 0xab2a, 0xab2a, 0xab4b, 0xab2a, 0xab2a, 0xab2a, 0xab2a, 0xab2a,
		0xab2a, 0xab0a, 0xab0a, 0xa2e9, 0xa2c9, 0x9ac9, 0x9ac9, 0x92c9, 0x92e9,
		0x9aea, 0x9b0a, 0x830a, 0x72a9, 0x832b, 0x730a, 0x7b4b, 0x7b6c, 0x736c,
		0x7b6d, 0x736c, 0x7b6d, 0x7b8d, 0x7bad, 0x83ce, 0x83ee, 0x840e, 0x83ee,
		0x6247, 0x6267, 0x6246, 0x6225, 0x6204, 0x6a24, 0x6a04, 0x61e4, 0x7ac7,
		0x832a, 0x7b2a, 0x6288, 0x5205, 0x5205, 0x62c8, 0x6ae9, 0x7b8c, 0x7bad,
		0x7bef, 0x7bf0, 0x73ce, 0x7bac, 0x7b8b, 0x834b, 0x8b8c, 0x836b, 0x7b07,
		0x82e4, 0x9b65, 0x9368, 0x39a6, 0x0065, 0x10a7, 0x0866, 0x0866, 0x0886,
		0x0867, 0x0867, 0x1087, 0x0846, 0x2107, 0x8431, 0x8c70, 0x52a8, 0x4a47,
		0x62ea, 0x630c, 0x83f0, 0x7baf, 0x8c30, 0x9cd1, 0x9cd1, 0xa4f1, 0xa532,
		0x9cb0, 0x9470, 0x94b1, 0x9cf3, 0x9492, 0xa4d3, 0xad13, 0xacd2, 0xacd1,
		0xb4d1, 0xa574, 0x8451, 0x39e9, 0x2968, 0x62ee, 0x9cb3, 0x9cb1, 0xacd0,
		0xa48f, 0x8b6b, 0x38a1, 0x2841, 0x2841, 0x2841, 0x2880, 0x4183, 0x6267,
		0x836a, 0x9c0d, 0x9bec, 0x9bcc, 0xabed, 0xabec, 0x9329, 0x92c8, 0x9ae9,
		0x9ae9, 0xa2e9, 0xa309, 0xab2a, 0xab2a, 0xab2a, 0xab2a, 0xab2a, 0xab2a,
		0xab2a, 0xa30a, 0xa309, 0xa309, 0xa309, 0xa2e9, 0x9ac9, 0x9ac9, 0x9ae9,
		0x92c9, 0x92e9, 0x92ea, 0x8aa8, 0x6a88, 0x6aa9, 0x730a, 0x7b4b, 0x7b6c,
		0x7b6c, 0x734c, 0x736c, 0x734c, 0x734c, 0x7b6d, 0x7bad, 0x83ce, 0x83ee,
		0x840e, 0x840e, 0x5aac, 0x5aac, 0x5aab, 0x62aa, 0x6aea, 0x732a, 0x730a,
		0x6ae9, 0x6b2a, 0x734c, 0x6b4c, 0x630b, 0x5289, 0x4206, 0x5aa9, 0x62c9,
		0x736b, 0x738d, 0x73af, 0x73af, 0x6baf, 0x73ad, 0x7b6c, 0x7b2c, 0x838e,
		0x93ef, 0x8bab, 0x8b26, 0x8b05, 0x6204, 0x18a3, 0x1129, 0x0886, 0x0045,
		0x0865, 0x18c7, 0x18c8, 0x10a7, 0x0866, 0x0004, 0x31a8, 0x8c72, 0x9490,
		0x52a8, 0x4a47, 0x6b2c, 0x62ec, 0x7bb0, 0x7baf, 0x8410, 0xa513, 0xa4d2,
		0xa4f2, 0xad12, 0xa4f2, 0x8c70, 0x94b1, 0x9cf3, 0x9cf4, 0x9cf4, 0xa513,
		0xb554, 0xa4d1, 0xacd1, 0x9cf2, 0xa554, 0x8c72, 0x7bd1, 0x8c74, 0xa4f4,
		0xacf2, 0xacd0, 0xacaf, 0xac4e, 0x38c2, 0x2841, 0x2841, 0x2020, 0x2060,
		0x30c0, 0x6287, 0x836a, 0x9c2d, 0xa44e, 0xa40d, 0xac2d, 0xac0d, 0x9b4a,
		0x8ac8, 0x92c8, 0x9ac8, 0x9ac9, 0xa2e9, 0xab0a, 0xab2a, 0xab2a, 0xab4a,
		0xab2a, 0xab2a, 0xa30a, 0xa2e9, 0xa2e9, 0xa309, 0xa309, 0xa309, 0x9ac8,
		0x9ae9, 0x9ae9, 0x92e9, 0x9b0a, 0x92e9, 0x7a67, 0x6268, 0x6ac9, 0x6aa9,
		0x7b2b, 0x732b, 0x730b, 0x732b, 0x734c, 0x734c, 0x734c, 0x7b6d, 0x7bad,
		0x83ce, 0x840e, 0x840e, 0x840e, 0x6aca, 0x6aea, 0x62ca, 0x5ac9, 0x630b,
		0x6b6c, 0x636c, 0x630b, 0x5aca, 0x6b0b, 0x6aeb, 0x62aa, 0x5a89, 0x4a48,
		0x4a68, 0x5aea, 0x6b6c, 0x738d, 0x736d, 0x738d, 0x7bad, 0x738d, 0x738d,
		0x738d, 0x7bcd, 0x840f, 0x842f, 0x738d, 0x6b2b, 0x6b2c, 0x6b4c, 0x7bae,
		0x62eb, 0x5aaa, 0x630b, 0x6b6d, 0x6b4d, 0x4a49, 0x2124, 0x2944, 0x736d,
		0x8c50, 0x8c30, 0x5289, 0x4a48, 0x6b6d, 0x630c, 0x738d, 0x8c30, 0x840f,
		0xa4f2, 0xa513, 0x9cd2, 0xa533, 0xa513, 0xa4f2, 0x9470, 0x9cd2, 0xa4f2,
		0xa4f2, 0xa4f2, 0xad13, 0xad33, 0xad13, 0xa4f2, 0xad32, 0xad12, 0xad32,
		0xa511, 0x9cb0, 0x9cd1, 0xad12, 0xa4d2, 0xacf2, 0x49e6, 0x1000, 0x2881,
		0x2040, 0x2020, 0x38a1, 0x6a67, 0x8b8b, 0x9bed, 0x9c0d, 0xa42d, 0x9c0c,
		0x9bcc, 0x9bcc, 0x82e9, 0x6205, 0x82e9, 0x934b, 0x8b4a, 0x8b4a, 0x936a,
		0x936a, 0xa30a, 0xa32a, 0xa2e9, 0xa2e9, 0xa32a, 0xa2ea, 0xa2ea, 0xa30a,
		0xa30b, 0x9aca, 0x9aca, 0x9b0b, 0x930a, 0x82a9, 0x7a88, 0x7a88, 0x6aa9,
		0x6ac9, 0x730a, 0x730a, 0x6aea, 0x6aeb, 0x732b, 0x734c, 0x736c, 0x736c,
		0x7b8d, 0x83ae, 0x83ee, 0x8c0f, 0x8c0f, 0x8c0f, 0x6aeb, 0x6b0b, 0x6b0b,
		0x630b, 0x634b, 0x6b6c, 0x634c, 0x630b, 0x5aca, 0x62eb, 0x62aa, 0x5a89,
		0x5a89, 0x5268, 0x5289, 0x5aca, 0x6b2c, 0x736d, 0x736d, 0x738d, 0x7bad,
		0x738d, 0x73ad, 0x7bad, 0x83ee, 0x842f, 0x840f, 0x738d, 0x6b4c, 0x738d,
		0x7bce, 0x8c30, 0x840f, 0x7bce, 0x7bef, 0x7bcf, 0x7bef, 0x7bcf, 0x738e,
		0x73ae, 0x83ef, 0x840f, 0x736d, 0x4a07, 0x4a28, 0x6b6d, 0x632c, 0x6b6d,
		0x8c50, 0x8c30, 0x9cd2, 0xa4f2, 0x9cf2, 0xa513, 0xa513, 0xa513, 0x9cb1,
		0x9cb1, 0xa4d2, 0xa4d2, 0xa4d2, 0xa4f2, 0xad13, 0xad33, 0xad12, 0xad33,
		0xad32, 0xad12, 0xad12, 0x9c90, 0x8c2e, 0x9c90, 0xa4d2, 0xacf2, 0x6289,
		0x1820, 0x2881, 0x2840, 0x3081, 0x38e2, 0x6a67, 0x8b6b, 0x93cc, 0x9bec,
		0xa42d, 0xa40d, 0xa40d, 0xa40d, 0x82e9, 0x59c4, 0x7287, 0x7267, 0x7287,
		0xa3cc, 0x9bcc, 0x9bcb, 0xa36b, 0xa36b, 0x9b2a, 0x92e9, 0x9b2a, 0x9b2a,
		0x9b2a, 0x930a, 0x9b0a, 0x930a, 0x930a, 0x930a, 0x82c9, 0x7268, 0x6a68,
		0x7288, 0x6aa9, 0x6ac9, 0x72ea, 0x730b, 0x730b, 0x734c, 0x7b6c, 0x7b8d,
		0x7bad, 0x7bad, 0x7bad, 0x83ce, 0x8bef, 0x8c0f, 0x8c2f, 0x8c2f, 0x6aca,
		0x6b0b, 0x6b2b, 0x6b4c, 0x6b4b, 0x632b, 0x632b, 0x630b, 0x62ea, 0x62ca,
		0x5a69, 0x5248, 0x5269, 0x5248, 0x4a48, 0x4a69, 0x62eb, 0x6b4c, 0x736d,
		0x73ad, 0x7bad, 0x738d, 0x7bad, 0x7bcd, 0x840f, 0x8c2f, 0x842f, 0x73ad,
		0x736c, 0x7bce, 0x83ef, 0x840f, 0x7bce, 0x7bce, 0x7bef, 0x7bce, 0x73ae,
		0x7bcf, 0x738e, 0x6b2c, 0x6b2c, 0x52a9, 0x4207, 0x3164, 0x41e7, 0x6b2c,
		0x5aeb, 0x630c, 0x83ef, 0x8c30, 0x9491, 0x9cb2, 0x9cd2, 0xa512, 0xa512,
		0xad33, 0xa4f2, 0x9cd1, 0x9cb1, 0xa4d2, 0xa4d2, 0x9cb2, 0xa4f2, 0xad34,
		0xad13, 0xad33, 0xad32, 0xa512, 0xad32, 0x9cb0, 0x83ed, 0x9c90, 0xa4b1,
		0xad12, 0x838d, 0x2040, 0x2020, 0x2020, 0x38c1, 0x4923, 0x6a87, 0x8b6b,
		0x93cc, 0x9bec, 0xa42d, 0xac4e, 0xac6e, 0xac4e, 0x832a, 0x5184, 0x59c4,
		0x6226, 0x7287, 0xa40d, 0xa3ec, 0xac4e, 0xb48f, 0xac4e, 0x8b6b, 0x7287,
		0x6a67, 0x7ac8, 0x8309, 0x830a, 0x82e9, 0x830a, 0x830a, 0x7aea, 0x6aa9,
		0x6288, 0x5a88, 0x62a8, 0x6ac9, 0x6aca, 0x730b, 0x7b4c, 0x7b6c, 0x83ad,
		0x83ce, 0x83ce, 0x83ce, 0x83ce, 0x83ee, 0x83ee, 0x8c0f, 0x8c2f, 0x8c2f,
		0x8c2f, 0x62aa, 0x6aea, 0x6b2b, 0x6b4c, 0x6b2b, 0x630b, 0x62eb, 0x62eb,
		0x630b, 0x5aaa, 0x5248, 0x5228, 0x5248, 0x4a28, 0x4a28, 0x4a28, 0x5aaa,
		0x6b2c, 0x736d, 0x73ad, 0x7bae, 0x73ad, 0x7bcd, 0x7bce, 0x840e, 0x8c2f,
		0x840f, 0x7bad, 0x6b4c, 0x7bce, 0x7bce, 0x7bce, 0x840f, 0x7bce, 0x7bef,
		0x7bef, 0x7bef, 0x7bef, 0x7bce, 0x738d, 0x630b, 0x4a28, 0x39c6, 0x3164,
		0x39c6, 0x5aca, 0x5289, 0x5289, 0x6b4c, 0x842f, 0x8c50, 0x9491, 0x9cd2,
		0xa4f2, 0xa4f2, 0xad53, 0xad33, 0xa4f2, 0x9cd2, 0xa4d2, 0xa4d2, 0x9cb1,
		0xa4d2, 0xa4f3, 0xad33, 0xad33, 0xad33, 0xa512, 0xb573, 0xa512, 0x8c2e,
		0xa4f2, 0xa4b1, 0xb533, 0x9c50, 0x2060, 0x2040, 0x2860, 0x4102, 0x5184,
		0x6a87, 0x8b4a, 0x93cc, 0xa40d, 0xac4e, 0xac6e, 0xac8e, 0xac6e, 0x7ac8,
		0x5184, 0x4122, 0x6226, 0x8b4a, 0xa40d, 0xa42d, 0xb4af, 0xb511, 0xacd0,
		0x940d, 0x72e9, 0x6267, 0x62a8, 0x6aa8, 0x6288, 0x6aa9, 0x72c9, 0x72e9,
		0x6ae9, 0x6aea, 0x62e9, 0x5ac9, 0x52a8, 0x6ac9, 0x6aca, 0x732b, 0x838d,
		0x83ad, 0x83ce, 0x83ee, 0x83ee, 0x83ce, 0x83ee, 0x840f, 0x8c0f, 0x8c0f,
		0x8c2f, 0x8c2f, 0x8c2f, 0x5a89, 0x62eb, 0x732c, 0x734c, 0x6b2b, 0x62eb,
		0x62ca, 0x62ca, 0x5aca, 0x5289, 0x4a48, 0x4a28, 0x4a28, 0x5248, 0x4a28,
		0x4a28, 0x52a9, 0x6b4c, 0x738d, 0x7bad, 0x7bae, 0x7bad, 0x7bce, 0x7bce,
		0x7bee, 0x840f, 0x83ef, 0x738d, 0x632b, 0x7bae, 0x83ef, 0x83ef, 0x8c30,
		0x7bce, 0x7bae, 0x7bef, 0x7bef, 0x840f, 0x8430, 0x83ef, 0x738d, 0x5aaa,
		0x4a27, 0x3185, 0x39a5, 0x52a9, 0x5289, 0x4a69, 0x5aeb, 0x8c30, 0x8c50,
		0x9491, 0x9cd2, 0xa512, 0xa512, 0xad33, 0xad54, 0xa513, 0xa4f2, 0xa4d2,
		0xa4d2, 0xa4d2, 0xa4d2, 0x9cd2, 0xacf3, 0xad33, 0xad53, 0xad32, 0xbd94,
		0xad53, 0x9470, 0xad12, 0xacf2, 0xb533, 0xa490, 0x28a1, 0x38e2, 0x4143,
		0x4943, 0x59c4, 0x6a46, 0x8329, 0x93ab, 0xa40d, 0xac4d, 0xac6e, 0xac6e,
		0xa42d, 0x6a66, 0x51a4, 0x4101, 0x4963, 0x8b6b, 0xac4e, 0xac6e, 0xb4d0,
		0xacd0, 0xa4b0, 0x9c6f, 0x838b, 0x6ae9, 0x62a8, 0x6267, 0x6268, 0x6aa9,
		0x6ac9, 0x6aea, 0x6aea, 0x6b0a, 0x6b2b, 0x62ea, 0x52a9, 0x6289, 0x62a9,
		0x732b, 0x838d, 0x83ad, 0x7bad, 0x7bad, 0x7bad, 0x7bad, 0x83ee, 0x840f,
		0x8c2f, 0x8c2f, 0x8c50, 0x8c50, 0x8c50, 0x4a28, 0x5aaa, 0x732c, 0x734c,
		0x732c, 0x6b0b, 0x62ca, 0x62ca, 0x5289, 0x4a48, 0x4a48, 0x4a48, 0x4a28,
		0x4a28, 0x5228, 0x4a28, 0x5aaa, 0x6b4c, 0x73ad, 0x7bae, 0x7bce, 0x7bad,
		0x7bce, 0x7bce, 0x7bce, 0x840f, 0x840f, 0x7bce, 0x6b2b, 0x7bce, 0x83ef,
		0x840f, 0x8c2f, 0x840f, 0x7bee, 0x7bef, 0x7bef, 0x8410, 0x842f, 0x7bce,
		0x7bad, 0x62ea, 0x4a27, 0x3185, 0x31a5, 0x52a9, 0x5289, 0x4a69, 0x630b,
		0x9471, 0x8c70, 0x9cb2, 0xa4f2, 0xa513, 0xa513, 0xad33, 0xad53, 0xad33,
		0xa513, 0xa4f2, 0xa4f2, 0xa513, 0xa4f2, 0x9cd2, 0x9c91, 0xa4d2, 0xad13,
		0xad53, 0xb594, 0xb553, 0x9cb1, 0xa4f2, 0xad12, 0xb533, 0xacb1, 0x3923,
		0x3902, 0x4963, 0x4943, 0x59e5, 0x7266, 0x8329, 0x9bcc, 0xa42d, 0xac4d,
		0xac6e, 0xac6e, 0x9c0c, 0x72a8, 0x59e4, 0x4142, 0x38e1, 0x7b09, 0xb4af,
		0xac8f, 0xb4d0, 0xb4f1, 0xac90, 0xa48f, 0x8bac, 0x6ac9, 0x6288, 0x6268,
		0x6a89, 0x6a89, 0x6aaa, 0x72ca, 0x6aca, 0x6aca, 0x6aeb, 0x6b0b, 0x62ea,
		0x6289, 0x62a9, 0x6b0a, 0x7b6c, 0x7b8d, 0x7b6c, 0x7b8d, 0x7bad, 0x7bad,
		0x83ee, 0x8c2f, 0x8c4f, 0x8c50, 0x9470, 0x9470, 0x9470, 0x41e7, 0x5aa9,
		0x732c, 0x734c, 0x6b2c, 0x6aeb, 0x62ca, 0x62ca, 0x5289, 0x4a48, 0x4a48,
		0x4a68, 0x4a48, 0x4a48, 0x5248, 0x4a28, 0x5aaa, 0x6b6c, 0x73ad, 0x7bad,
		0x7bad, 0x73ad, 0x7bce, 0x7bad, 0x7bce, 0x840f, 0x8c2f, 0x840f, 0x6b4c,
		0x7bce, 0x7bce, 0x7bef, 0x8c30, 0x8c50, 0x7bef, 0x7bce, 0x7bef, 0x842f,
		0x8c50, 0x8430, 0x7bee, 0x6b4c, 0x5289, 0x39c6, 0x39a5, 0x5289, 0x5289,
		0x5289, 0x736d, 0x94b2, 0x8c50, 0x9cd2, 0xa513, 0xa513, 0xa533, 0xad53,
		0xad33, 0xad53, 0xad33, 0xa513, 0xa4f2, 0xa4f2, 0xa4f2, 0xa4f2, 0x9c91,
		0x9cb1, 0xa4f2, 0xad13, 0xad53, 0xad53, 0xad12, 0xa4d1, 0xacf2, 0xad12,
		0xb533, 0x6247, 0x3922, 0x4963, 0x5183, 0x6a67, 0x8309, 0x93ab, 0xa40c,
		0xac4d, 0xac6e, 0xb48e, 0xac8e, 0x9c0c, 0x7b09, 0x6226, 0x51a4, 0x4163,
		0x72e8, 0xac8f, 0xacaf, 0xb4f0, 0xb4b1, 0xac70, 0xac90, 0x93ee, 0x7b2b,
		0x72ea, 0x6a88, 0x6a68, 0x6a69, 0x6a89, 0x72aa, 0x6aaa, 0x6aaa, 0x6aca,
		0x6aeb, 0x6b0b, 0x6aea, 0x62a9, 0x62ca, 0x732b, 0x734c, 0x734c, 0x738d,
		0x7bad, 0x7bce, 0x8c2f, 0x8c70, 0x9470, 0x9470, 0x9470, 0x8c70, 0x8c50,
		0x4a07, 0x62ca, 0x736c, 0x734c, 0x6b0b, 0x62ca, 0x62ca, 0x5aca, 0x5289,
		0x4a48, 0x4a68, 0x5289, 0x5269, 0x5289, 0x5a89, 0x5249, 0x5aaa, 0x6b4c,
		0x738d, 0x738d, 0x738d, 0x738d, 0x73ad, 0x738d, 0x83ee, 0x840f, 0x840f,
		0x7bef, 0x630b, 0x73ad, 0x7bce, 0x840f, 0x8c2f, 0x8c50, 0x83ef, 0x7c0f,
		0x842f, 0x840f, 0x8430, 0x8430, 0x83ee, 0x736c, 0x5aa9, 0x39c5, 0x39a5,
		0x5289, 0x52ca, 0x630b, 0x7bce, 0x9cb2, 0x842f, 0x9cd2, 0xa513, 0xa513,
		0xa513, 0xad54, 0xad53, 0xad53, 0xad53, 0xad33, 0xa4f2, 0xa4f2, 0xa4f2,
		0xad13, 0xad13, 0xa4d2, 0x9cd2, 0xa4f2, 0xa4f2, 0xad33, 0xb553, 0xa4d1,
		0xb533, 0xad12, 0xc574, 0x7b2b, 0x4963, 0x51c4, 0x6226, 0x8309, 0x9bab,
		0xa40c, 0xac2d, 0xac6e, 0xb48e, 0xb4af, 0xb48e, 0x9c0d, 0x72c8, 0x6a87,
		0x5a05, 0x5a26, 0x6ac8, 0xa46e, 0xbd31, 0xacd0, 0xb4b0, 0xa46f, 0xacb0,
		0x9c2e, 0x8bac, 0x8bad, 0x7b2b, 0x72ea, 0x72aa, 0x72aa, 0x72aa, 0x72aa,
		0x72ca, 0x72eb, 0x72eb, 0x6aeb, 0x732b, 0x62ca, 0x62a9, 0x6aea, 0x6b0b,
		0x6b2b, 0x738d, 0x7bcd, 0x840f, 0x8c50, 0x9491, 0x9491, 0x9470, 0x8c50,
		0x8c50, 0x8c2f, 0x5248, 0x62ea, 0x736c, 0x6b0b, 0x62ca, 0x62ea, 0x5aa9,
		0x5aca, 0x5289, 0x5aca, 0x5aca, 0x5aca, 0x5aca, 0x5aaa, 0x5aaa, 0x5269,
		0x5289, 0x6b4c, 0x73ad, 0x736d, 0x6b6c, 0x736d, 0x736d, 0x736d, 0x7bee,
		0x8430, 0x7bce, 0x7bef, 0x6b6c, 0x738d, 0x7bee, 0x83ef, 0x8c2f, 0x8c30,
		0x8430, 0x7bef, 0x7bce, 0x840f, 0x8c50, 0x842f, 0x840f, 0x7bce, 0x5ac9,
		0x4206, 0x39a5, 0x4a68, 0x5aea, 0x73ae, 0x8c30, 0x94b2, 0x9471, 0x9cf2,
		0xa513, 0x9cd2, 0xad54, 0xad33, 0xad53, 0xad53, 0xad53, 0xad33, 0xa513,
		0xa512, 0xa4f2, 0xa4d2, 0xad13, 0xad13, 0xa4f2, 0xa4f2, 0xa4d2, 0xad33,
		0xb574, 0xad33, 0xb554, 0xb533, 0xbd53, 0x836b, 0x4984, 0x51c4, 0x7ac8,
		0x93ab, 0xa3ec, 0xac2d, 0xb46e, 0xac6e, 0xb46e, 0xb48e, 0xb48e, 0x9bec,
		0x7ae8, 0x832a, 0x5a05, 0x6266, 0x6aa7, 0xacd0, 0xa48f, 0xacd0, 0xb4d0,
		0xacd0, 0xacd0, 0xa48f, 0x8bcd, 0x8bed, 0x8bcd, 0x8bcd, 0x730b, 0x72ca,
		0x6aaa, 0x6aca, 0x6aeb, 0x6aeb, 0x6b0b, 0x6b0b, 0x6b0b, 0x6aea, 0x6aea,
		0x6b2b, 0x734b, 0x7b8d, 0x83ee, 0x8c2f, 0x8c50, 0x9491, 0x94b1, 0x8c50,
		0x840f, 0x840f, 0x840f, 0x83ef, 0x5a69, 0x5a89, 0x5aa9, 0x5aa9, 0x5aa9,
		0x5aa9, 0x62ca, 0x5ac9, 0x5aca, 0x5aca, 0x630b, 0x630b, 0x630b, 0x62eb,
		0x5aa9, 0x5289, 0x5289, 0x6b4c, 0x73ad, 0x736d, 0x6b2c, 0x6b4c, 0x736d,
		0x738d, 0x7bae, 0x8c30, 0x8430, 0x8c50, 0x738d, 0x73ad, 0x7bce, 0x7bee,
		0x840f, 0x8c2f, 0x8c30, 0x840f, 0x7bce, 0x840f, 0x8450, 0x8430, 0x8c2f,
		0x83ee, 0x6b2b, 0x4207, 0x39a5, 0x4a68, 0x6b6c, 0x8450, 0x9491, 0x94b2,
		0x9491, 0x9cd2, 0xa513, 0xa513, 0xad54, 0xad33, 0xa533, 0xad53, 0xad53,
		0xad33, 0xa512, 0xa512, 0xa4f2, 0xa4f2, 0xacf3, 0xad13, 0xad33, 0xad12,
		0xa4d2, 0xa512, 0xb574, 0xb553, 0xb533, 0xb533, 0xbd53, 0x836b, 0x4142,
		0x6226, 0x8349, 0x9bec, 0xac2d, 0xb48e, 0xbccf, 0xb48e, 0xb48e, 0xac8e,
		0xb48e, 0x9bec, 0x8b6a, 0x834a, 0x5a26, 0x6ac8, 0x8bac, 0xacaf, 0x9c2d,
		0xacaf, 0xacf0, 0xacf0, 0xacf0, 0xa4d0, 0x83cc, 0x942e, 0x942e, 0x83cd,
		0x732b, 0x734b, 0x732b, 0x6b0b, 0x6aea, 0x6aea, 0x6b0b, 0x6b0b, 0x6aea,
		0x6aea, 0x6b0b, 0x734c, 0x7b8d, 0x840f, 0x9470, 0x9491, 0x9cd1, 0x9491,
		0x8c50, 0x840f, 0x7bef, 0x83ef, 0x840f, 0x7bef, 0x49e6, 0x5a68, 0x5227,
		0x5227, 0x5a88, 0x5289, 0x5aca, 0x62ca, 0x5aca, 0x62ca, 0x6b2b, 0x6b0b,
		0x6aeb, 0x630b, 0x5aaa, 0x5aa9, 0x5aa9, 0x6b2c, 0x73ad, 0x736d, 0x630b,
		0x6b2c, 0x738d, 0x73ae, 0x7bce, 0x8c50, 0x8c50, 0x8c50, 0x6b6d, 0x6b8d,
		0x73ce, 0x840f, 0x840f, 0x8c2f, 0x8c50, 0x842f, 0x7bee, 0x7bef, 0x8430,
		0x8430, 0x8c2f, 0x840e, 0x738c, 0x4a47, 0x39a5, 0x5289, 0x7bee, 0x94b1,
		0x8c71, 0x8430, 0x8430, 0x8c71, 0x9cd2, 0xa533, 0xad54, 0xad33, 0xa512,
		0xad53, 0xad53, 0xad33, 0xad33, 0xa513, 0xa512, 0xa4f2, 0xa4f3, 0xad13,
		0xad33, 0xad33, 0xa4f2, 0xad12, 0xb574, 0xb553, 0xb533, 0xb533, 0xbd53,
		0x838c, 0x4142, 0x7ae8, 0x93cb, 0xa40c, 0xac4e, 0xbcaf, 0xbccf, 0xb4af,
		0xb4ae, 0xb48e, 0xb4ae, 0x9c0c, 0x93cc, 0x8bab, 0x6aa7, 0x72c8, 0x93ec,
		0x93cc, 0x8bab, 0xb4f0, 0xacf0, 0xa4af, 0xacf0, 0xad11, 0x8c0d, 0x944e,
		0x8c2e, 0x736b, 0x734b, 0x734b, 0x730b, 0x6b0a, 0x6b0b, 0x6b2b, 0x6b2b,
		0x630a, 0x6aea, 0x6aca, 0x6aea, 0x6b0b, 0x7b8d, 0x8c2f, 0x9491, 0x9470,
		0x8c70, 0x840f, 0x7bae, 0x73ad, 0x7bae, 0x7bce, 0x7bef, 0x7bef, 0x30a2,
		0x5a28, 0x5a48, 0x49e6, 0x5288, 0x5aa9, 0x5aa9, 0x62ca, 0x62a9, 0x6aaa,
		0x6aaa, 0x62aa, 0x6aeb, 0x732c, 0x630b, 0x5289, 0x5aca, 0x6b2b, 0x738d,
		0x738d, 0x632b, 0x6b2c, 0x738d, 0x738d, 0x7bef, 0x8c50, 0x8c50, 0x8430,
		0x6b6c, 0x6b8d, 0x73ad, 0x840f, 0x83ef, 0x842f, 0x8c50, 0x8430, 0x7bef,
		0x7bee, 0x840f, 0x842f, 0x8c30, 0x840f, 0x7bad, 0x5288, 0x39a5, 0x52a9,
		0x7bce, 0x8c50, 0x7bef, 0x738d, 0x7bce, 0x840f, 0x9491, 0xa533, 0xad53,
		0xad33, 0xa512, 0xad53, 0xad74, 0xad53, 0xad33, 0xad33, 0xa513, 0xa512,
		0xa4f3, 0xad13, 0xad13, 0xad33, 0xad33, 0xb553, 0xb574, 0xb553, 0xb533,
		0xbd74, 0xb512, 0x8bac, 0x51c4, 0x8b8b, 0x9bec, 0xa40c, 0xac6e, 0xb4af,
		0xbccf, 0xb4af, 0xbccf, 0xb4cf, 0xb4af, 0x9c0c, 0x8b8b, 0x9bed, 0x832a,
		0x72c8, 0x8b6b, 0x836a, 0x93cc, 0xbd51, 0xb4f0, 0xacaf, 0xacd0, 0xad10,
		0x9c8f, 0x9c8f, 0x944e, 0x732a, 0x730a, 0x730b, 0x7b4b, 0x7b6c, 0x734b,
		0x6b0a, 0x6aea, 0x6b0a, 0x6aeb, 0x6aca, 0x62aa, 0x62a9, 0x6b0b, 0x83ee,
		0x8c2f, 0x840f, 0x8c2f, 0x83ee, 0x7bad, 0x738d, 0x7bae, 0x7bce, 0x7bef,
		0x7bef, 0x2000, 0x4965, 0x6248, 0x5227, 0x5268, 0x5ac9, 0x5a89, 0x62a9,
		0x6269, 0x6a89, 0x6a69, 0x6aaa, 0x72ea, 0x6aea, 0x6b2b, 0x5aea, 0x62ea,
		0x630b, 0x736d, 0x738d, 0x6b4c, 0x6b2c, 0x6b6d, 0x6b6d, 0x7bef, 0x8430,
		0x8430, 0x8450, 0x738d, 0x73ce, 0x73ce, 0x7c0f, 0x83ef, 0x840f, 0x8c50,
		0x8450, 0x7bef, 0x7bcf, 0x840f, 0x8430, 0x8c50, 0x8c2f, 0x7bad, 0x5aa9,
		0x39a5, 0x5aca, 0x738d, 0x73ae, 0x738e, 0x6b6d, 0x840f, 0x842f, 0x9cd2,
		0xad54, 0xad54, 0xad33, 0xa533, 0xad53, 0xad53, 0xad33, 0xa513, 0xa513,
		0xa513, 0xa512, 0xa4f3, 0xad13, 0xad13, 0xad33, 0xb554, 0xb553, 0xb574,
		0xb553, 0xbd74, 0xbd74, 0xa4b1, 0x838c, 0x6a87, 0x9c0d, 0x9bcb, 0xa42d,
		0xb48f, 0xbcaf, 0xbcaf, 0xb4af, 0xc510, 0xbccf, 0xb48e, 0x9bec, 0x8b8b,
		0x9c0d, 0x8b8b, 0x834a, 0x8bab, 0x93cc, 0xa44d, 0xb4f0, 0xac6e, 0xb4d0,
		0xb4f0, 0xacaf, 0xacd0, 0xa4b0, 0x9c4f, 0x7b6b, 0x7b6c, 0x7b2b, 0x730a,
		0x6aea, 0x6aca, 0x6ac9, 0x6aca, 0x6aea, 0x6aca, 0x6aca, 0x62aa, 0x5a89,
		0x5aa9, 0x736c, 0x8c0f, 0x8c2f, 0x840f, 0x83ef, 0x7bce, 0x7bce, 0x83ef,
		0x840f, 0x7bcf, 0x738e, 0x3841, 0x3061, 0x51a6, 0x5a48, 0x5247, 0x5aa9,
		0x5ac9, 0x6289, 0x6269, 0x6228, 0x6208, 0x7269, 0x72ca, 0x6aca, 0x6b0a,
		0x632b, 0x62eb, 0x630b, 0x6b4c, 0x738d, 0x736d, 0x6b4c, 0x6b4c, 0x6b4c,
		0x7bce, 0x7bef, 0x7bef, 0x840f, 0x738d, 0x7bee, 0x73ce, 0x7c0e, 0x83ef,
		0x840f, 0x8430, 0x8c50, 0x840f, 0x7bef, 0x840f, 0x8430, 0x8c50, 0x8c2f,
		0x738d, 0x5aa9, 0x39c6, 0x630b, 0x738d, 0x73ad, 0x738e, 0x7bce, 0x8c71,
		0x8c71, 0xa534, 0xad54, 0xa533, 0xa533, 0xa533, 0xad53, 0xad53, 0xad33,
		0xa512, 0xa512, 0xa512, 0xa512, 0xa4f2, 0xad13, 0xad13, 0xad33, 0xb553,
		0xad33, 0xb553, 0xb574, 0xbd74, 0xb533, 0x9c4f, 0x838b, 0x7b2a, 0xa44e,
		0x9bec, 0xac6e, 0xb48f, 0xb4af, 0xb4af, 0xb4cf, 0xc510, 0xb4af, 0xac6e,
		0x9bec, 0x93ab, 0x9c0d, 0x93cc, 0x93cc, 0x93cc, 0x93ab, 0x9c0d, 0xa42d,
		0xac8e, 0xb4d0, 0xb4d0, 0xacaf, 0x940d, 0x62a8, 0x5206, 0x49c5, 0x7b4b,
		0x7b6c, 0x7b2b, 0x6aca, 0x6aca, 0x6aea, 0x6ac9, 0x6288, 0x5a69, 0x6289,
		0x62aa, 0x5a69, 0x5268, 0x62ca, 0x7bad, 0x8c2f, 0x840f, 0x840f, 0x840f,
		0x840f, 0x840f, 0x7bce, 0x6b2c, 0x5289, 0x50c3, 0x3000, 0x38a2, 0x5206,
		0x5268, 0x5288, 0x5aa9, 0x6289, 0x6248, 0x4924, 0x48e3, 0x5145, 0x6a69,
		0x7b4c, 0x6b0a, 0x630a, 0x62eb, 0x630b, 0x6b2c, 0x736d, 0x736d, 0x6b4c,
		0x632c, 0x6b4c, 0x7bae, 0x7bce, 0x7bce, 0x7bef, 0x6b8d, 0x7bce, 0x73ad,
		0x7bee, 0x840f, 0x840f, 0x8430, 0x8c50, 0x8430, 0x7bef, 0x840f, 0x8430,
		0x8c30, 0x8c2f, 0x7bad, 0x5aa9, 0x39c6, 0x5aca, 0x6b8d, 0x73ae, 0x73ae,
		0x8410, 0x9491, 0x8c71, 0xad34, 0xa533, 0xa533, 0xa533, 0xa533, 0xad53,
		0xad53, 0xad33, 0xa512, 0xa512, 0xa512, 0xa512, 0xa4f2, 0xad13, 0xa4f2,
		0xad13, 0xb553, 0xad33, 0xb553, 0xb574, 0xb553, 0xa4d1, 0xa470, 0x8bcc,
		0x8bac, 0xac6e, 0xa40c, 0xac8e, 0xac4e, 0xb4af, 0xbccf, 0xbccf, 0xbcf0,
		0xac4d, 0xa44d, 0xa44d, 0x93ab, 0xa42d, 0x9bed, 0x9bec, 0x9bec, 0x8b8b,
		0x93cb, 0x93ec, 0x9c0c, 0xac6e, 0xacaf, 0xb531, 0x8bed, 0x6287, 0x4a06,
		0x5206, 0x5a68, 0x6aea, 0x838d, 0x8bce, 0x838d, 0x732b, 0x6b0a, 0x6aea,
		0x6289, 0x5a69, 0x5a89, 0x5a69, 0x5248, 0x5248, 0x62ca, 0x6b2b, 0x7bce,
		0x7bce, 0x7bce, 0x7bae, 0x6b4c, 0x5aca, 0x4a28, 0x39c7, 0x5904, 0x3861,
		0x2020, 0x4164, 0x5aa9, 0x5288, 0x5a88, 0x6aaa, 0x4965, 0x3861, 0x4082,
		0x3041, 0x4965, 0x7b0b, 0x6aea, 0x6b4b, 0x62ea, 0x630b, 0x630b, 0x6b4c,
		0x736d, 0x6b2c, 0x630b, 0x6b4c, 0x738d, 0x73ae, 0x7c0f, 0x8430, 0x73ad,
		0x7bee, 0x6b8d, 0x73ad, 0x8c30, 0x840f, 0x8430, 0x8c70, 0x8430, 0x7bef,
		0x840f, 0x840f, 0x8c50, 0x8c50, 0x840e, 0x5aa9, 0x39c6, 0x4a68, 0x632c,
		0x6b6d, 0x7bce, 0x8430, 0x8c71, 0x8430, 0xa513, 0xa513, 0xa533, 0xad54,
		0xa533, 0xad53, 0xad74, 0xad53, 0xa512, 0xa512, 0xa512, 0xa512, 0xacf3,
		0xacf3, 0x9cb1, 0xa4f2, 0xb574, 0xb574, 0xb553, 0xb554, 0xb513, 0x9c90,
		0xacb1, 0x9c2e, 0x9c0d, 0xac6e, 0xa44d, 0xac6e, 0xac4e, 0xbcd0, 0xc510,
		0xc510, 0xbccf, 0x9c0c, 0xa42c, 0xac8e, 0x93cc, 0xa44e, 0xa40d, 0x9bec,
		0xa44e, 0x9bec, 0x9c0c, 0x93ec, 0x93cb, 0xacaf, 0xacaf, 0xb511, 0x83ac,
		0x7b6b, 0x734b, 0x6aea, 0x62a9, 0x4a07, 0x5227, 0x6b0a, 0x83ad, 0x7b8d,
		0x736c, 0x736c, 0x730b, 0x62aa, 0x5a69, 0x5a89, 0x5248, 0x4a07, 0x4a07,
		0x4a27, 0x5268, 0x5269, 0x5269, 0x4a48, 0x4207, 0x39c6, 0x4207, 0x4a49,
		0x5162, 0x4080, 0x3000, 0x30c3, 0x52ca, 0x42a9, 0x5a89, 0x7208, 0x4840,
		0x5080, 0x4880, 0x50a0, 0x58a1, 0x7a08, 0x7b4d, 0x5b4c, 0x6aec, 0x72ca,
		0x730a, 0x632a, 0x538c, 0x4b4c, 0x4aca, 0x630b, 0x632b, 0x632b, 0x73cc,
		0x844f, 0x73ae, 0x8411, 0x738e, 0x7b6c, 0x8bf3, 0x8c11, 0x8c2f, 0x8c4f,
		0x8c4f, 0x7c0f, 0x7bee, 0x844f, 0x8c4f, 0x8c71, 0x7bf0, 0x5aca, 0x3a06,
		0x4226, 0x630b, 0x52ab, 0x632c, 0x7bef, 0x9491, 0x8c50, 0x94b1, 0xa4f2,
		0xad53, 0xb574, 0xad33, 0xad13, 0xad54, 0xb554, 0xa513, 0xa4f3, 0xad13,
		0xa4f3, 0xa4f1, 0xa4f2, 0xa4d2, 0xa4f2, 0xb553, 0xb593, 0xb574, 0xb576,
		0x9cd3, 0x94b0, 0xa50f, 0x9c8c, 0x9c2c, 0xac6f, 0xac2e, 0xbc8e, 0xb4cf,
		0xbd10, 0xc510, 0xbcf0, 0xac6e, 0xa40d, 0xac4e, 0xb48f, 0x93ab, 0xac6e,
		0xa42d, 0x9c0d, 0xa44e, 0xa42d, 0xa42d, 0x9c0c, 0x93eb, 0xac8e, 0xb4f0,
		0xa48f, 0x838b, 0x732a, 0x734b, 0x7b6c, 0x732a, 0x730a, 0x6288, 0x41c5,
		0x5247, 0x7b6c, 0x7bad, 0x7b8d, 0x738d, 0x734c, 0x6b0b, 0x62ca, 0x62ca,
		0x5a89, 0x5248, 0x49e6, 0x41c6, 0x41c6, 0x41c6, 0x41c6, 0x49e7, 0x4a48,
		0x5268, 0x5268, 0x4901, 0x3840, 0x3820, 0x2861, 0x4a89, 0x4289, 0x5a69,
		0x5124, 0x4820, 0x5080, 0x58e0, 0x58c0, 0x58a1, 0x71c6, 0x7b2c, 0x634c,
		0x726b, 0x59a6, 0x6a47, 0x7b6b, 0x5b2b, 0x4aeb, 0x52aa, 0x5a6a, 0x5a8a,
		0x52ca, 0x73ac, 0x8c4f, 0x7bae, 0x8411, 0x7baf, 0x7bad, 0x8c12, 0x8c31,
		0x8c2f, 0x8c6f, 0x8c4f, 0x840f, 0x7c0f, 0x842f, 0x8c50, 0x8c71, 0x7bf0,
		0x5aca, 0x4206, 0x4226, 0x5aea, 0x52ab, 0x5aeb, 0x8430, 0x94d2, 0x8c70,
		0xa4f2, 0xad34, 0xad54, 0xad53, 0xad13, 0xad13, 0xad54, 0xb554, 0xad13,
		0xa4f3, 0xad13, 0xa4f3, 0x9cd2, 0x9cb2, 0x9cb2, 0xa4f2, 0xb553, 0xb593,
		0xb574, 0xb555, 0x9cb2, 0x9cd1, 0xad31, 0xa4ae, 0x9c4d, 0xac6f, 0xac2e,
		0xb44e, 0xbcef, 0xb4ae, 0xc551, 0xbcf0, 0x9c0c, 0xac8e, 0xb48f, 0xac6e,
		0x9c0d, 0xac8f, 0xac6e, 0xac6e, 0xa44e, 0xa44e, 0xac8e, 0xa44d, 0x9c2d,
		0xacaf, 0xb4f0, 0x942d, 0x7b6b, 0x838c, 0x83cd, 0x83cd, 0x7b6b, 0x6aea,
		0x732b, 0x62c9, 0x5227, 0x5a88, 0x732b, 0x7bad, 0x7bad, 0x7bad, 0x736c,
		0x732c, 0x6b0b, 0x62ea, 0x62ca, 0x62aa, 0x5268, 0x5268, 0x5268, 0x5268,
		0x5a89, 0x5aa9, 0x5aa9, 0x5a89, 0x38a0, 0x3020, 0x3020, 0x2020, 0x41e8,
		0x52aa, 0x628a, 0x48a2, 0x5060, 0x58c0, 0x71a3, 0x6121, 0x58a1, 0x6944,
		0x830b, 0x732c, 0x50c4, 0x4861, 0x5902, 0x7288, 0x5aca, 0x4a69, 0x5a49,
		0x628a, 0x5a4a, 0x5aaa, 0x73cd, 0x8c70, 0x7bcf, 0x8410, 0x7bef, 0x7bac,
		0x8c11, 0x8c30, 0x8c4f, 0x8c6f, 0x8c70, 0x842f, 0x840f, 0x842f, 0x8c50,
		0x8c50, 0x83ef, 0x5aca, 0x4206, 0x4206, 0x52a9, 0x5acb, 0x632b, 0x8c71,
		0x9cf2, 0x9491, 0xa533, 0xad54, 0xad33, 0xad33, 0xa513, 0xad13, 0xb554,
		0xb554, 0xad13, 0xa513, 0xad13, 0xa513, 0xa4d3, 0x9cb3, 0xa4b3, 0xad13,
		0xb573, 0xb594, 0xb574, 0xb554, 0x9c91, 0xacf3, 0xad13, 0xacd1, 0xa46e,
		0xac8e, 0xac2d, 0xac2e, 0xac6e, 0xc551, 0xb4cf, 0xb4af, 0xac8e, 0xa44d,
		0xbcd0, 0xac4e, 0xa42d, 0xac6e, 0xb4af, 0xac8f, 0xa44e, 0xac6e, 0xac8e,
		0xa44d, 0xac8e, 0xb4cf, 0xa48f, 0x83ab, 0x7b4a, 0x8bcd, 0x942f, 0x8bcd,
		0x7b8c, 0x7b6b, 0x732b, 0x6b0a, 0x62c9, 0x5268, 0x5268, 0x736c, 0x83ee,
		0x83ee, 0x83ee, 0x7bad, 0x7b6d, 0x734c, 0x6b0b, 0x62ea, 0x62ea, 0x62ca,
		0x5aa9, 0x62aa, 0x62ca, 0x5aca, 0x5aa9, 0x5289, 0x3040, 0x3040, 0x2800,
		0x2021, 0x28e4, 0x4a08, 0x6269, 0x48e3, 0x5080, 0x6922, 0x8225, 0x7142,
		0x60c1, 0x60e2, 0x930b, 0x6a89, 0x5062, 0x5881, 0x5080, 0x5964, 0x5a49,
		0x5229, 0x622a, 0x6a6a, 0x626a, 0x62eb, 0x7bee, 0x9490, 0x7bcf, 0x7c10,
		0x842f, 0x6b8b, 0x8bef, 0x8c2f, 0x8c4f, 0x8c6f, 0x8c6f, 0x8c4f, 0x840f,
		0x840f, 0x8c50, 0x8c50, 0x83ee, 0x62ea, 0x4a26, 0x39e6, 0x5289, 0x62eb,
		0x73ce, 0x9491, 0x9cd2, 0x94b1, 0xa4f3, 0xa513, 0xa513, 0xad54, 0xad13,
		0xad13, 0xb554, 0xb574, 0xad13, 0xad13, 0xad33, 0xad13, 0xa4f5, 0xa4b3,
		0xa4d3, 0xad34, 0xb574, 0xb594, 0xb594, 0xad53, 0x9450, 0xacd3, 0xacb4,
		0xb4b2, 0xa44d, 0xac8d, 0xac2d, 0xb450, 0xbcef, 0xbd10, 0xbd10, 0xb4af,
		0xb4cf, 0xac6e, 0xb4af, 0x9c0d, 0x9bec, 0xa44e, 0xb4af, 0xac8f, 0xac6e,
		0xac8f, 0xac8f, 0xac8e, 0xac8e, 0xa46e, 0x93ec, 0x7b4a, 0x7b4b, 0x8bee,
		0x942f, 0x83ad, 0x83ad, 0x730b, 0x730a, 0x732b, 0x6aea, 0x62ea, 0x62ca,
		0x5aa9, 0x736c, 0x83ee, 0x8c2f, 0x8c2f, 0x83ce, 0x7b6d, 0x736c, 0x7b6d,
		0x6b2b, 0x6aeb, 0x62ca, 0x62ea, 0x62ca, 0x5aca, 0x5aa9, 0x5ac9, 0x3000,
		0x3861, 0x2800, 0x2021, 0x0800, 0x1882, 0x49a6, 0x5144, 0x4860, 0x6942,
		0x89e4, 0x7142, 0x60c1, 0x58c2, 0x9b0b, 0x61c6, 0x60c2, 0x60a0, 0x5080,
		0x40a0, 0x5207, 0x5208, 0x6a8a, 0x6229, 0x626a, 0x6b2d, 0x7c0f, 0x8c70,
		0x73ae, 0x8410, 0x8c70, 0x6b6a, 0x83ee, 0x8c2f, 0x8c4f, 0x8c4f, 0x8c6f,
		0x8c4f, 0x842f, 0x8410, 0x9471, 0x8c50, 0x83ed, 0x5ae9, 0x4a27, 0x39c6,
		0x4a48, 0x630c, 0x840f, 0x9491, 0x9cb2, 0x94b1, 0x94b1, 0xa4f2, 0xad53,
		0xb554, 0xad13, 0xad13, 0xb554, 0xb574, 0xad33, 0xad33, 0xad34, 0xad13,
		0xacd5, 0xa4b3, 0xa4f3, 0xad54, 0xb574, 0xb594, 0xb573, 0xad11, 0x942f,
		0xac92, 0xac92, 0xac90, 0xa40b, 0xb48c, 0xb46e, 0xb491, 0xbcef, 0xbd10,
		0xb4ae, 0xac6e, 0xb48e, 0x9bec, 0x93ab, 0x8b8b, 0x93ab, 0xa42d, 0xac6e,
		0xac6e, 0xac8f, 0xb4af, 0xac6e, 0xac8f, 0xa46e, 0x93cc, 0x7b4a, 0x732a,
		0x838c, 0x8bee, 0x8c0e, 0x83ad, 0x7b8c, 0x732b, 0x730b, 0x6b0a, 0x62ea,
		0x6b2b, 0x736c, 0x62ea, 0x5ac9, 0x630b, 0x736c, 0x83ce, 0x840f, 0x840f,
		0x83ce, 0x7b8d, 0x7b8d, 0x736c, 0x736c, 0x734c, 0x6b4c, 0x6b2b, 0x6b2b,
		0x6b2b, 0x4020, 0x3841, 0x2020, 0x1021, 0x0000, 0x0000, 0x2924, 0x4964,
		0x4060, 0x60e1, 0x7942, 0x70e1, 0x60c0, 0x6122, 0x932b, 0x5144, 0x50a0,
		0x60e1, 0x6101, 0x3860, 0x51e6, 0x4185, 0x6228, 0x7289, 0x62aa, 0x738d,
		0x7c0f, 0x8c50, 0x7bcf, 0x8410, 0x9491, 0x738b, 0x7bcd, 0x842f, 0x8c50,
		0x8c4f, 0x8c6f, 0x8c4f, 0x8c30, 0x8c31, 0x9472, 0x8c50, 0x7bed, 0x5ac8,
		0x4a47, 0x41c7, 0x4a28, 0x6b0c, 0x7c0f, 0x8c71, 0x9cd2, 0x94b1, 0x9470,
		0xad33, 0xb595, 0xb554, 0xad13, 0xa512, 0xb534, 0xb554, 0xad33, 0xad54,
		0xb554, 0xad33, 0xa4d5, 0xa4d3, 0xa512, 0xb573, 0xb595, 0xb594, 0xad32,
		0xacd1, 0x940e, 0xa44f, 0xb48f, 0xac6d, 0xa42a, 0xb4ad, 0xb4af, 0xb4b0,
		0xbcef, 0xb48e, 0xa42d, 0xb4cf, 0x7b08, 0x72c7, 0x93cb, 0x834a, 0x93ab,
		0xa44e, 0xa44e, 0xa44e, 0xb4af, 0xac8f, 0xa44e, 0xa46e, 0x9c0d, 0x836a,
		0x7309, 0x7b4b, 0x83ad, 0x8bee, 0x8bee, 0x8bee, 0x7b6c, 0x7b6c, 0x6b0a,
		0x6aea, 0x6b0a, 0x734b, 0x7bad, 0x83ee, 0x7bad, 0x6b2b, 0x5aa9, 0x5aa9,
		0x630b, 0x7b8d, 0x83ce, 0x83ce, 0x83ee, 0x83ee, 0x83ee, 0x840e, 0x83ee,
		0x7bcd, 0x7bad, 0x7bad, 0x4821, 0x3021, 0x2041, 0x1061, 0x0041, 0x0040,
		0x18c2, 0x41c5, 0x40e1, 0x50a0, 0x68c1, 0x68c1, 0x58c1, 0x69c5, 0x8b4b,
		0x5164, 0x50a0, 0x79a3, 0x8204, 0x40c0, 0x51a4, 0x4123, 0x5184, 0x7268,
		0x6aca, 0x73ad, 0x7c0e, 0x8c2f, 0x83cf, 0x83f0, 0x9491, 0x73ac, 0x73cc,
		0x842f, 0x8c50, 0x8c30, 0x8c4f, 0x8c50, 0x8c31, 0x8c32, 0x9452, 0x8c50,
		0x7bec, 0x52a7, 0x4a27, 0x41c7, 0x4a08, 0x6b2c, 0x7c0f, 0x94b1, 0x9cd2,
		0x94b1, 0x9491, 0xad54, 0xb574, 0xb554, 0xa4f2, 0xa4f2, 0xad33, 0xb574,
		0xb554, 0xb554, 0xb554, 0xad13, 0xa4b3, 0xa4f2, 0xad32, 0xb593, 0xbdb5,
		0xb574, 0xa4f1, 0xa470, 0x93cd, 0x9bec, 0xb4ac, 0xb4aa, 0xac4a, 0xbcce,
		0xb4af, 0xac6e, 0xb48e, 0xac4d, 0xb48e, 0xa42d, 0x8329, 0x8b6a, 0x8b8a,
		0x9c0d, 0xa42d, 0xac6e, 0xa44e, 0xac6e, 0xac8f, 0xa46e, 0xa46e, 0xa44e,
		0x8b8b, 0x7b2a, 0x730a, 0x7b6b, 0x83cd, 0x8bee, 0x8c0f, 0x8c0e, 0x83ce,
		0x732b, 0x730b, 0x732b, 0x62a9, 0x734c, 0x9470, 0x8c2f, 0x7bce, 0x7bce,
		0x7bcd, 0x738d, 0x736c, 0x6b4c, 0x736c, 0x736c, 0x7bad, 0x7bce, 0x83ee,
		0x840f, 0x840f, 0x840f, 0x840e, 0x83ee, 0x4000, 0x3021, 0x2082, 0x10a2,
		0x0020, 0x0081, 0x0060, 0x4226, 0x49a4, 0x48a1, 0x60c2, 0x60e2, 0x50e2,
		0x6a67, 0x836c, 0x49c6, 0x60a0, 0x7962, 0x8a05, 0x50c0, 0x40e2, 0x4902,
		0x6162, 0x6163, 0x72a8, 0x73ac, 0x7bed, 0x8c2f, 0x83cf, 0x7baf, 0x9471,
		0x7bcd, 0x73ac, 0x840f, 0x8c31, 0x8c30, 0x8c2f, 0x8c30, 0x8c31, 0x8c12,
		0x9452, 0x8c50, 0x7bcc, 0x5287, 0x4a27, 0x41c7, 0x4a08, 0x6b2c, 0x8450,
		0x9cd2, 0x9cd2, 0x9cd2, 0x9cd2, 0xad33, 0xad33, 0xb574, 0xa4f2, 0xa4f2,
		0xad33, 0xb574, 0xb554, 0xb554, 0xad33, 0xa4f2, 0x9cb2, 0xa4f1, 0xad51,
		0xb593, 0xbdb4, 0xad53, 0x9c70, 0x9c2f, 0x93ac, 0x93a9, 0xbcea, 0xbcca,
		0xac6a, 0xbccf, 0xb48e, 0xa40c, 0x9bec, 0xa42c, 0xa42d, 0x93ab, 0xac6e,
		0xa42d, 0xa40d, 0x93ab, 0x9c0d, 0x9c0d, 0x93cc, 0xa42d, 0xa42d, 0x9c2d,
		0xac6e, 0x9c0d, 0x7b29, 0x7b2a, 0x7b4b, 0x838c, 0x83cd, 0x8bee, 0x8c0f,
		0x83ee, 0x7bad, 0x7b8c, 0x732b, 0x6b0a, 0x62ea, 0x736c, 0x9470, 0x9491,
		0x8c50, 0x840f, 0x7bcd, 0x7bad, 0x7bce, 0x7bce, 0x738c, 0x6b2b, 0x6b4b,
		0x736c, 0x7bad, 0x7bcd, 0x83ee, 0x840f, 0x840f, 0x840e, 0x3800, 0x3082,
		0x2103, 0x0060, 0x0081, 0x00a1, 0x00a1, 0x0902, 0x5288, 0x5985, 0x4881,
		0x48c2, 0x6a48, 0x41a5, 0x3184, 0x5289, 0x6881, 0x78c2, 0x8164, 0x5040,
		0x50c1, 0x6962, 0x60e0, 0x7162, 0x6204, 0x7b8b, 0x840e, 0x944f, 0x7b8e,
		0x83f0, 0x9491, 0x7bcd, 0x6b8d, 0x73ce, 0x8c51, 0x8c30, 0x8c0f, 0x840f,
		0x8c11, 0x8c12, 0x9452, 0x8c2f, 0x738b, 0x5287, 0x4227, 0x41e8, 0x4a49,
		0x736d, 0x9491, 0x9cd2, 0x9491, 0x9cb2, 0x9cb1, 0xad33, 0xb574, 0xad33,
		0xad13, 0xa4f2, 0xb533, 0xb533, 0xbd74, 0xb554, 0xad13, 0x9c90, 0x9c91,
		0xa512, 0xb572, 0xbdb3, 0xbdb4, 0xa4d2, 0x9410, 0x9c2e, 0x9c2b, 0x9be8,
		0xac8a, 0xbcec, 0xac2b, 0xac4c, 0x9bca, 0x8b89, 0x9bab, 0x936a, 0x9bab,
		0xac4d, 0xac4d, 0x93cb, 0x8329, 0x9bcc, 0x8329, 0x8b6a, 0xa42d, 0xac8f,
		0xa44e, 0xa46e, 0xac8e, 0xa44d, 0x834a, 0x7b0a, 0x836b, 0x8bcd, 0x8bcd,
		0x8c0f, 0x8bee, 0x83ee, 0x83ad, 0x83ad, 0x734c, 0x6b2b, 0x6b0b, 0x734c,
		0x8c2f, 0x9490, 0x9470, 0x8c2f, 0x83ee, 0x7bce, 0x7bad, 0x738d, 0x6b4b,
		0x630b, 0x630b, 0x6b2b, 0x630b, 0x630b, 0x6b4c, 0x7bad, 0x7bce, 0x83ee,
		0x3021, 0x2882, 0x0861, 0x0081, 0x00a1, 0x00a1, 0x00a1, 0x00c1, 0x2164,
		0x62a9, 0x6a48, 0x72aa, 0x4a27, 0x0040, 0x1923, 0x4a69, 0x6881, 0x78e3,
		0x6060, 0x5881, 0x50c1, 0x58e0, 0x7940, 0x7981, 0x61e3, 0x7b6a, 0x840d,
		0x944f, 0x83ae, 0x8bf0, 0x9cb2, 0x840e, 0x6b8d, 0x73ae, 0x8c51, 0x8c30,
		0x8c0f, 0x8c0e, 0x8c10, 0x8c11, 0x9452, 0x8c30, 0x73ab, 0x5287, 0x4227,
		0x4207, 0x5269, 0x7b8e, 0x9cb2, 0x9cd2, 0x9491, 0x9cb1, 0x9cb2, 0xad33,
		0xb574, 0xb554, 0xad33, 0xad13, 0xb554, 0xb554, 0xb574, 0xb533, 0xa4d2,
		0x9470, 0x9cb1, 0xad33, 0xb594, 0xbdb3, 0xad32, 0x9c51, 0x93f1, 0x9c4e,
		0xa46a, 0x93e7, 0xa40b, 0x936c, 0x9bac, 0x93a9, 0xa40a, 0xac4c, 0xa42c,
		0xa3ec, 0xa3ec, 0x93ab, 0x938a, 0x8308, 0xa42d, 0x9bec, 0x93ab, 0xac6e,
		0xacaf, 0xa42d, 0x9c2d, 0x9c2d, 0x93ec, 0x93cc, 0x838b, 0x7b2a, 0x836b,
		0x8bcd, 0x8bce, 0x8bee, 0x83ce, 0x83ad, 0x83ad, 0x83ad, 0x736c, 0x732b,
		0x6b0b, 0x6b2b, 0x7bcd, 0x840f, 0x8c2f, 0x8c50, 0x8c2f, 0x7bce, 0x738d,
		0x73ad, 0x738d, 0x6b4c, 0x6b2b, 0x6b4c, 0x6b2b, 0x5aca, 0x62ea, 0x6b2b,
		0x6b4c, 0x6b4c, 0x30c3, 0x18a2, 0x0000, 0x0061, 0x0081, 0x0081, 0x00c2,
		0x00c1, 0x0080, 0x08a1, 0x3144, 0x2103, 0x08a1, 0x00c2, 0x0081, 0x52aa,
		0x6124, 0x5081, 0x58a1, 0x4061, 0x5123, 0x6121, 0x7940, 0x79a0, 0x6a23,
		0x7bab, 0x8c2e, 0x944f, 0x83ae, 0x83d0, 0x9cb2, 0x842f, 0x738d, 0x73ae,
		0x9451, 0x9c70, 0x9c6f, 0x940e, 0x8bef, 0x83af, 0x9451, 0x8c2f, 0x738b,
		0x5287, 0x4226, 0x4207, 0x5289, 0x83ce, 0x94b2, 0x94b2, 0x9491, 0x9cd2,
		0xa4f3, 0xad54, 0xb574, 0xb553, 0xad12, 0xad12, 0xb574, 0xb554, 0xbd94,
		0xb553, 0xa4b1, 0x9470, 0xa4d2, 0xb555, 0xbdb6, 0xbd93, 0xa4d1, 0x9411,
		0x9c12, 0xa48e, 0xa488, 0x7324, 0x59c7, 0x59ab, 0x936d, 0xac6b, 0xac6a,
		0xb48e, 0xbcae, 0xac2d, 0xa3ec, 0xac4d, 0xac4d, 0xac4d, 0x9c0c, 0x9c0d,
		0xac6e, 0xac6e, 0x9c2d, 0x9c0d, 0xa44e, 0x9c2d, 0x9c0d, 0x9c0d, 0x8bac,
		0x7b2a, 0x7b6b, 0x83ad, 0x83cd, 0x83ad, 0x7b8d, 0x7b6c, 0x7b6c, 0x7b8d,
		0x7b6c, 0x734c, 0x6b2b, 0x6b2b, 0x738d, 0x7bce, 0x7bce, 0x840f, 0x8c2f,
		0x83ee, 0x7bce, 0x83ee, 0x7bce, 0x73ad, 0x736c, 0x738d, 0x6b4b, 0x5aca,
		0x5aca, 0x62ea, 0x630a, 0x62ea, 0x3986, 0x2104, 0x0061, 0x08a2, 0x0861,
		0x0881, 0x00a2, 0x00c1, 0x0123, 0x00c1, 0x08c2, 0x00c1, 0x00a1, 0x0102,
		0x0081, 0x2986, 0x72ea, 0x38e2, 0x38a2, 0x30e2, 0x4964, 0x5120, 0x6120,
		0x7a01, 0x7285, 0x7beb, 0x842e, 0x8c2f, 0x838e, 0x83af, 0x9c92, 0x8c2f,
		0x7bae, 0x736c, 0x83ee, 0x942e, 0xa48e, 0xa46e, 0x9c4f, 0x93ee, 0x9450,
		0x8c2f, 0x6b4b, 0x5287, 0x4a26, 0x4a27, 0x5aaa, 0x83ce, 0x8c71, 0x8c71,
		0x8c71, 0x9cd2, 0xa4f3, 0xad33, 0xb574, 0xad33, 0x9cb1, 0xa4f2, 0xb554,
		0xb574, 0xbd95, 0xb553, 0x9c91, 0x9c70, 0xad33, 0xb576, 0xbd97, 0xb533,
		0xa490, 0x9c11, 0xa432, 0xa4ae, 0xad0a, 0x6ae5, 0x4949, 0x59af, 0x9bd0,
		0xb4cb, 0xac49, 0xb44e, 0xb46d, 0xa40c, 0xb48e, 0x9bcb, 0x8329, 0x9bcb,
		0xac6e, 0xac6e, 0xac8f, 0x93cc, 0x93cc, 0xa46e, 0xa46e, 0xa46e, 0xa46e,
		0xa48f, 0x93cc, 0x7b2a, 0x7b4b, 0x83ac, 0x7b8c, 0x734c, 0x6b0b, 0x6b0b,
		0x6b2b, 0x734c, 0x7b6c, 0x736c, 0x734c, 0x734c, 0x738d, 0x7bad, 0x7bad,
		0x7bad, 0x7bce, 0x840f, 0x8c50, 0x8c2f, 0x83ee, 0x7bce, 0x73ad, 0x738d,
		0x6b2b, 0x5aca, 0x62ea, 0x630b, 0x62ea, 0x62ca, 0x0021, 0x0000, 0x0041,
		0x0041, 0x0841, 0x0861, 0x00a2, 0x00c1, 0x00c1, 0x0102, 0x00a1, 0x0123,
		0x0102, 0x00c1, 0x08e2, 0x08a2, 0x3a47, 0x5ae9, 0x39c5, 0x5289, 0x2943,
		0x38e0, 0x71e1, 0x7a22, 0x72c6, 0x7bec, 0x7c0e, 0x83ee, 0x838e, 0x838f,
		0x9471, 0x8c2f, 0x7b8d, 0x734b, 0x942d, 0xa46d, 0xa44c, 0x9c2c, 0xa44d,
		0xa44e, 0x9c6f, 0x942f, 0x6b2b, 0x5267, 0x4a46, 0x4a47, 0x62ca, 0x83ce,
		0x8c71, 0x8c50, 0x8c50, 0x9471, 0x9cb2, 0xa512, 0xad53, 0xad13, 0x9cb1,
		0xad12, 0xb574, 0xb574, 0xbd94, 0xb553, 0x9470, 0x9c91, 0xb595, 0xbd97,
		0xbd56, 0xacd1, 0x9c0e, 0x9bf0, 0xa452, 0xaccf, 0xa4cb, 0x5245, 0x49cc,
		0x6a51, 0xac92, 0xb4cb, 0xb4cb, 0xb46f, 0xac6d, 0xbcae, 0x9bab, 0x9bcb,
		0xac2d, 0xac6e, 0xac4d, 0xa42d, 0xa42d, 0xa44e, 0xac8f, 0xb4d0, 0xa46e,
		0xa48f, 0xac8f, 0xa44e, 0x93ec, 0x7b4a, 0x7b4a, 0x838c, 0x734b, 0x6b0a,
		0x62ca, 0x62ca, 0x6aea, 0x732b, 0x7b4c, 0x736c, 0x734c, 0x734c, 0x734c,
		0x738d, 0x7bad, 0x738d, 0x7b8d, 0x83ee, 0x8c2f, 0x8c2f, 0x842f, 0x840f,
		0x7bce, 0x738d, 0x6b4c, 0x6b2b, 0x6b2b, 0x630b, 0x62ca, 0x62ca, 0x0021,
		0x0000, 0x08c3, 0x0882, 0x0862, 0x0861, 0x0061, 0x00a1, 0x0102, 0x00e2,
		0x0102, 0x00c2, 0x0102, 0x00e2, 0x00e2, 0x08c2, 0x00c0, 0x21a4, 0x3a68,
		0x21a6, 0x0020, 0x4162, 0x5920, 0x7202, 0x7b49, 0x7c0e, 0x740e, 0x83ef,
		0x8bcf, 0x83af, 0x9491, 0x842e, 0x83ad, 0x7329, 0x8ba9, 0x93c8, 0x8b87,
		0x9388, 0xa42a, 0xa44c, 0xa46e, 0x942e, 0x6b0b, 0x5247, 0x4a26, 0x4a26,
		0x62c9, 0x83ce, 0x8c71, 0x8c70, 0x9471, 0x9491, 0x9cd2, 0xa512, 0xad33,
		0xa4f2, 0xa4d1, 0xad33, 0xb574, 0xb554, 0xbd94, 0xb554, 0x9470, 0xa4f2,
		0xb594, 0xb575, 0xacf4, 0xa44f, 0x9bed, 0xa40f, 0xb4b2, 0xbd51, 0x9c8c,
		0x41e6, 0x49ec, 0x7310, 0x9c4f, 0xa48a, 0xac6b, 0xabce, 0xb46d, 0xac4d,
		0x9bcb, 0xb48e, 0x9bec, 0xa42d, 0xa40c, 0xac6e, 0xac6e, 0xbcf0, 0xb4f0,
		0xac8f, 0xacaf, 0xac8f, 0xa46e, 0xa44e, 0x9c0d, 0x836a, 0x834b, 0x7b6b,
		0x732b, 0x6aea, 0x62a9, 0x62ca, 0x6aea, 0x6b0b, 0x7b4c, 0x734c, 0x732c,
		0x734c, 0x734c, 0x7b8d, 0x7b8d, 0x7bad, 0x7b8d, 0x738d, 0x7bad, 0x83ee,
		0x842f, 0x840f, 0x840f, 0x83ee, 0x7bce, 0x7bad, 0x738d, 0x6b2b, 0x630b,
		0x6b2b, 0x0001, 0x0001, 0x0042, 0x0882, 0x0081, 0x0081, 0x00a1, 0x00c2,
		0x00c1, 0x00e2, 0x00e2, 0x00e2, 0x00e2, 0x00a1, 0x00e2, 0x08e1, 0x0122,
		0x00c1, 0x0061, 0x0082, 0x0861, 0x3901, 0x6982, 0x8244, 0x8b8b, 0x842f,
		0x73ef, 0x7bcf, 0x8bef, 0x83cf, 0x9490, 0x846e, 0x8bcd, 0x72e7, 0x7b46,
		0x8ba6, 0x93a6, 0x9bc7, 0x9be8, 0x93c8, 0x9c2c, 0x942d, 0x6b0a, 0x5227,
		0x41e5, 0x41c4, 0x62a8, 0x8bae, 0x8c50, 0x8c71, 0x9cb2, 0x9cd2, 0xa513,
		0xad13, 0xad53, 0xa4d2, 0xa4d1, 0xb553, 0xbd74, 0xb554, 0xbd94, 0xb574,
		0x9470, 0xad33, 0xb594, 0xb553, 0xa4b1, 0x9c0e, 0xa42f, 0xb4b0, 0xbd31,
		0xc5b3, 0x6b2a, 0x3987, 0x4a2a, 0x83ef, 0x942c, 0xacab, 0xb46d, 0xb430,
		0xa40c, 0xac2c, 0xbccf, 0xa40c, 0xac2d, 0xa42d, 0xac4e, 0xb4d0, 0xb4d0,
		0xb4f0, 0xac8f, 0xa46e, 0xacaf, 0xac8f, 0xa44e, 0xa46e, 0x9c2d, 0x836a,
		0x834a, 0x7b4b, 0x730a, 0x6aea, 0x62ca, 0x62ca, 0x6aca, 0x6aea, 0x7b4c,
		0x734c, 0x732c, 0x734c, 0x734c, 0x7b8d, 0x736c, 0x7b8d, 0x7b8d, 0x736c,
		0x736c, 0x7bad, 0x7bce, 0x7bce, 0x83ee, 0x83ee, 0x83ee, 0x83ee, 0x83ce,
		0x7bad, 0x736c, 0x7b6d, 0x0022, 0x0022, 0x0001, 0x0882, 0x08a2, 0x0081,
		0x00a2, 0x00c1, 0x00c2, 0x00e2, 0x00c1, 0x00c1, 0x00c1, 0x00c1, 0x00e1,
		0x00e1, 0x0902, 0x08e2, 0x0082, 0x0883, 0x0821, 0x4943, 0x6941, 0x8245,
		0x8b8c, 0x7c0f, 0x6bae, 0x738e, 0x83af, 0x7bae, 0x94b1, 0x8caf, 0x8bcc,
		0x72e6, 0x72c3, 0x5a00, 0x4100, 0x4940, 0x7ac3, 0x9c08, 0x93ea, 0x93ec,
		0x6aea, 0x4a07, 0x39a4, 0x3983, 0x5a67, 0x83ae, 0x8430, 0x8c71, 0x9cb2,
		0x9cb1, 0xa4f3, 0xad13, 0xb554, 0xa4d2, 0xa4d1, 0xb553, 0xbd95, 0xbd74,
		0xbdb5, 0xbd94, 0x9470, 0xad33, 0xb5b4, 0xad52, 0x9c6f, 0x9c0e, 0xb490,
		0xc511, 0xc551, 0xc593, 0x62cb, 0x3188, 0x5acb, 0x8c4d, 0x9ccc, 0xacac,
		0xb44e, 0xabcf, 0xac2c, 0xa40c, 0xac2d, 0xac4d, 0xa42d, 0x9c0c, 0xbcf0,
		0xbcf0, 0xb4af, 0xac8f, 0xb4af, 0xb4d0, 0xa48f, 0xa46e, 0xa46e, 0x9c4d,
		0x9c2d, 0x836a, 0x7b4a, 0x7b4a, 0x730a, 0x6b0a, 0x6aea, 0x62ca, 0x6aea,
		0x6aea, 0x7b4c, 0x734c, 0x6b2b, 0x732c, 0x6b2c, 0x736d, 0x736c, 0x736c,
		0x738d, 0x7bad, 0x7bad, 0x736c, 0x6b4c, 0x6b6c, 0x736c, 0x736c, 0x736c,
		0x738c, 0x83ce, 0x83ee, 0x7bad, 0x7b8d, 0x0822, 0x0000, 0x0020, 0x0082,
		0x00e3, 0x00e3, 0x00e3, 0x0104, 0x00e3, 0x00c2, 0x00c2, 0x00a1, 0x00a1,
		0x00c1, 0x00c1, 0x00e1, 0x08e1, 0x00e2, 0x00a2, 0x00a1, 0x1060, 0x4941,
		0x69c3, 0x7aa7, 0x7b6c, 0x73ce, 0x636d, 0x636c, 0x73ee, 0x7bce, 0x9c90,
		0x9c2e, 0x93c9, 0x6ae7, 0x2124, 0x0027, 0x106c, 0x1068, 0x18e2, 0x6369,
		0x83ed, 0x93cd, 0x7ac8, 0x51c2, 0x3963, 0x0820, 0x41e7, 0x7bee, 0x8c0f,
		0x8c0f, 0x9450, 0xa4f2, 0xad13, 0xa4f2, 0xb574, 0xa512, 0xa512, 0xbd94,
		0xbdb5, 0xbd74, 0xc595, 0xbd54, 0xa450, 0xb4d2, 0xad93, 0xa512, 0x944f,
		0x9c6f, 0xc4f1, 0xe531, 0xd42d, 0xccaf, 0x7329, 0x3a05, 0x6b6b, 0x940d,
		0xb46e, 0xbccf, 0xac4d, 0xac0d, 0xac4d, 0xb48e, 0xa42c, 0xa42c, 0xa44d,
		0xb4cf, 0xb4cf, 0xb4cf, 0xacaf, 0xb4d0, 0xacaf, 0xacaf, 0xa48f, 0xa44e,
		0xa46f, 0x940d, 0x940d, 0x838b, 0x7b2a, 0x730a, 0x7b4b, 0x7b2b, 0x6aea,
		0x6aea, 0x6aca, 0x6b0b, 0x732c, 0x6b0b, 0x6b0b, 0x6b0b, 0x6b2c, 0x6b2b,
		0x734b, 0x7b8d, 0x7b8d, 0x736c, 0x83ee, 0x738d, 0x736d, 0x6b2c, 0x6b2c,
		0x630b, 0x62eb, 0x630b, 0x6b4c, 0x738d, 0x7bcd, 0x7bad, 0x0802, 0x0001,
		0x0021, 0x0082, 0x00c2, 0x00e3, 0x0103, 0x0103, 0x00e3, 0x00e2, 0x00c2,
		0x00a1, 0x00a1, 0x00c1, 0x00e1, 0x0102, 0x08c1, 0x00e2, 0x00a2, 0x00a1,
		0x18a0, 0x5182, 0x61a2, 0x72a8, 0x7b8d, 0x7bef, 0x636d, 0x5b4c, 0x6b8d,
		0x738d, 0x9c4f, 0xa42e, 0x93c8, 0x6286, 0x1084, 0x0848, 0x10aa, 0x1087,
		0x0864, 0x31a6, 0x83ed, 0x8baa, 0x72c6, 0x51c3, 0x20a2, 0x0801, 0x4a28,
		0x6b6b, 0x6b8d, 0x842f, 0x9491, 0xa4f2, 0xad33, 0xad13, 0xbd74, 0xacb2,
		0xb4f2, 0xc574, 0xbd74, 0xbd33, 0xc5b5, 0xbd94, 0x946f, 0xa4f1, 0xbd53,
		0xacb1, 0xa44f, 0xbcd1, 0xbc6f, 0xbb8b, 0xbb09, 0xd4af, 0x93cc, 0x4226,
		0x83cc, 0xa44e, 0xb48e, 0xb48e, 0xbcaf, 0xb46e, 0xac8e, 0xb48e, 0xac6d,
		0xa42d, 0xb4ae, 0xbcf0, 0xb4d0, 0xac8e, 0xb4d0, 0xacaf, 0xa44e, 0xa44e,
		0x9c4e, 0x9c4e, 0x9c4e, 0x940d, 0x93ed, 0x836b, 0x7309, 0x6ac9, 0x72ea,
		0x72ea, 0x6ac9, 0x6aea, 0x6aca, 0x6b0b, 0x732b, 0x6aeb, 0x62eb, 0x6b0b,
		0x6b0b, 0x6b2b, 0x6b0b, 0x734c, 0x736c, 0x736c, 0x83ce, 0x7bad, 0x7b8d,
		0x736d, 0x6b4c, 0x6b4c, 0x630b, 0x630b, 0x6b2b, 0x736c, 0x738d, 0x738d,
		0x0001, 0x0001, 0x0021, 0x0061, 0x00a2, 0x00e3, 0x0103, 0x0103, 0x0102,
		0x00e2, 0x00c1, 0x00c1, 0x00c1, 0x00e2, 0x0102, 0x0102, 0x08e1, 0x00c2,
		0x00a2, 0x00a2, 0x20c0, 0x59e3, 0x59a3, 0x72c8, 0x6b0b, 0x738e, 0x634c,
		0x6b8d, 0x73ae, 0x83ce, 0xa3ee, 0xa3ad, 0xa408, 0x6aa9, 0x1025, 0x0888,
		0x10a7, 0x10c7, 0x10a8, 0x20e7, 0x83ac, 0x8ba7, 0x72a3, 0x4963, 0x0802,
		0x0002, 0x4a29, 0x736b, 0x73ee, 0x8cd2, 0x9d13, 0x9cf2, 0xa4f2, 0xa4b2,
		0xbd54, 0xb4f3, 0xb4d2, 0xbd33, 0xc574, 0xc553, 0xbd53, 0xbd52, 0xa4d0,
		0xb531, 0xd533, 0xb3ee, 0x9b0b, 0xbc0e, 0xbb8c, 0xb287, 0xc2c8, 0xf511,
		0x932a, 0x5225, 0x8bec, 0xac4e, 0xb48e, 0xb4ae, 0xbccf, 0xac4d, 0xac4d,
		0xa40c, 0xa42d, 0xa44d, 0xb4af, 0xb4f0, 0xbcf0, 0xb4af, 0xb4d0, 0x9c2d,
		0x93ec, 0x93ed, 0x9c0d, 0x9c2e, 0x940d, 0x93cd, 0x8b8c, 0x730a, 0x6aa8,
		0x6288, 0x62a8, 0x6aa9, 0x6289, 0x6aa9, 0x6aea, 0x6b0b, 0x732b, 0x6b0b,
		0x6aeb, 0x6b0b, 0x6b0b, 0x6b2b, 0x62ea, 0x62ea, 0x734c, 0x736c, 0x7bce,
		0x7bce, 0x7bce, 0x7bce, 0x73ad, 0x738d, 0x6b4c, 0x6b2b, 0x6b2b, 0x6b4c,
		0x736c, 0x736c, 0x0801, 0x0001, 0x0021, 0x0062, 0x00c2, 0x00e2, 0x00e2,
		0x00e2, 0x0902, 0x08e2, 0x00c2, 0x00c1, 0x00c2, 0x0102, 0x0103, 0x0123,
		0x08e1, 0x00e2, 0x00a2, 0x0081, 0x2101, 0x5a24, 0x51a3, 0x7b0a, 0x7b4c,
		0x7bcf, 0x6b6d, 0x7bce, 0x7bae, 0x836d, 0x8289, 0x71a5, 0x8b45, 0x72a9,
		0x1045, 0x10c8, 0x10c7, 0x08a7, 0x10c9, 0x20a7, 0x834b, 0x9bc8, 0x7283,
		0x3902, 0x0002, 0x0003, 0x39c7, 0x7bcc, 0x840f, 0x9491, 0x94b2, 0x9cf2,
		0xa554, 0xa532, 0xad74, 0xa512, 0xad32, 0xb552, 0xbd32, 0xcd73, 0xd573,
		0xb40e, 0x8ac9, 0xb3cd, 0xbb6c, 0xa269, 0x91e7, 0xc34c, 0xcb4b, 0xca88,
		0xd2a8, 0xdbcc, 0x9b29, 0x6a87, 0x8b6a, 0xa40c, 0xb46d, 0xc50f, 0xbcce,
		0xc4f0, 0xb48e, 0xa40c, 0xa40c, 0xac6e, 0xb4af, 0xac8e, 0xac8f, 0xac8f,
		0x93ec, 0x7b09, 0x72e9, 0x7b09, 0x836b, 0x8bac, 0x836b, 0x836b, 0x7b2a,
		0x6aa8, 0x6288, 0x6288, 0x6288, 0x6288, 0x5a68, 0x6289, 0x6aca, 0x6aea,
		0x732b, 0x732b, 0x6b2b, 0x6b2b, 0x6b2b, 0x6b2b, 0x6b2b, 0x62ca, 0x6b0b,
		0x734c, 0x7bad, 0x83ce, 0x83ce, 0x83ef, 0x7bee, 0x7bce, 0x73ad, 0x736d,
		0x736c, 0x736c, 0x736c, 0x736c, 0x1022, 0x0800, 0x0000, 0x0062, 0x00c2,
		0x00c2, 0x00e1, 0x00e1, 0x08e2, 0x08e2, 0x00c1, 0x00c2, 0x00e2, 0x0103,
		0x0123, 0x0123, 0x0901, 0x00e2, 0x00a2, 0x0061, 0x2122, 0x5225, 0x49e4,
		0x732b, 0x732c, 0x7b6e, 0x630c, 0x73ae, 0x7bce, 0x8bae, 0x8268, 0x7944,
		0x7a64, 0x7ac9, 0x1863, 0x08a6, 0x08e7, 0x00a6, 0x10a7, 0x20c6, 0x8b4c,
		0x9b89, 0x7264, 0x3102, 0x0021, 0x0022, 0x2944, 0x7b8b, 0x8bcf, 0x9c71,
		0x9cb2, 0x9cf2, 0xa553, 0x9d32, 0xa5b3, 0xa552, 0x9d10, 0xbd72, 0xcd72,
		0xccb0, 0xab2a, 0x99e6, 0x9164, 0xa9c6, 0x99e6, 0xa1c6, 0xa1c7, 0xdb4c,
		0xdb2b, 0xda88, 0xda67, 0xc2a8, 0xcc2d, 0x8b29, 0x938a, 0xb44d, 0xc4ae,
		0xbcce, 0xac4c, 0xbcce, 0xb4af, 0xac4d, 0xac4e, 0xb4cf, 0xb4af, 0xac8f,
		0xa44e, 0x9c0d, 0x72e9, 0x6246, 0x6267, 0x6aa8, 0x7b2a, 0x836b, 0x7b4a,
		0x7b4b, 0x7b2a, 0x6a88, 0x6288, 0x6288, 0x6288, 0x6288, 0x6268, 0x6289,
		0x62a9, 0x62ca, 0x6b0b, 0x6b2b, 0x6b2b, 0x6b2b, 0x6b2b, 0x6b2b, 0x7bad,
		0x6b0b, 0x62ca, 0x6b2b, 0x738d, 0x83ee, 0x83ef, 0x840f, 0x83ef, 0x83ee,
		0x7bee, 0x7bce, 0x7bad, 0x738d, 0x736c, 0x736c, 0x2062, 0x1001, 0x0000,
		0x0061, 0x00c2, 0x00c1, 0x00e1, 0x0902, 0x0902, 0x00e2, 0x00c2, 0x00c2,
		0x00e2, 0x0103, 0x0123, 0x0123, 0x0901, 0x00c2, 0x0082, 0x0041, 0x2964,
		0x5246, 0x4a26, 0x6b0b, 0x6aec, 0x734d, 0x6b0c, 0x73ae, 0x7bcf, 0x93ae,
		0x9248, 0x8944, 0x8244, 0x8b09, 0x2083, 0x0044, 0x0907, 0x08e7, 0x10c5,
		0x3106, 0x934c, 0x8246, 0x7204, 0x3102, 0x0020, 0x0041, 0x2103, 0x7309,
		0x83ef, 0xa4d2, 0xad13, 0xa512, 0xad33, 0xad12, 0xbdb4, 0xb511, 0xac8f,
		0xd511, 0xbbed, 0xaaa8, 0xb268, 0xc268, 0xb9a5, 0xb985, 0xaa07, 0xb227,
		0xba07, 0xdb4b, 0xdae9, 0xda87, 0xe2a8, 0xdb29, 0xcc0c, 0x9308, 0xabcb,
		0xbc6d, 0xccce, 0xc4ee, 0xbcce, 0xb48d, 0xac4e, 0xac8e, 0xac8e, 0xb4d0,
		0xac8f, 0xac6f, 0x93ac, 0x7b09, 0x6a87, 0x6a67, 0x72c9, 0x7b4a, 0x8b8c,
		0x8bac, 0x836b, 0x7b2a, 0x7b4b, 0x6aa8, 0x6a88, 0x6aa9, 0x6288, 0x6288,
		0x6289, 0x6289, 0x62a9, 0x62a9, 0x62ea, 0x6b0b, 0x6b2b, 0x6b2b, 0x734c,
		0x736c, 0x8c0f, 0x7b8d, 0x62ca, 0x6b0b, 0x736d, 0x83ee, 0x840f, 0x842f,
		0x840f, 0x840f, 0x840f, 0x840f, 0x83ee, 0x7bcd, 0x738d, 0x738d, 0x3082,
		0x1821, 0x0800, 0x0041, 0x00a2, 0x00c1, 0x00e1, 0x0902, 0x0102, 0x00e3,
		0x00c2, 0x00c2, 0x00e2, 0x0103, 0x0123, 0x0103, 0x08e1, 0x00a1, 0x0082,
		0x0021, 0x39c6, 0x5287, 0x4a67, 0x52a9, 0x526a, 0x62ab, 0x62cb, 0x6b8d,
		0x7bce, 0x93ae, 0x9248, 0x9123, 0x79c1, 0x8ac9, 0x3906, 0x0865, 0x1147,
		0x0926, 0x0885, 0x3907, 0x930c, 0x6962, 0x7204, 0x30e2, 0x0020, 0x0021,
		0x2903, 0x7aca, 0x840e, 0x9490, 0xa4d1, 0xb4f2, 0xbcf2, 0xbc90, 0xcc70,
		0xb34c, 0xa248, 0xaa48, 0xaa06, 0xba27, 0xc227, 0xc206, 0xb9a5, 0xb1a4,
		0xb247, 0xba47, 0xba27, 0xdb2a, 0xd2e9, 0xdaa8, 0xe2a8, 0xe34a, 0xcbeb,
		0xabaa, 0xc46d, 0xc44d, 0xc48d, 0xbcce, 0xb48d, 0xa40b, 0xa42d, 0xb48f,
		0xb4af, 0xac8f, 0x9c0d, 0x8b6a, 0x72a8, 0x6246, 0x6aa8, 0x72c9, 0x7b2a,
		0x838c, 0x8bac, 0x8bcd, 0x8bac, 0x7b2a, 0x7b4b, 0x6a88, 0x6288, 0x6aa9,
		0x6288, 0x62a9, 0x6289, 0x6289, 0x62c9, 0x62ca, 0x6aea, 0x6b2b, 0x734c,
		0x734c, 0x7b8d, 0x83cd, 0x8c50, 0x8c0f, 0x62ca, 0x6b0b, 0x736c, 0x7bad,
		0x842f, 0x8c2f, 0x8c2f, 0x842f, 0x840f, 0x842f, 0x840f, 0x7bce, 0x7bad,
		0x7bad, 0x3040, 0x2020, 0x0821, 0x0041, 0x00a2, 0x00c2, 0x00e1, 0x0102,
		0x0103, 0x0103, 0x00e3, 0x00c2, 0x00c2, 0x0102, 0x0102, 0x00e2, 0x00e1,
		0x0081, 0x0042, 0x0021, 0x4207, 0x52a9, 0x4aa8, 0x4248, 0x526a, 0x5aab,
		0x5aaa, 0x6b6d, 0x7bef, 0x93ce, 0x9a48, 0x9923, 0x79a0, 0x92ca, 0x4948,
		0x0844, 0x08e5, 0x08e7, 0x1088, 0x518b, 0x9aec, 0x7141, 0x8244, 0x30c1,
		0x0021, 0x0001, 0x28e4, 0x8b0c, 0x942e, 0xa490, 0xb4b1, 0xbc70, 0xb36c,
		0x9a48, 0xb249, 0xa9c7, 0xa104, 0xc207, 0xca07, 0xca27, 0xca47, 0xc267,
		0xb1c4, 0xa183, 0xaa46, 0xba67, 0xba67, 0xdb4a, 0xd309, 0xd2a7, 0xd287,
		0xd329, 0xa286, 0xa369, 0xbc2c, 0xccae, 0xccce, 0xc4ce, 0xa3eb, 0xa3ca,
		0xa40d, 0xac6e, 0xb4d0, 0xac6e, 0x93cc, 0x6a87, 0x6246, 0x72a8, 0x7ae9,
		0x832a, 0x7b0a, 0x7b2a, 0x836b, 0x93cd, 0x9c2e, 0x8bad, 0x7b2a, 0x6267,
		0x6268, 0x6aa9, 0x62a8, 0x62a9, 0x6289, 0x6288, 0x62ca, 0x62ca, 0x6aea,
		0x734b, 0x736c, 0x7b6c, 0x7bad, 0x83ee, 0x9450, 0x9450, 0x62ea, 0x630b,
		0x6b4c, 0x736d, 0x840f, 0x8c2f, 0x8c50, 0x8c30, 0x8c2f, 0x8c2f, 0x840f,
		0x83ee, 0x7bcd, 0x7bad, 0x3840, 0x2800, 0x1862, 0x0041, 0x0061, 0x00a1,
		0x0902, 0x0902, 0x0103, 0x00e3, 0x00c3, 0x00a2, 0x00c2, 0x00e2, 0x00e2,
		0x00e1, 0x00c1, 0x0081, 0x0041, 0x0821, 0x4a48, 0x4aa9, 0x3a48, 0x4269,
		0x630c, 0x62eb, 0x62eb, 0x636d, 0x7bef, 0x93ae, 0x9227, 0x9943, 0x7921,
		0x8a68, 0x6209, 0x1043, 0x10c6, 0x08a8, 0x1028, 0x69ed, 0x9aaa, 0x7100,
		0x79e2, 0x4143, 0x0001, 0x0002, 0x38e6, 0x7a4a, 0x9b2a, 0xb3ad, 0xa30a,
		0xa288, 0xa227, 0xa1a6, 0xb1e7, 0xc1e7, 0xb165, 0xca07, 0xca27, 0xca27,
		0xca67, 0xc246, 0xb1e4, 0xa9a3, 0xaa26, 0xc288, 0xc267, 0xd309, 0xd308,
		0xd2a8, 0xd2a8, 0xcb09, 0x9a45, 0xb3ca, 0xbc0b, 0xcc8e, 0xc4ae, 0xb46d,
		0x9389, 0xac0c, 0xa44e, 0xb48f, 0xac6e, 0xac4e, 0x93cc, 0x7b09, 0x832a,
		0x8b8b, 0x8b6b, 0x834b, 0x832a, 0x7aea, 0x6aa8, 0x7b4b, 0x8b8c, 0x9c2e,
		0x8b8c, 0x5a47, 0x6aa8, 0x6a88, 0x6268, 0x6288, 0x62a9, 0x62a9, 0x6aca,
		0x6aea, 0x6b0b, 0x734c, 0x7b8d, 0x7b8c, 0x7b8d, 0x83ce, 0x8c50, 0x8c50,
		0x736c, 0x5aca, 0x6b2b, 0x736c, 0x7bad, 0x8c50, 0x8c2f, 0x842f, 0x8c2f,
		0x8c2f, 0x8c2f, 0x83ef, 0x7bce, 0x7bad, 0x4000, 0x3040, 0x1862, 0x0042,
		0x0082, 0x0081, 0x08e1, 0x00c0, 0x00e2, 0x0104, 0x0104, 0x00c2, 0x00a1,
		0x00a1, 0x00c1, 0x00c1, 0x00a1, 0x0081, 0x0021, 0x18c3, 0x52aa, 0x52a9,
		0x4269, 0x4aeb, 0x634d, 0x736d, 0x6b6c, 0x6bee, 0x73ef, 0x8bae, 0x8a07,
		0x9943, 0x8945, 0x81e4, 0x7265, 0x1881, 0x1086, 0x18aa, 0x1806, 0x8aac,
		0x9a68, 0x70c0, 0x7161, 0x51a4, 0x1062, 0x0002, 0x4106, 0x6966, 0x8943,
		0xa206, 0xa1e6, 0xa9e6, 0xb206, 0xa9a5, 0xb1e6, 0xb9e6, 0xb184, 0xc206,
		0xc247, 0xc247, 0xca67, 0xc246, 0xba05, 0xa9a3, 0xb226, 0xc247, 0xca67,
		0xdb29, 0xcac8, 0xca88, 0xdae9, 0xc2a7, 0x9a45, 0xbc0b, 0xc42c, 0xc44d,
		0xbc6d, 0xa40c, 0x9389, 0xac0b, 0xb48f, 0xb4af, 0x9c0d, 0x7ae9, 0x6a66,
		0x7ae8, 0x9bec, 0x9c0d, 0x93ac, 0x72a8, 0x7ae9, 0x832a, 0x6247, 0x59e5,
		0x7b2a, 0x834b, 0x8bac, 0x6aa8, 0x5a47, 0x6288, 0x5a47, 0x5a47, 0x6288,
		0x62a9, 0x6aea, 0x6aea, 0x6b0b, 0x732b, 0x736c, 0x736c, 0x7b8d, 0x83ee,
		0x8c2f, 0x9450, 0x7bad, 0x62eb, 0x6b2b, 0x736c, 0x7bad, 0x840f, 0x842f,
		0x840f, 0x840f, 0x8c2f, 0x8c30, 0x840f, 0x7bce, 0x7bae, 0x4800, 0x3840,
		0x1020, 0x0883, 0x08e3, 0x0060, 0x08c0, 0x1121, 0x0902, 0x00e3, 0x00a2,
		0x0081, 0x0081, 0x08c1, 0x10e1, 0x08e2, 0x0081, 0x0061, 0x0021, 0x3166,
		0x5aeb, 0x52ca, 0x42aa, 0x532c, 0x6b8e, 0x7bce, 0x6bad, 0x7c4f, 0x740f,
		0x93ee, 0x8a07, 0x9143, 0x8907, 0x7982, 0x82c3, 0x5204, 0x1023, 0x1004,
		0x4945, 0xab8b, 0x9205, 0x70c2, 0x68e2, 0x61e5, 0x20a1, 0x0800, 0x5965,
		0x6943, 0x9963, 0xb206, 0xb206, 0xb206, 0xba06, 0xb1e5, 0xba06, 0xc227,
		0xa984, 0xb9e6, 0xc247, 0xc247, 0xca67, 0xc267, 0xba25, 0xb1e4, 0xb1c6,
		0xc206, 0xd247, 0xdae9, 0xd2e9, 0xca88, 0xe32a, 0xb266, 0x9a44, 0xbbca,
		0xbc0b, 0xbc2d, 0xb42d, 0x9bcb, 0x9beb, 0xb46d, 0xb4af, 0xa42e, 0x6a66,
		0x4983, 0x7287, 0x8309, 0x834a, 0x93cc, 0x8b6a, 0x72c9, 0x72c9, 0x832a,
		0x72a8, 0x5a06, 0x834b, 0x8bac, 0x8bac, 0x6aa8, 0x49a4, 0x5a26, 0x6288,
		0x6ac9, 0x6ac9, 0x6aea, 0x62a9, 0x6aca, 0x6b0b, 0x736c, 0x7b8d, 0x7b8d,
		0x7b8d, 0x83ce, 0x840f, 0x8c30, 0x83ee, 0x6b4c, 0x6b2b, 0x736c, 0x7bcd,
		0x7bee, 0x840f, 0x840f, 0x842f, 0x8c2f, 0x8c50, 0x8c2f, 0x83ee, 0x7bce,
		0x4000, 0x3820, 0x1001, 0x1905, 0x29c6, 0x10e1, 0x1080, 0x10a0, 0x10e0,
		0x00c2, 0x00c2, 0x00c2, 0x08a1, 0x0880, 0x0080, 0x00a1, 0x0080, 0x0061,
		0x0020, 0x4208, 0x630b, 0x52ca, 0x4acb, 0x5b4d, 0x73ce, 0x7bce, 0x73ad,
		0x7c4f, 0x7c30, 0x940f, 0x9268, 0x9143, 0x9947, 0x70e0, 0x69e0, 0x8347,
		0x6267, 0x6247, 0x9348, 0xab67, 0x89c4, 0x78e3, 0x6082, 0x69c5, 0x4141,
		0x2880, 0x69c4, 0x7141, 0x99a4, 0xaa25, 0xa1e5, 0xa9c4, 0xb1c5, 0xb1a5,
		0xb9e5, 0xca47, 0xb164, 0xb9c5, 0xc247, 0xca47, 0xc267, 0xc267, 0xba26,
		0xb205, 0xb985, 0xd227, 0xd206, 0xd287, 0xdb0a, 0xca88, 0xdb0a, 0xb246,
		0xaac6, 0xbc0a, 0xc42c, 0xc46d, 0xa3cb, 0x93ab, 0x9beb, 0xac2c, 0xac6e,
		0x8329, 0x6225, 0x6a46, 0x7ae8, 0x8309, 0x8b4a, 0x93ab, 0x93ac, 0x72c8,
		0x72c8, 0x93cc, 0x7ae9, 0x7ae9, 0x9c0e, 0x9c0e, 0x8bcc, 0x7b2a, 0x6247,
		0x6288, 0x730a, 0x7b4b, 0x6ac9, 0x6288, 0x62a9, 0x6aea, 0x732b, 0x7b8d,
		0x7bce, 0x7bad, 0x7b8d, 0x7bce, 0x83ee, 0x8c0f, 0x840f, 0x738d, 0x6b4c,
		0x736c, 0x7bcd, 0x7bee, 0x840f, 0x840f, 0x840f, 0x8c2f, 0x8c30, 0x842f,
		0x83ef, 0x7bce, 0x4000, 0x3840, 0x1021, 0x18e4, 0x4268, 0x5286, 0x41a1,
		0x3960, 0x2100, 0x10e1, 0x0080, 0x0040, 0x0060, 0x0880, 0x08a1, 0x0081,
		0x0080, 0x0081, 0x0041, 0x4a69, 0x630b, 0x5aeb, 0x5b0c, 0x5b2c, 0x7bce,
		0x7bcd, 0x73cd, 0x740f, 0x7c0f, 0x93cf, 0x9288, 0x9963, 0x9964, 0x70e1,
		0x6141, 0x8306, 0x93c8, 0xa408, 0xaba7, 0xb347, 0x8983, 0x78e3, 0x5841,
		0x6144, 0x61e4, 0x59a2, 0x71a2, 0x7100, 0x99a3, 0xa205, 0xa205, 0xa9e5,
		0xb226, 0xb205, 0xba06, 0xc267, 0xa984, 0xb1a5, 0xc227, 0xca67, 0xca67,
		0xca67, 0xc206, 0xba06, 0xb9a6, 0xd227, 0xd206, 0xd287, 0xdb2a, 0xcaa8,
		0xd32b, 0xaa46, 0xab07, 0xbbea, 0xbc0b, 0xc44d, 0x9b8b, 0xa44d, 0xb48e,
		0xac2c, 0x93ab, 0x72a7, 0x6a66, 0x72a7, 0x72a7, 0x7ae8, 0x8b6a, 0x93cc,
		0x8329, 0x832a, 0x7ae9, 0x6a87, 0x59e5, 0x832a, 0xac6f, 0xac6f, 0x9c0d,
		0x8bcc, 0x834a, 0x5a26, 0x5a47, 0x6ac9, 0x6ac9, 0x6aca, 0x6b0b, 0x732b,
		0x734c, 0x7b8d, 0x7bad, 0x7b8d, 0x738d, 0x7bce, 0x83ef, 0x83ef, 0x83ef,
		0x7bce, 0x736c, 0x736c, 0x7bad, 0x7bee, 0x7bee, 0x840e, 0x840e, 0x840e,
		0x840f, 0x840f, 0x83ef, 0x7bee, 0x4840, 0x3861, 0x1001, 0x10e4, 0x4a88,
		0x7308, 0x72c4, 0x7ae5, 0x7306, 0x62e8, 0x39e6, 0x10a1, 0x0840, 0x1080,
		0x08a1, 0x0081, 0x0080, 0x0081, 0x0081, 0x4aaa, 0x5b0b, 0x630c, 0x630c,
		0x5b0c, 0x73ce, 0x7bcd, 0x7c0e, 0x7c0f, 0x73cf, 0x8b6e, 0x9268, 0x9984,
		0x9942, 0x8103, 0x6123, 0x82c6, 0x9bc6, 0xaba5, 0xbbc8, 0xb308, 0x8962,
		0x7902, 0x6060, 0x58c2, 0x69e5, 0x7224, 0x6920, 0x7921, 0xa1a4, 0xaa05,
		0xaa05, 0xaa05, 0xb226, 0xa9e5, 0xa9e5, 0xba27, 0xa9a4, 0xb1a5, 0xca47,
		0xca67, 0xca47, 0xd247, 0xca06, 0xca06, 0xc1e7, 0xc1e6, 0xd246, 0xdae9,
		0xd32a, 0xc2e9, 0xdbcd, 0xaaa7, 0xb369, 0xbc2a, 0xc46c, 0xbc2c, 0x9b8b,
		0xb48e, 0xb48e, 0x9baa, 0x8b49, 0x72a7, 0x7266, 0x72a7, 0x7ae8, 0x8b49,
		0x93ab, 0xa42e, 0x93ab, 0x8b4a, 0x51a4, 0x2840, 0x4983, 0x834a, 0xac8f,
		0xac8f, 0x9c4e, 0x9c2e, 0xa46e, 0x7b2a, 0x72e9, 0x7b4b, 0x7b4b, 0x7b4b,
		0x6b0a, 0x732b, 0x736c, 0x7b8d, 0x7bad, 0x7b8d, 0x7b8d, 0x83ce, 0x83ef,
		0x83ee, 0x83ee, 0x83ee, 0x738d, 0x736c, 0x73ad, 0x7bcd, 0x7bee, 0x7bee,
		0x840e, 0x7bee, 0x83ef, 0x840f, 0x840f, 0x840f, 0x4840, 0x3882, 0x0801,
		0x2125, 0x5288, 0x6a85, 0x7261, 0x82e3, 0x72c4, 0x7b49, 0x6b2a, 0x41e5,
		0x18a1, 0x0840, 0x0061, 0x0062, 0x00a1, 0x0081, 0x00c2, 0x4aca, 0x630b,
		0x630c, 0x632c, 0x630c, 0x7bce, 0x7bed, 0x840e, 0x8430, 0x7b8e, 0x8b6e,
		0x9248, 0x9184, 0xa164, 0x78e3, 0x58a2, 0x82a7, 0xb40a, 0xc40b, 0xcbcc,
		0x91e5, 0x8983, 0x7901, 0x6080, 0x5061, 0x6144, 0x79c5, 0x68c1, 0x9165,
		0xa9c5, 0xa9e6, 0xa9e6, 0xa9e5, 0xb206, 0xb206, 0xb206, 0xc288, 0xa9c5,
		0xb1a5, 0xc247, 0xca68, 0xca47, 0xca48, 0xca27, 0xca27, 0xba27, 0xb9c5,
		0xca66, 0xdb49, 0xd36a, 0xc32a, 0xd3cd, 0xaac8, 0xab68, 0xabc9, 0xc46c,
		0xb40c, 0xac2d, 0xac6e, 0xa40c, 0x9b69, 0x7ac7, 0x59e4, 0x7266, 0x8308,
		0x7aa7, 0x7ae8, 0x93ab, 0xa40d, 0xac6f, 0x7ac8, 0x51a4, 0x59c4, 0x59e5,
		0x6226, 0xa42e, 0xbcf1, 0xa46e, 0x9c2d, 0x9c4e, 0x838b, 0x6aa8, 0x6ae9,
		0x7b4b, 0x7b4b, 0x6aea, 0x732b, 0x7b8c, 0x83ce, 0x83ef, 0x7bce, 0x7bad,
		0x83ee, 0x83ef, 0x83ee, 0x83ee, 0x7bce, 0x7bad, 0x738d, 0x73ad, 0x73ad,
		0x7bee, 0x840e, 0x840e, 0x7bee, 0x83ee, 0x83ef, 0x840f, 0x840f, 0x4840,
		0x40c3, 0x0000, 0x2125, 0x5aa8, 0x72c5, 0x82a2, 0x8281, 0x82e4, 0x7307,
		0x6b08, 0x5267, 0x39a4, 0x18e2, 0x0082, 0x0062, 0x00a1, 0x0081, 0x0903,
		0x530b, 0x632c, 0x6b2c, 0x6b2d, 0x6b2d, 0x7bce, 0x83ed, 0x840e, 0x8c70,
		0x7baf, 0x93af, 0x9248, 0x9964, 0xa146, 0x78c2, 0x60e1, 0x6163, 0x92c9,
		0xab0b, 0x9a28, 0x8964, 0x91a4, 0x7901, 0x6080, 0x5040, 0x6124, 0x79a7,
		0x68a3, 0x9987, 0xa9c5, 0xb1c6, 0xa9c6, 0xa9c5, 0xb1e6, 0xb1c6, 0xb1c6,
		0xc268, 0xb1c5, 0xb1a5, 0xca48, 0xca68, 0xc227, 0xca68, 0xca47, 0xca48,
		0xb227, 0xba06, 0xc266, 0xd349, 0xcbab, 0xbb2a, 0xbb4a, 0xa2a7, 0xaba8,
		0xa3a8, 0xbc6b, 0xb40b, 0xbc8f, 0x93cb, 0x7ac7, 0x82a6, 0x6a46, 0x6a45,
		0x7286, 0x7ac8, 0x8b29, 0x8b6a, 0x8b6a, 0xa40d, 0x9bec, 0x7ae8, 0x5183,
		0x7ae9, 0x938b, 0x8b6b, 0xa42e, 0xac6f, 0x93cc, 0x8bcc, 0x93cc, 0x8bac,
		0x5a46, 0x5a26, 0x730a, 0x7b6c, 0x734c, 0x7b6c, 0x7b8d, 0x83ce, 0x83ee,
		0x7bae, 0x7bae, 0x83ef, 0x83ef, 0x83ef, 0x83ee, 0x7bce, 0x7bce, 0x7bcd,
		0x73ad, 0x738c, 0x7bcd, 0x7bee, 0x840e, 0x7bee, 0x7bce, 0x7bce, 0x83ef,
		0x83ef, 0x4861, 0x4082, 0x1000, 0x2924, 0x5aa8, 0x62a6, 0x72c5, 0x6ac5,
		0x6ae7, 0x7329, 0x72c8, 0x6204, 0x6181, 0x6a03, 0x49a3, 0x3963, 0x0080,
		0x0081, 0x31c6, 0x532c, 0x5b4c, 0x632c, 0x736d, 0x6b4c, 0x73ce, 0x7bef,
		0x83cf, 0x8c30, 0x73cd, 0x940e, 0x89e6, 0xa145, 0x89c5, 0x6922, 0x6121,
		0x7142, 0x99a4, 0xa1c4, 0x9183, 0x99c5, 0x9985, 0x88c3, 0x7841, 0x6000,
		0x6081, 0x60e2, 0x6902, 0x81a5, 0xa165, 0xa9a5, 0xa184, 0xb1c5, 0xc226,
		0xba25, 0xb204, 0xbaa6, 0xb204, 0xa9a3, 0xc247, 0xd248, 0xda29, 0xda2a,
		0xd22a, 0xca2a, 0xc247, 0xc1a5, 0xe247, 0xda87, 0xe3cb, 0xbb49, 0xaae8,
		0xaae7, 0xbb69, 0xab48, 0xbc6b, 0xa42c, 0xa42d, 0x8288, 0x71c5, 0x71c5,
		0x6a25, 0x6a45, 0x7ac8, 0x7ae9, 0x8b6b, 0x93ee, 0x9c6f, 0x9c4f, 0x8bac,
		0x72a8, 0x5a06, 0x8b6a, 0xac6e, 0xa42d, 0xac2d, 0xb46e, 0x9bec, 0x9beb,
		0x9beb, 0x9bcb, 0x7ac7, 0x6a66, 0x7b2a, 0x83ac, 0x7b8d, 0x738d, 0x73ae,
		0x7bee, 0x840f, 0x7bee, 0x83ed, 0x840e, 0x7bee, 0x840f, 0x83ee, 0x7bad,
		0x7bad, 0x7bce, 0x7bce, 0x738d, 0x7bad, 0x83ee, 0x842f, 0x840e, 0x7bee,
		0x7bce, 0x7bce, 0x7bad, 0x4861, 0x3062, 0x0800, 0x2925, 0x5aa8, 0x62a6,
		0x6ac6, 0x6ac6, 0x6ae8, 0x734a, 0x7b09, 0x6a03, 0x6161, 0x69e3, 0x6246,
		0x62c9, 0x3a88, 0x3a48, 0x52ca, 0x5b4c, 0x5b2c, 0x632c, 0x7b8d, 0x6b6c,
		0x6b8d, 0x7c0f, 0x8410, 0x8c50, 0x7bee, 0x9c4f, 0x8206, 0xa165, 0xa186,
		0x8103, 0x6060, 0x7901, 0xa1a4, 0xa9c5, 0xa1e5, 0x91c5, 0x8984, 0x80e3,
		0x70a1, 0x5840, 0x5060, 0x58a1, 0x6902, 0x89a5, 0x9184, 0xa1e5, 0xa1c5,
		0xb206, 0xc247, 0xc226, 0xb1e5, 0xc267, 0xb9c5, 0xb9a5, 0xd268, 0xd248,
		0xd228, 0xca28, 0xc288, 0xba88, 0xca27, 0xca27, 0xd247, 0xd2a8, 0xdb4a,
		0xbb09, 0xb2e8, 0xbb69, 0xc3aa, 0xa326, 0xa3a9, 0xa42b, 0x93ab, 0x7a88,
		0x7a87, 0x7a46, 0x7266, 0x7266, 0x7ac8, 0x8b8c, 0x93cd, 0xa470, 0x5a27,
		0x3103, 0x5a27, 0x6247, 0x7ae9, 0x93ac, 0xb48f, 0x9bec, 0xa40d, 0x9bec,
		0x9bec, 0x93ab, 0x9beb, 0x9beb, 0x938a, 0x7ae8, 0x7b2a, 0x8bcd, 0x83cd,
		0x7bae, 0x7bce, 0x7bef, 0x7bee, 0x7bcd, 0x7bad, 0x7bad, 0x7bee, 0x840f,
		0x840f, 0x7bee, 0x7bce, 0x83ee, 0x83ee, 0x7bad, 0x7bad, 0x83ee, 0x840f,
		0x840f, 0x83ee, 0x7bee, 0x7bce, 0x7bce, 0x3882, 0x2862, 0x0801, 0x3186,
		0x5aa9, 0x6b09, 0x7328, 0x734a, 0x6b2a, 0x732a, 0x7ae8, 0x69e3, 0x6981,
		0x61a2, 0x6246, 0x6aea, 0x636c, 0x636c, 0x6b6d, 0x5b4c, 0x5b2c, 0x6b6d,
		0x7bae, 0x6b6c, 0x634c, 0x8430, 0x8c50, 0x8c50, 0x7bcd, 0x9c2e, 0x81c5,
		0xa144, 0x98e5, 0x88e3, 0x7060, 0x78c2, 0xa184, 0xa9a5, 0xa1c5, 0x99c5,
		0x89a5, 0x7903, 0x60a1, 0x58a1, 0x50a0, 0x60e2, 0x8123, 0x9144, 0x89a3,
		0x9a05, 0xa205, 0xb227, 0xba27, 0xba07, 0xb9c6, 0xca28, 0xb9c6, 0xb9a5,
		0xd288, 0xd288, 0xcaa7, 0xcac7, 0xbaa7, 0xb265, 0xc207, 0xba06, 0xd2e9,
		0xcaa7, 0xe38b, 0xd34b, 0xc34a, 0xbbcb, 0xb3c9, 0xa388, 0x9b68, 0xa40b,
		0x9bcb, 0x72c7, 0x72a7, 0x7ac7, 0x7286, 0x7287, 0x8309, 0xa42e, 0xb4f2,
		0x6aca, 0x1000, 0x2080, 0x1000, 0x51e5, 0x7b0a, 0x8b6b, 0xac8f, 0xac6e,
		0xa42e, 0x9c0d, 0x93cb, 0x8b8a, 0x9bcb, 0x9bec, 0x9bec, 0x8b8a, 0x8b8b,
		0x8bcd, 0x83ad, 0x7bad, 0x7bce, 0x83ef, 0x7bee, 0x7bcd, 0x7bad, 0x7bcd,
		0x7bce, 0x840f, 0x842f, 0x840f, 0x840e, 0x840e, 0x840e, 0x83ee, 0x7bcd,
		0x7bee, 0x840e, 0x840f, 0x83ee, 0x83ee, 0x7bce, 0x7bce, 0x2041, 0x1841,
		0x0821, 0x39a7, 0x5a89, 0x6b2b, 0x734b, 0x738c, 0x736c, 0x7b6c, 0x7ac8,
		0x71c2, 0x79c1, 0x69c2, 0x6247, 0x62ca, 0x632b, 0x6b6c, 0x6b4d, 0x632c,
		0x632c, 0x738e, 0x7bae, 0x6b6c, 0x636c, 0x8450, 0x8c51, 0x8c30, 0x7bad,
		0x93ed, 0x81c5, 0xa185, 0x9186, 0x68a2, 0x6881, 0x78e2, 0x9124, 0xa185,
		0xa185, 0x99c6, 0x91c6, 0x70e2, 0x6081, 0x6080, 0x5880, 0x70e2, 0x8944,
		0x9924, 0x9983, 0xa1e5, 0xa9e5, 0xba07, 0xb9e7, 0xb9c6, 0xb1c6, 0xc248,
		0xb207, 0xa9e6, 0xc2a8, 0xc2a7, 0xc286, 0xc2a6, 0xcaa6, 0xc285, 0xc289,
		0xb227, 0xbae8, 0xcb29, 0xe3ac, 0xcb0a, 0xcb8b, 0xb3cb, 0xabea, 0xa3c9,
		0x9b48, 0x9348, 0x8328, 0x6265, 0x6a86, 0x7b28, 0x82e8, 0x7287, 0x8b6b,
		0x93cd, 0x8bac, 0x20a1, 0x0800, 0x1020, 0x1020, 0x5a47, 0x72e9, 0x838c,
		0xb4f1, 0xacb0, 0x834b, 0x8bac, 0x8b8b, 0x8b8a, 0x93ab, 0xa42c, 0x9beb,
		0x93ab, 0x93cc, 0x8bac, 0x838c, 0x7bad, 0x7bce, 0x840f, 0x840f, 0x83ee,
		0x83ee, 0x83ee, 0x83ee, 0x840f, 0x8c2f, 0x8c2f, 0x840f, 0x840f, 0x840f,
		0x840f, 0x83ee, 0x7bce, 0x7bee, 0x83ee, 0x840e, 0x83ee, 0x7bee, 0x7bce,
		0x1000, 0x0800, 0x1083, 0x4209, 0x528a, 0x6b2c, 0x6b4c, 0x6b6d, 0x6b4d,
		0x7b6c, 0x7aa7, 0x71a1, 0x79a0, 0x71c2, 0x7288, 0x734c, 0x736c, 0x736d,
		0x6b4d, 0x630c, 0x634c, 0x738d, 0x7bad, 0x738d, 0x6bad, 0x842f, 0x8c50,
		0x8c30, 0x83cd, 0x93cd, 0x81e5, 0xa9e6, 0xa3ce, 0x5924, 0x5081, 0x7903,
		0x9144, 0xa986, 0xa9c6, 0x99c6, 0x91c6, 0x78e3, 0x7082, 0x6861, 0x6020,
		0x70c2, 0x9164, 0x9164, 0x9964, 0xa9c5, 0xb1c6, 0xc207, 0xb9e6, 0xb1e6,
		0xaa06, 0xba88, 0xaa46, 0xa1e4, 0xc287, 0xcaa8, 0xcaa7, 0xca87, 0xca46,
		0xca45, 0xa288, 0xaae9, 0xab09, 0xe46e, 0xdbcd, 0xc32b, 0xc3cc, 0xa38a,
		0xa40a, 0x8b27, 0x9b28, 0x8ac7, 0x7246, 0x6225, 0x72a6, 0x7b07, 0x8b29,
		0x8b2a, 0x832a, 0x7b0a, 0x5a06, 0x1840, 0x1000, 0x28c1, 0x3123, 0x5227,
		0x6268, 0x83ac, 0xb4f1, 0x93cd, 0x4164, 0x49c5, 0x6a87, 0x8bab, 0x8b6a,
		0xa44d, 0xa42c, 0x93ab, 0x8b8b, 0x8bac, 0x83ac, 0x83cd, 0x840e, 0x8c2f,
		0x842f, 0x840f, 0x840e, 0x83ee, 0x840e, 0x840f, 0x8c2f, 0x8c2f, 0x842f,
		0x840f, 0x840f, 0x842f, 0x840f, 0x83ee, 0x7bce, 0x7bee, 0x840e, 0x840e,
		0x83ee, 0x7bce, 0x0800, 0x0000, 0x18e4, 0x4a6a, 0x5aab, 0x6b4d, 0x6b6e,
		0x6b6e, 0x632c, 0x7b4b, 0x7a65, 0x7180, 0x7980, 0x71a1, 0x7267, 0x732c,
		0x7b8d, 0x736d, 0x6b4d, 0x632c, 0x632c, 0x736d, 0x7bad, 0x7bcd, 0x73cd,
		0x7c0f, 0x8c50, 0x8c30, 0x8bce, 0x936c, 0x81a5, 0xa9c6, 0x942f, 0x72a9,
		0x50e3, 0x68c3, 0x9966, 0xa9a6, 0xa1c6, 0x89a5, 0x81a5, 0x6903, 0x6861,
		0x6841, 0x6061, 0x7102, 0x81a4, 0x7943, 0x9163, 0xa1a5, 0xb1e6, 0xba27,
		0xb206, 0xaa05, 0xaa05, 0xb267, 0xaa05, 0xa984, 0xd248, 0xda88, 0xd268,
		0xc268, 0xc288, 0xc2a9, 0xa38b, 0xbc2d, 0xecf0, 0xec8f, 0xd3cd, 0xd40e,
		0xbbed, 0x9baa, 0x9ba9, 0x82c6, 0x8aa7, 0x8246, 0x7a67, 0x7266, 0x72a6,
		0x7ae6, 0x82e8, 0x938b, 0x8b6b, 0x8b8c, 0x836c, 0x49a5, 0x0800, 0x28e2,
		0x5a47, 0x6268, 0x72ea, 0x83ac, 0xacb1, 0x83ac, 0x3122, 0x2060, 0x28a0,
		0x8b8b, 0x8bab, 0x93eb, 0xac6d, 0xa42d, 0x8bab, 0x8bab, 0x8bcc, 0x8c0e,
		0x8c4f, 0x9470, 0x8c70, 0x8c50, 0x8c2f, 0x840e, 0x842f, 0x8c2f, 0x8c2f,
		0x8c2f, 0x842f, 0x840f, 0x840f, 0x840f, 0x842f, 0x840e, 0x7bce, 0x7bce,
		0x83ee, 0x840e, 0x83ee, 0x83ee, 0x20e1, 0x0000, 0x2103, 0x4a6a, 0x5aab,
		0x630d, 0x6b2e, 0x6b4e, 0x734d, 0x832b, 0x7224, 0x79a0, 0x81c0, 0x79c2,
		0x7246, 0x730b, 0x734c, 0x734c, 0x6b2c, 0x6b2c, 0x632c, 0x736d, 0x7bce,
		0x7bee, 0x73ee, 0x7c0e, 0x8c71, 0x8c0f, 0x8b8d, 0x8aea, 0x8184, 0x9984,
		0x5a48, 0x7aca, 0x7186, 0x70e3, 0x8985, 0x91a6, 0x9207, 0x9288, 0x8288,
		0x69a5, 0x58a1, 0x5841, 0x6081, 0x6903, 0x7184, 0x6902, 0x81a3, 0x99e5,
		0xb206, 0xba47, 0xb206, 0xaa05, 0xb205, 0xba47, 0xba06, 0xb9c6, 0xda69,
		0xd249, 0xc249, 0xbaea, 0xcbee, 0xdcb1, 0xcd92, 0xdd31, 0xfd93, 0xcb0a,
		0xc36b, 0xc40e, 0xa3ec, 0x9bcb, 0x9b8a, 0x8ac7, 0x7205, 0x69e5, 0x7a67,
		0x7a67, 0x7a86, 0x8307, 0x938b, 0x8b4a, 0x938b, 0x93ac, 0x9c2e, 0x942e,
		0x7b4b, 0x6aa9, 0x730a, 0x7b4b, 0x7b2a, 0x732a, 0x9c4f, 0x838c, 0x28c1,
		0x0800, 0x1000, 0x7b2a, 0xa44e, 0x93ab, 0xac6d, 0xac8e, 0x93cb, 0x8bab,
		0x8bcc, 0x8c0e, 0x9470, 0x9490, 0x9491, 0x9490, 0x8c70, 0x8c4f, 0x8c2f,
		0x8c4f, 0x8c2f, 0x8c2f, 0x8c2f, 0x8c2f, 0x840f, 0x83ee, 0x840f, 0x840f,
		0x83ee, 0x7bce, 0x7bce, 0x83ee, 0x83ee, 0x83ee, 0x5224, 0x18a0, 0x2964,
		0x528a, 0x5acc, 0x630d, 0x6b2d, 0x732d, 0x730b, 0x8309, 0x69c2, 0x71a0,
		0x79a0, 0x71c1, 0x7245, 0x834b, 0x736d, 0x734c, 0x6b4d, 0x632c, 0x630c,
		0x6b6d, 0x7bee, 0x840e, 0x7bee, 0x7bee, 0x9491, 0x8bef, 0x936d, 0x92a9,
		0x8984, 0x9984, 0x5145, 0x6185, 0x8a69, 0x8a68, 0x79e6, 0x8a67, 0xa34b,
		0xb44e, 0xa42e, 0x832a, 0x6185, 0x58c2, 0x5081, 0x60e3, 0x8185, 0x8145,
		0x89e4, 0xa205, 0xba06, 0xca48, 0xba07, 0xb206, 0xb207, 0xb288, 0xb2a9,
		0x9a07, 0xb269, 0xbaca, 0xc3ce, 0xd4f1, 0xdd73, 0xdd73, 0xcd92, 0xdcd0,
		0xdb4b, 0xca68, 0xdbcd, 0xabab, 0x93cb, 0x93ec, 0x9bcb, 0x82e8, 0x7245,
		0x7ac9, 0x7288, 0x7288, 0x7ac8, 0x7ac7, 0x82e8, 0x938b, 0x938b, 0x9bed,
		0x93cc, 0x93cd, 0x93ed, 0x7b2a, 0x7b4b, 0x8bcd, 0x72c9, 0x7309, 0xa490,
		0x8bcd, 0x1820, 0x1840, 0x28c0, 0x6ac8, 0xacaf, 0xa42d, 0xac6e, 0xa42d,
		0x93cb, 0x8bab, 0x8bac, 0x8c0e, 0x946f, 0x9490, 0x9491, 0x9490, 0x8c70,
		0x8c2f, 0x8c4f, 0x8c50, 0x8c4f, 0x8c2f, 0x8c2f, 0x8c50, 0x8c2f, 0x83ee,
		0x83ee, 0x840f, 0x840f, 0x83ee, 0x7bce, 0x83ee, 0x840e, 0x83ee, 0x5202,
		0x3941, 0x39c4, 0x52a9, 0x5aec, 0x632d, 0x6b2d, 0x732c, 0x832a, 0x7266,
		0x71e2, 0x71a0, 0x79a0, 0x79e2, 0x7245, 0x8b2a, 0x736d, 0x6b4c, 0x6b6d,
		0x632c, 0x632c, 0x6b8d, 0x7bee, 0x842e, 0x842e, 0x840f, 0x9491, 0x8bce,
		0xa38e, 0x9228, 0x9185, 0xa1a5, 0x6144, 0x6945, 0x92a9, 0xa3cc, 0xa44d,
		0xac6e, 0xbc8f, 0xbc6f, 0xa40d, 0x7b0a, 0x7aa9, 0x69c6, 0x50a2, 0x6924,
		0x8986, 0x8905, 0x99c4, 0xba26, 0xca07, 0xc1e7, 0xa9c6, 0xaa48, 0xb2ca,
		0xb36d, 0xccd1, 0xbc90, 0xbc90, 0xd553, 0xd5b4, 0xd5b4, 0xdd73, 0xcc70,
		0xdd72, 0xc36b, 0xd268, 0xda68, 0xdb8c, 0xb3cc, 0xacaf, 0x9c6e, 0x93cb,
		0x8b6a, 0x7b09, 0x8b6b, 0x72a9, 0x7ae9, 0x72c8, 0x6aa6, 0x7aa7, 0x8b29,
		0x8b29, 0x93ac, 0x93cc, 0x836b, 0x8bac, 0x72e9, 0x8bac, 0x940d, 0x6a87,
		0x7b4a, 0xa46f, 0xa46f, 0x28c1, 0x1860, 0x3943, 0x836b, 0xa48f, 0xa44d,
		0xac6d, 0xa44d, 0x93cb, 0x8b8a, 0x8bcc, 0x940e, 0x9470, 0x9cb1, 0x9490,
		0x8c50, 0x8c50, 0x8c50, 0x8c50, 0x8c50, 0x8c50, 0x8c2f, 0x8c50, 0x8c70,
		0x8c50, 0x840f, 0x83ee, 0x7bad, 0x83ee, 0x8c4f, 0x840f, 0x7bce, 0x83ee,
		0x840e, 0x59e1, 0x4161, 0x41e5, 0x52aa, 0x5aec, 0x630c, 0x6b0c, 0x7b0b,
		0x8309, 0x7a44, 0x79e2, 0x71a0, 0x79a0, 0x71e2, 0x7224, 0x8b09, 0x738d,
		0x6b6c, 0x6b6d, 0x634c, 0x632c, 0x738d, 0x7bee, 0x842f, 0x840e, 0x7bee,
		0x9471, 0x93cf, 0xab8e, 0x9a28, 0x9185, 0x9984, 0x60e3, 0x6924, 0x8a47,
		0xa3cc, 0xac8e, 0xac4e, 0x9b0a, 0x9aa9, 0x9b0b, 0x82ea, 0x7a69, 0x7a69,
		0x61a6, 0x5944, 0x7145, 0x78e5, 0x99c5, 0xb206, 0xb1c6, 0xbaca, 0xb38c,
		0xabcd, 0xccd2, 0xd534, 0xc533, 0xb4d1, 0xd594, 0xcd53, 0xcd93, 0xbccf,
		0xb3ac, 0xbaca, 0xe532, 0xd36c, 0xdaa9, 0xda69, 0xe36c, 0xcc2e, 0xa46e,
		0x8c4e, 0x83cc, 0x83ab, 0x7b4b, 0x7b4c, 0x6aca, 0x6288, 0x72e9, 0x72a7,
		0x7a86, 0x7a87, 0x8308, 0x8b4a, 0x834a, 0x8b8b, 0x8b8b, 0x72e8, 0x9c0d,
		0x8bab, 0x7ae8, 0x836a, 0xa46e, 0xb511, 0x7b2a, 0x28a0, 0x51e5, 0x838b,
		0xac8f, 0xac8e, 0xac8e, 0xa40c, 0x8b8a, 0x836a, 0x8bcc, 0x942e, 0x9cb0,
		0x9cd1, 0x9cb1, 0x9490, 0x8c70, 0x9470, 0x8c50, 0x8c50, 0x8c2f, 0x8c2f,
		0x8c50, 0x9470, 0x8c50, 0x8c2f, 0x840f, 0x83ee, 0x83ee, 0x840f, 0x8c0f,
		0x83ce, 0x83ce, 0x83ee, 0x51c1, 0x4161, 0x49e5, 0x52a9, 0x5aeb, 0x630c,
		0x6b0b, 0x7b2a, 0x82e8, 0x7a23, 0x79c1, 0x79a0, 0x79c1, 0x71c2, 0x7203,
		0x8ae7, 0x738d, 0x6b6c, 0x6b6d, 0x634c, 0x632c, 0x73ad, 0x7c0e, 0x842f,
		0x840e, 0x7bee, 0x9471, 0x93ce, 0xa32c, 0x89a6, 0x9164, 0x91a4, 0x68c3,
		0x7904, 0x7924, 0x92a8, 0xa3cb, 0xab6b, 0x89a5, 0x8945, 0x9a69, 0x7a48,
		0x5124, 0x7249, 0x7aeb, 0x62a9, 0x6a68, 0x69e7, 0x79a5, 0x9a69, 0xb36c,
		0xbcd0, 0xb592, 0xad31, 0xcd73, 0xdd13, 0xd491, 0xbb8d, 0xcc0f, 0xc3ee,
		0xe532, 0xb38b, 0xb2a9, 0xca69, 0xf532, 0xc2ea, 0xca89, 0xdaa9, 0xe38d,
		0xb34b, 0x93ed, 0x842d, 0x7bec, 0x8c0e, 0x8bcd, 0x7b2c, 0x5a48, 0x3123,
		0x6247, 0x7ae8, 0x8b29, 0x82e8, 0x82e8, 0x82e8, 0x8b4a, 0x8b6a, 0x72a7,
		0x8329, 0x93ab, 0x8329, 0x72a6, 0x8b6a, 0xacaf, 0xa46e, 0xacaf, 0x9c0d,
		0x93cc, 0x9c2e, 0xa42d, 0xa42d, 0xac4d, 0x9bec, 0x8b8a, 0x838a, 0x8bcc,
		0x944e, 0x9cb1, 0x9cf2, 0x9cd2, 0x94b1, 0x9490, 0x9470, 0x8c70, 0x8c4f,
		0x8c2f, 0x8c4f, 0x9470, 0x9470, 0x9470, 0x8c4f, 0x8c2f, 0x8c2f, 0x83ee,
		0x83ee, 0x8c2f, 0x840e, 0x7bad, 0x83ce, 0x51c2, 0x4182, 0x4a05, 0x5289,
		0x52eb, 0x5b2c, 0x6b2b, 0x7b2a, 0x82e7, 0x7a03, 0x79c1, 0x79a0, 0x79c1,
		0x71c2, 0x7203, 0x8ae7, 0x738d, 0x636c, 0x636d, 0x632c, 0x6b2c, 0x73ae,
		0x7bee, 0x842f, 0x83ee, 0x83ef, 0x9491, 0x93ae, 0x9acb, 0x8986, 0x91a5,
		0x89e4, 0x60c2, 0x8124, 0x80c3, 0x8985, 0xab09, 0xaac9, 0x9965, 0x9966,
		0xb2eb, 0x7a07, 0x4040, 0x61a6, 0x7aeb, 0x7b8c, 0x7b8c, 0x7b4b, 0x93ae,
		0xb430, 0xd554, 0xb552, 0x9d10, 0xb531, 0xb3ed, 0xcb6c, 0xc2aa, 0xa9e7,
		0xb207, 0xbac9, 0xf532, 0xb34b, 0xc2ca, 0xeaab, 0xe4f1, 0xc36b, 0xbaa8,
		0xcac9, 0xdbad, 0x9a88, 0x6aa8, 0x634a, 0x6bcc, 0x83ed, 0x9c0f, 0x9bcf,
		0x836d, 0x49a5, 0x6227, 0x82a8, 0x934a, 0x8b29, 0x8b29, 0x82e8, 0x8b49,
		0x938a, 0x7ae8, 0x9bcb, 0x938a, 0xa40b, 0x8308, 0x93aa, 0xb4af, 0xac6e,
		0xa44e, 0xac6f, 0xacb0, 0xac8f, 0xa44d, 0xac6e, 0xb48e, 0xa42c, 0x8b8a,
		0x836a, 0x8bcc, 0x942e, 0x9cb1, 0xa4f2, 0x9cf2, 0x9cb1, 0x9490, 0x9470,
		0x9470, 0x8c4f, 0x8c2f, 0x8c70, 0x9490, 0x9470, 0x9470, 0x9470, 0x8c4f,
		0x8c4f, 0x8c0f, 0x8c0e, 0x8c2f, 0x8c2f, 0x83ce, 0x7bad, 0x5205, 0x49e5,
		0x5247, 0x5289, 0x5aeb, 0x5b2c, 0x632b, 0x732a, 0x82e8, 0x7a03, 0x79a1,
		0x79a1, 0x79c2, 0x71c2, 0x6a03, 0x82e8, 0x738d, 0x636c, 0x636d, 0x632c,
		0x6b2c, 0x738d, 0x7bee, 0x840e, 0x83ee, 0x840f, 0x9491, 0x8b8e, 0x9acb,
		0x8986, 0x89a5, 0x7983, 0x48a1, 0x7924, 0x9124, 0x9165, 0xbb4b, 0xaaa9,
		0xa186, 0x9965, 0xb30b, 0x79e7, 0x5082, 0x7166, 0x69a6, 0x7aea, 0x838c,
		0x9c0e, 0xa492, 0xc4d3, 0xccb2, 0xabee, 0x936b, 0xd4b0, 0xb288, 0xba07,
		0xca89, 0xc268, 0xba47, 0xbac9, 0xed52, 0xb38b, 0xba8a, 0xe24a, 0xe573,
		0xa34a, 0xb32a, 0xdbed, 0xd3cd, 0x9aca, 0x5a67, 0x4aa8, 0x4267, 0x5268,
		0x6a69, 0x6229, 0x5208, 0x4185, 0x7247, 0xa36b, 0x9b8a, 0x9bab, 0xa3ec,
		0x9bab, 0x8308, 0x93ab, 0x938a, 0x8b49, 0x938a, 0x9beb, 0x8b49, 0x9bcb,
		0xac6d, 0xb4cf, 0xac6e, 0xa42d, 0xa46e, 0xac6e, 0xb48e, 0xb4cf, 0xb4ae,
		0xa42c, 0x93cb, 0x838b, 0x83cc, 0x8c2e, 0x9cb1, 0x9cf2, 0x9cf2, 0x9cd1,
		0x9490, 0x9470, 0x9490, 0x8c4f, 0x8c4f, 0x9470, 0x9490, 0x9470, 0x8c50,
		0x9470, 0x9470, 0x8c4f, 0x944f, 0x8c4f, 0x8c2f, 0x8c2f, 0x8c0f, 0x83cd,
		0x4a08, 0x4a08, 0x5269, 0x5289, 0x52ea, 0x5b4c, 0x634c, 0x734b, 0x832a,
		0x7224, 0x79a1, 0x7981, 0x79c1, 0x71c2, 0x6a04, 0x8309, 0x736d, 0x6b4c,
		0x634d, 0x632c, 0x6b0c, 0x738d, 0x7bce, 0x840e, 0x83ce, 0x842f, 0x8c91,
		0x836d, 0x928b, 0x8986, 0x9206, 0x8265, 0x4963, 0x6944, 0x9165, 0x91a5,
		0xc3ac, 0xa288, 0x99a6, 0x8944, 0xa30b, 0x69c5, 0x58c3, 0x7946, 0x60c3,
		0x7a07, 0x7a68, 0x92ca, 0x940f, 0xc471, 0xaa8b, 0x9a29, 0x9207, 0xe40f,
		0xd2a9, 0xca47, 0xcac8, 0xb246, 0xb287, 0xaac8, 0xed72, 0xbc0c, 0xb2a9,
		0xe2cb, 0xcd73, 0xabed, 0xf532, 0xec90, 0xbb6c, 0x7a48, 0x5a88, 0x5b2a,
		0x5aea, 0x62ca, 0x6269, 0x5a28, 0x62aa, 0x6ac9, 0x7aa8, 0x8287, 0x7266,
		0x8309, 0x936a, 0x9bab, 0x8b49, 0x93ab, 0x938a, 0x8b69, 0xb48d, 0x9bea,
		0x9baa, 0xa3eb, 0xac2c, 0xa42d, 0xa44d, 0xb4af, 0xac8e, 0xac6e, 0xb48e,
		0xb48e, 0xac4d, 0xa44d, 0x9c2d, 0x8bec, 0x83cc, 0x8c2f, 0x94b1, 0x9cd2,
		0x9cf2, 0x9cd1, 0x9cb1, 0x9490, 0x9490, 0x9470, 0x9470, 0x9490, 0x9490,
		0x9470, 0x8c4f, 0x8c50, 0x9470, 0x8c4f, 0x9470, 0x9450, 0x8c0e, 0x8c0f,
		0x944f, 0x8c0e, 0x420a, 0x4a2a, 0x526a, 0x4a89, 0x52ea, 0x5b4c, 0x5b6d,
		0x6b8d, 0x836b, 0x7225, 0x79a1, 0x7980, 0x79a1, 0x71c3, 0x6a05, 0x830a,
		0x734d, 0x634c, 0x6b6d, 0x6b2d, 0x6b0c, 0x738d, 0x7bee, 0x8c2f, 0x7bad,
		0x8c30, 0x8c71, 0x7b4d, 0x928b, 0x89a6, 0xaae9, 0xb40c, 0x6a87, 0x6944,
		0x9165, 0x9a27, 0xc3ed, 0x9247, 0x99c6, 0x8985, 0xa34b, 0x61c5, 0x48c2,
		0x7165, 0x5882, 0x71c6, 0x7164, 0x7124, 0x8309, 0xd470, 0xb228, 0xb269,
		0xa247, 0xe44f, 0xcaea, 0xba27, 0xc2e9, 0xa9e5, 0xba47, 0xbaa8, 0xf551,
		0xabab, 0xa2c8, 0xd32b, 0xc5f5, 0xdd53, 0xecb1, 0xcb2b, 0xcc2f, 0x8b6c,
		0x5288, 0x4a68, 0x5248, 0x6a89, 0x6acb, 0x62eb, 0x6b6c, 0x734b, 0x8b6a,
		0x8b08, 0x8b2a, 0x9bac, 0x9bab, 0xa40d, 0xa40d, 0x9bcb, 0x8328, 0xa40b,
		0xac4c, 0xa3eb, 0x9bca, 0x9bca, 0xac2c, 0xac4d, 0xac6e, 0xac8e, 0xac6e,
		0xac4d, 0xac6d, 0xac6d, 0xa44d, 0xa44d, 0x9c4d, 0x8bcc, 0x83ed, 0x8c4f,
		0x94b1, 0x9cd1, 0x9cd2, 0x9cf2, 0x9cb1, 0x9c90, 0x94b1, 0x9490, 0x9490,
		0x94b1, 0x9490, 0x8c50, 0x8c4f, 0x8c4f, 0x8c50, 0x9450, 0x9450, 0x944f,
		0x8c2f, 0x8c2f, 0x8c2f, 0x8c2f, 0x422c, 0x4a6c, 0x52ab, 0x528a, 0x52ea,
		0x534c, 0x5b6d, 0x6b8d, 0x838c, 0x7245, 0x79a1, 0x8160, 0x7981, 0x71a3,
		0x6a05, 0x832a, 0x734c, 0x632c, 0x6b6d, 0x6b2d, 0x6b0d, 0x7b8e, 0x840f,
		0x8c2f, 0x83ee, 0x8c50, 0x8450, 0x7b4c, 0x8a8a, 0x8165, 0x9aa8, 0xac0b,
		0x7ac9, 0x6903, 0x8925, 0xaa89, 0xc40e, 0x89e5, 0x9164, 0x8964, 0x9ae9,
		0x59c4, 0x40c1, 0x71a5, 0x50c2, 0x71c6, 0x7185, 0x8165, 0x82c7, 0xe48f,
		0xb227, 0xa226, 0x9246, 0xdc8f, 0xc32a, 0xaa47, 0xc2c9, 0xc227, 0xd228,
		0xd248, 0xfcf1, 0xb3cb, 0xcc6e, 0xf531, 0xc635, 0xbc90, 0xaa48, 0xec10,
		0xdc91, 0x93ee, 0x5ae9, 0x4a68, 0x5207, 0x6249, 0x5a89, 0x5b0b, 0x6bac,
		0x6b2a, 0x940c, 0x9bcb, 0xa3ed, 0x9bed, 0x9bed, 0xa42d, 0x9c0c, 0x9c0c,
		0x8b69, 0xac4c, 0xac2c, 0xa3eb, 0x9bca, 0xac2c, 0x9bcb, 0xa40c, 0xac6e,
		0xac6e, 0xac4d, 0xa42c, 0xac4d, 0xa42c, 0x9beb, 0x9c0c, 0x9c4d, 0x940d,
		0x83ed, 0x8c4f, 0x9491, 0x94b1, 0x9cd2, 0x9cd1, 0x9cd1, 0x9c90, 0x9490,
		0x94b1, 0x9cb1, 0x94b1, 0x9490, 0x8c50, 0x8c4f, 0x8c4f, 0x8c2f, 0x9470,
		0x9450, 0x8c4f, 0x9450, 0x8c2f, 0x8c0f, 0x944f, 0x4a48, 0x4a69, 0x52aa,
		0x526a, 0x52aa, 0x632d, 0x634d, 0x6b8d, 0x6b4c, 0x730b, 0x7289, 0x6207,
		0x59a5, 0x59e6, 0x6aa9, 0x7b4b, 0x636c, 0x6b8d, 0x634c, 0x636d, 0x638d,
		0x6bae, 0x7c10, 0x8430, 0x8c10, 0x9430, 0x9bef, 0x932d, 0x7a28, 0x71a6,
		0x8207, 0x7985, 0x61e6, 0x7248, 0x69c6, 0x9b4c, 0xbc30, 0x8248, 0x71e7,
		0x79e7, 0x9aec, 0x6124, 0x58a3, 0x7186, 0x5062, 0x79a6, 0x81a6, 0x7965,
		0x9a88, 0xe4b1, 0xa268, 0xa227, 0xa207, 0xe3ee, 0xd32c, 0xc249, 0xca8a,
		0xb228, 0xa288, 0x9309, 0xcd31, 0xe5b4, 0xf594, 0xe491, 0xb3cd, 0x9aea,
		0xc490, 0xdd94, 0xd595, 0x7b4c, 0x5268, 0x52aa, 0x4207, 0x4228, 0x5aaa,
		0x736c, 0x7b6c, 0x6a88, 0x9bed, 0x93cc, 0xa3ed, 0xa3cc, 0x8b4a, 0x9bab,
		0xac4d, 0xa40c, 0x9bea, 0xa3eb, 0xac0b, 0xabeb, 0xabeb, 0xb42c, 0xa40c,
		0x9bab, 0xa40c, 0x9c2c, 0xa40c, 0xa3ec, 0x93ab, 0x93cc, 0x9c0d, 0x940d,
		0x8bcc, 0x8bed, 0x8bee, 0x83ee, 0x9470, 0x9cd1, 0x9cd1, 0x9cb1, 0x94b1,
		0x9490, 0x94b1, 0x9491, 0x9491, 0x9491, 0x9490, 0x9470, 0x8c4f, 0x840f,
		0x8c2f, 0x9450, 0x9470, 0x9450, 0x944f, 0x944f, 0x944f, 0x8c2f, 0x4a48,
		0x5269, 0x5aaa, 0x526a, 0x52aa, 0x632d, 0x636d, 0x6b8d, 0x6b6c, 0x6b0b,
		0x6aaa, 0x6a89, 0x6a89, 0x6ac9, 0x732a, 0x736c, 0x6b4c, 0x6b6d, 0x632c,
		0x634c, 0x6b6d, 0x6b8e, 0x7bef, 0x8410, 0x7bce, 0x9410, 0x93cf, 0x8b2c,
		0x8b0b, 0x8289, 0x8269, 0x71c6, 0x5144, 0x934c, 0xa3ee, 0xac2f, 0xa3ee,
		0xac2f, 0xa40e, 0x9bad, 0x8b2b, 0x5965, 0x48c2, 0x71c6, 0x50a2, 0x7165,
		0x8165, 0x89a6, 0x8267, 0xdc90, 0xb289, 0xb228, 0xa1c6, 0xe42f, 0xc3ac,
		0x9227, 0xb32b, 0xbb8c, 0xbb8c, 0xd470, 0xedb4, 0xccb0, 0xab6c, 0xa2ea,
		0xa38c, 0xd4f2, 0xdd94, 0xc512, 0xc574, 0x83ce, 0x4a28, 0x52aa, 0x52aa,
		0x4a69, 0x5289, 0x7b6c, 0x6288, 0x6a88, 0x938c, 0xa40e, 0xac2e, 0x936b,
		0x9bab, 0xb4af, 0x93cb, 0xa42c, 0xa40c, 0x9369, 0x9baa, 0xac0c, 0xac2c,
		0xac2c, 0xac2c, 0x9bcb, 0x93eb, 0x93eb, 0x9bcb, 0x9bcb, 0x93ab, 0x93ab,
		0x93cc, 0x8bac, 0x838b, 0x83ac, 0x83cd, 0x83cd, 0x8c2f, 0x94b1, 0x94b1,
		0x9490, 0x94b1, 0x9490, 0x94b1, 0x9491, 0x9491, 0x94b1, 0x9490, 0x9470,
		0x8c4f, 0x8c2f, 0x8c2f, 0x8c4f, 0x9450, 0x944f, 0x8c4f, 0x8c2f, 0x8c2f,
		0x8c2f, 0x4a48, 0x5289, 0x5aaa, 0x528a, 0x52aa, 0x632c, 0x636d, 0x6bad,
		0x634c, 0x62ea, 0x62ca, 0x6aea, 0x732b, 0x734b, 0x6b6c, 0x6b8c, 0x732c,
		0x734c, 0x6b2c, 0x6b4d, 0x6b6d, 0x738e, 0x7bef, 0x7c0f, 0x840f, 0x9450,
		0x83ce, 0x7b4c, 0xa40f, 0xa42f, 0xb470, 0xac0f, 0x5164, 0x8b2b, 0xc4b1,
		0xb44f, 0xa3cd, 0xb44f, 0xac90, 0x940e, 0x83ac, 0x732a, 0x5a27, 0x59c6,
		0x4081, 0x81c6, 0x91c7, 0x9145, 0x8a87, 0xdcb0, 0xb2ca, 0xb269, 0x9a07,
		0xc44e, 0xbc8e, 0x9bec, 0xcd11, 0xdcf1, 0xf574, 0xfd74, 0xcc2f, 0xa30b,
		0xab8d, 0xc470, 0xcd53, 0xd5b4, 0xcd74, 0xbd54, 0xc5b5, 0x9450, 0x5289,
		0x5aea, 0x6b6d, 0x6b4c, 0x62ea, 0x62a9, 0x4964, 0x7aea, 0x936b, 0xa3ac,
		0x9bac, 0x936b, 0xbcd0, 0xac6e, 0x93cc, 0xac6d, 0x93aa, 0x8b49, 0x938a,
		0xa40c, 0xa3eb, 0xac0c, 0xac4d, 0x9bec, 0x93cb, 0x9c0c, 0x9bcb, 0xa40c,
		0xa40c, 0x93ab, 0x834a, 0x7b4a, 0x836b, 0x8bed, 0x83cd, 0x7bcd, 0x840e,
		0x9470, 0x9490, 0x9490, 0x9491, 0x94b1, 0x9491, 0x9491, 0x9490, 0x9490,
		0x9490, 0x9470, 0x8c4f, 0x8c2f, 0x8c0e, 0x8c2f, 0x944f, 0x9450, 0x944f,
		0x8c0f, 0x8c0e, 0x8c0f, 0x4a68, 0x52aa, 0x5acb, 0x528a, 0x5aaa, 0x632c,
		0x638d, 0x638d, 0x530b, 0x52ea, 0x5aea, 0x6b2b, 0x6b4b, 0x6b4b, 0x636c,
		0x6bac, 0x732d, 0x732d, 0x732d, 0x734d, 0x738d, 0x73ae, 0x7bef, 0x7bef,
		0x8450, 0x94b1, 0x83ee, 0x7b8c, 0x944f, 0x9c70, 0xa490, 0x9c4f, 0x6a68,
		0x61e7, 0x828a, 0x9269, 0x9a8a, 0x9aaa, 0xa32c, 0x936c, 0x8b6c, 0x8bcd,
		0x6ae9, 0x51e5, 0x3880, 0x79a5, 0x91c6, 0x99a6, 0x9268, 0xd470, 0x9aa9,
		0x8aa8, 0x9b6b, 0xbcf0, 0xc552, 0xd593, 0xdd12, 0xab2b, 0xdc91, 0xab2b,
		0x9b0a, 0xccf2, 0xd594, 0xd594, 0xcdd5, 0xbd73, 0xbd94, 0xbd94, 0xb574,
		0x9cf2, 0x840f, 0x7c0e, 0x73ad, 0x7b8d, 0x730b, 0x4164, 0x4103, 0x936b,
		0x9b8c, 0x9b6c, 0x938c, 0xac6f, 0x9c0e, 0x93ec, 0xa48f, 0x93ec, 0x8bcb,
		0x8349, 0x93ab, 0x938a, 0x938a, 0xa42d, 0xac6e, 0xa42d, 0x93cb, 0x940c,
		0x9bcc, 0xa40d, 0xa40d, 0x93ac, 0x836a, 0x7b6b, 0x83ad, 0x8c0e, 0x83ee,
		0x7bcd, 0x83ee, 0x8c4f, 0x9491, 0x9491, 0x9491, 0x9491, 0x9490, 0x9490,
		0x9490, 0x9490, 0x9490, 0x9470, 0x8c4f, 0x8c4f, 0x8c0f, 0x8c0f, 0x8c2f,
		0x944f, 0x8c2f, 0x8c0e, 0x83ee, 0x8bee, 0x4a89, 0x5aea, 0x5aca, 0x5aaa,
		0x5acb, 0x632c, 0x6b8d, 0x638d, 0x530b, 0x530b, 0x632b, 0x6b4c, 0x6b6c,
		0x634c, 0x638c, 0x6bce, 0x732d, 0x732d, 0x732d, 0x734d, 0x738e, 0x7bce,
		0x7bee, 0x7bee, 0x842f, 0x8c70, 0x7bcd, 0x7bee, 0x8c4f, 0x9cd1, 0xa4d1,
		0x9470, 0x7b2b, 0x6a48, 0x6165, 0x7166, 0x7925, 0x8946, 0x8146, 0x7166,
		0x7207, 0x7b0a, 0x730a, 0x6ac9, 0x5a06, 0x7227, 0x79e6, 0x8207, 0x8206,
		0xc470, 0xb44e, 0xacaf, 0xbd72, 0xc592, 0xcd11, 0xdcb1, 0xbb4c, 0x9a28,
		0x9aaa, 0x9b8c, 0xc552, 0xcdf5, 0xc5d4, 0xc593, 0xb574, 0xbdb5, 0xbdd5,
		0xb574, 0xad94, 0xa553, 0x8c90, 0x8c70, 0x842f, 0x736c, 0x5a68, 0x28a1,
		0x4984, 0x936c, 0x934b, 0x9b8c, 0xa44f, 0x9bed, 0x6a88, 0x8b8c, 0x9c6f,
		0x940d, 0x8bed, 0x8bcc, 0x93cc, 0x836a, 0x8bab, 0xac6e, 0xa46e, 0xa44e,
		0x93ec, 0x8bab, 0x93ab, 0x93ab, 0x93ac, 0x8bac, 0x8bac, 0x8bcd, 0x8bcd,
		0x83cd, 0x83ee, 0x7bad, 0x7bad, 0x83ee, 0x8c70, 0x94b1, 0x9491, 0x9490,
		0x8c70, 0x8c70, 0x8c70, 0x8c70, 0x8c70, 0x9470, 0x8c50, 0x8c4f, 0x8c2f,
		0x8c0e, 0x8c0e, 0x8c2f, 0x8c2f, 0x8c0e, 0x83ce, 0x83cd, 0x4ac9, 0x5b0b,
		0x5aeb, 0x5aaa, 0x62cb, 0x632c, 0x6b6d, 0x634c, 0x530b, 0x5b0b, 0x632c,
		0x6b6c, 0x736d, 0x6b6d, 0x6b8d, 0x73ae, 0x734d, 0x6b2d, 0x6b4d, 0x734d,
		0x738d, 0x7bce, 0x7bce, 0x7bee, 0x8c91, 0x8450, 0x6b6c, 0x73ce, 0x7bee,
		0x94b1, 0x9cd2, 0x8c50, 0x83ad, 0x8bce, 0x936d, 0x934c, 0x9aeb, 0x9aab,
		0x926a, 0x79c7, 0x58e3, 0x6165, 0x5985, 0x6a48, 0x7b0a, 0x7b0a, 0x72e8,
		0x72e8, 0x8b6b, 0xb4b0, 0xc512, 0xcd52, 0xcd12, 0xb40e, 0xa30b, 0x9228,
		0xb30c, 0xdcb2, 0xbc90, 0xc573, 0xc615, 0xb5d4, 0xbdd5, 0xb573, 0xc5d6,
		0xbdb5, 0xb594, 0xb594, 0xbdf5, 0xad73, 0x842f, 0x7bee, 0x8c4f, 0x6b2b,
		0x3964, 0x28e1, 0x5a26, 0x93ac, 0x938c, 0x9bcd, 0x93cd, 0x6a88, 0x6268,
		0x6ac9, 0x8bed, 0x9c8f, 0x8bed, 0x944e, 0x942e, 0x8bcc, 0x9c2d, 0xa48f,
		0x9bed, 0xa44e, 0x9c0d, 0x8bab, 0x8b8b, 0x93ab, 0x93cc, 0x93cd, 0x838c,
		0x838c, 0x83ad, 0x83ad, 0x83ce, 0x7bad, 0x738d, 0x7bce, 0x8c70, 0x94b1,
		0x9491, 0x9491, 0x8c70, 0x8c70, 0x8c70, 0x8c4f, 0x8c4f, 0x8c4f, 0x8c4f,
		0x9450, 0x8c2f, 0x8c0f, 0x8c0e, 0x8c0e, 0x8c0f, 0x8c0e, 0x83ce, 0x83cd,
		0x4aea, 0x5b2b, 0x5aeb, 0x5aca, 0x62cb, 0x6b2c, 0x6b6d, 0x5b0b, 0x5b0b,
		0x5b0b, 0x6b2c, 0x734d, 0x736d, 0x736d, 0x736d, 0x738e, 0x6b6e, 0x6b4d,
		0x6b4d, 0x6b6d, 0x73ae, 0x7bef, 0x7bee, 0x7bee, 0x8c70, 0x842f, 0x738d,
		0x7bee, 0x8c50, 0x9cd2, 0x9cd2, 0x8c50, 0x7b6d, 0x83ce, 0x9470, 0x8c2f,
		0x944f, 0x9c70, 0xacd2, 0x9bce, 0x7a49, 0x6166, 0x48a3, 0x5924, 0x82ca,
		0x834b, 0x942e, 0xa4f0, 0xa4d0, 0xc532, 0xd512, 0xcc0f, 0xaaab, 0x9a69,
		0xa2cb, 0xb3ef, 0xcd33, 0xc553, 0xc5b4, 0xbdb4, 0xb5b4, 0xc5f5, 0xb573,
		0xc5d5, 0xbd75, 0xbd95, 0xbdb5, 0xbdb5, 0xb574, 0xb594, 0x9470, 0x840e,
		0x8c4f, 0x630a, 0x2922, 0x41a4, 0x6ae9, 0x8bcd, 0x93cd, 0x8bad, 0x6248,
		0x6268, 0x6aea, 0x5a88, 0x83cd, 0x8c2f, 0x9470, 0x944f, 0x9c70, 0x944f,
		0x9c4f, 0x9c2e, 0x8bac, 0x9c2d, 0x93ed, 0x93cc, 0x8bab, 0x93cc, 0x9c2d,
		0x9c0e, 0x83ac, 0x7b6c, 0x83ad, 0x83ce, 0x83cd, 0x83ee, 0x7bad, 0x7bce,
		0x8c4f, 0x94b1, 0x94b1, 0x94b1, 0x8c70, 0x8c70, 0x8c70, 0x8c4f, 0x8c4f,
		0x8c4f, 0x8c4f, 0x944f, 0x8c4f, 0x8c2f, 0x8c0e, 0x8bee, 0x8bee, 0x8c0e,
		0x8bee, 0x83ce, 0x52ea, 0x5b4b, 0x5b0b, 0x62cb, 0x62eb, 0x6b2c, 0x6b6d,
		0x5aeb, 0x5b0b, 0x632c, 0x734c, 0x736d, 0x7b4d, 0x734d, 0x7b6e, 0x7b8e,
		0x6b8e, 0x634d, 0x6b6d, 0x6b6d, 0x73ae, 0x7c0f, 0x7bee, 0x7c0e, 0x8c4f,
		0x842f, 0x738d, 0x7bee, 0x9471, 0x9492, 0x9492, 0x8c51, 0x7bce, 0x7bef,
		0x844f, 0x7c2e, 0x6bac, 0x8cb0, 0x94d1, 0x83ce, 0x836d, 0x934d, 0x7208,
		0x4883, 0x69a6, 0x8aaa, 0xb40f, 0xb450, 0xb490, 0xbc70, 0xa30b, 0x9209,
		0xaa8b, 0xd472, 0xccd2, 0xcd94, 0xbd93, 0xad93, 0xb594, 0xb594, 0xc5d5,
		0xc5b5, 0xc594, 0xbd74, 0xc595, 0xc5b5, 0xb554, 0xbd95, 0xb574, 0xbd95,
		0x944f, 0x9c90, 0xa512, 0x6b4b, 0x3164, 0x5268, 0x736c, 0x6b0a, 0x734b,
		0x62a9, 0x5a48, 0x5a68, 0x7b4c, 0x6aea, 0x6b2b, 0x9450, 0x9450, 0x9c70,
		0x9470, 0x942f, 0x8c0e, 0x940e, 0x8bac, 0x93ed, 0x8b8b, 0x93cc, 0x93cc,
		0x8bac, 0x940d, 0x9c4f, 0x942e, 0x8bee, 0x83ee, 0x83ad, 0x83ce, 0x840e,
		0x7bce, 0x7bce, 0x8c2f, 0x9490, 0x9490, 0x9491, 0x8c70, 0x8c70, 0x8c70,
		0x8c4f, 0x8c4f, 0x8c4f, 0x8c4f, 0x944f, 0x8c4f, 0x8c2f, 0x8c0f, 0x83ee,
		0x83ee, 0x8bee, 0x8bee, 0x8bce, 0x4aea, 0x5b2b, 0x630b, 0x5aaa, 0x62cb,
		0x6b2c, 0x6b4c, 0x630b, 0x632b, 0x634c, 0x6b4c, 0x7b6d, 0x734d, 0x734d,
		0x7b8e, 0x738e, 0x6b8e, 0x638d, 0x636d, 0x6b8d, 0x73ce, 0x7bee, 0x7c0f,
		0x842f, 0x9470, 0x840f, 0x6b2c, 0x840f, 0x9c92, 0x9492, 0x9492, 0x8c31,
		0x73ae, 0x7bcf, 0x7bce, 0x630b, 0x738d, 0x94b1, 0x9491, 0x7bee, 0x736d,
		0x83ce, 0x7b4c, 0x59c7, 0x5945, 0x6105, 0x89e8, 0xa26a, 0x9a29, 0x9229,
		0x9aab, 0xb3ef, 0xcd13, 0xcd54, 0xbd53, 0xbd74, 0xb594, 0xad73, 0xb5b4,
		0xbdb5, 0xc595, 0xc5b5, 0xbd95, 0xbd74, 0xc595, 0xc595, 0xbd94, 0xbd94,
		0xbd74, 0xb553, 0x8c0e, 0xa4f1, 0xad12, 0x7b8c, 0x41e6, 0x6b2b, 0x738c,
		0x7b8d, 0x8c0f, 0x83ee, 0x836c, 0x7b4c, 0x8bee, 0x838d, 0x62ca, 0x83ce,
		0x9450, 0x9471, 0x9c91, 0x9c70, 0x942f, 0x9c4f, 0x9c2f, 0x8bac, 0x93cc,
		0x93ac, 0x8bac, 0x8bcd, 0x8bcd, 0x838c, 0x8bee, 0x944f, 0x942f, 0x9450,
		0x8c0f, 0x840f, 0x83ef, 0x83ee, 0x842f, 0x9490, 0x9491, 0x9490, 0x9490,
		0x9490, 0x9470, 0x8c70, 0x8c4f, 0x8c4f, 0x8c4f, 0x944f, 0x8c4f, 0x8c2f,
		0x8c2f, 0x8c0e, 0x8bee, 0x83ee, 0x83ce, 0x83cd, 0x52ea, 0x5aeb, 0x5aca,
		0x5aaa, 0x62cb, 0x6b4d, 0x6b6c, 0x5b2b, 0x5b0b, 0x6b4c, 0x738d, 0x736c,
		0x734d, 0x738e, 0x73ae, 0x73ce, 0x73ae, 0x6b8e, 0x6b6d, 0x6b8d, 0x7bce,
		0x840f, 0x840f, 0x8c4f, 0x9470, 0x83ee, 0x6b4c, 0x8c30, 0x9492, 0x9492,
		0x9472, 0x8c31, 0x73ae, 0x738e, 0x6b2d, 0x6acb, 0x838e, 0xa492, 0x9c71,
		0x7bce, 0x73ad, 0x6bad, 0x634c, 0x6b0b, 0x7aeb, 0x7208, 0x81e8, 0x924a,
		0xaa4b, 0xbb6e, 0xc4b2, 0xc574, 0xbd94, 0xad53, 0xad53, 0xbdb5, 0xbd74,
		0xb554, 0xbd94, 0xbdb5, 0xbdb5, 0xc5b5, 0xbd95, 0xbd74, 0xbd74, 0xc594,
		0xbd94, 0xbd74, 0xbd74, 0xbd94, 0x9c90, 0xad12, 0xb553, 0x8c0e, 0x5a89,
		0x7b8d, 0x8c0f, 0x9c91, 0x9c91, 0x83ef, 0x732b, 0x7b8d, 0x83ae, 0x7b8d,
		0x62ca, 0x7b8d, 0x9451, 0x9471, 0x9c91, 0x9c91, 0x9c70, 0x9c70, 0x942f,
		0x93cd, 0x93cd, 0x93cd, 0x8bac, 0x8bed, 0x940e, 0x83ac, 0x838c, 0x8bee,
		0x8c0f, 0x9470, 0x9470, 0x9470, 0x8c70, 0x8c50, 0x8c70, 0x9470, 0x9491,
		0x9491, 0x9490, 0x9490, 0x9490, 0x9470, 0x9470, 0x8c4f, 0x944f, 0x944f,
		0x8c2f, 0x8c2f, 0x8c0f, 0x8c0e, 0x8bee, 0x83cd, 0x83cd, 0x83cd, 0x5b0b,
		0x5aca, 0x5aca, 0x5aca, 0x62eb, 0x6b4c, 0x6b6d, 0x5b2b, 0x632b, 0x6b6c,
		0x738c, 0x6b2b, 0x6b4c, 0x738d, 0x6b8d, 0x6bee, 0x73ae, 0x738d, 0x6b6d,
		0x738d, 0x7bce, 0x83ef, 0x840f, 0x8c2f, 0x9491, 0x7bad, 0x736d, 0x8c50,
		0x9492, 0x94b2, 0x8c71, 0x8431, 0x738e, 0x6b4d, 0x5acb, 0x6b0c, 0x83ef,
		0x9cb2, 0x9492, 0x7bce, 0x73ef, 0x6bce, 0x5b0b, 0x5aeb, 0x7bae, 0x83ce,
		0x93ef, 0xa450, 0xc471, 0xc4f3, 0xc554, 0xb574, 0xb594, 0xb574, 0xb574,
		0xbd95, 0xbd94, 0xb574, 0xb5b5, 0xbdb5, 0xbdb5, 0xc5b5, 0xbd94, 0xbd94,
		0xbd94, 0xbdb4, 0xbdb4, 0xb573, 0xb553, 0xbd94, 0xa4d1, 0xad12, 0xb533,
		0x942f, 0x62a9, 0x83ae, 0x9430, 0xa4b2, 0x8c30, 0x7b6d, 0x6b2b, 0x7bad,
		0x83ad, 0x736c, 0x62ca, 0x7b8d, 0x8c0f, 0x9470, 0x9c91, 0x9c91, 0x9cb1,
		0x9c50, 0x940f, 0x93ee, 0x93cd, 0x93cd, 0x8bed, 0x93ee, 0x942e, 0x8bcd,
		0x7b6c, 0x7bad, 0x8c0f, 0x9470, 0x9491, 0x9471, 0x9471, 0x9491, 0x9491,
		0x9491, 0x9490, 0x9c91, 0x9491, 0x9491, 0x9490, 0x9490, 0x9490, 0x9470,
		0x9470, 0x944f, 0x8c2f, 0x8c0f, 0x8c0e, 0x8bee, 0x83ee, 0x83cd, 0x83ad,
		0x7bad, 0x5aeb, 0x52aa, 0x5aca, 0x630b, 0x630b, 0x634c, 0x6b6c, 0x634b,
		0x630a, 0x7bad, 0x83ad, 0x734b, 0x736c, 0x7bad, 0x6bad, 0x6bcd, 0x7b8e,
		0x736d, 0x736d, 0x7b8d, 0x83ce, 0x83ef, 0x83ef, 0x840f, 0x9491, 0x736d,
		0x738d, 0x8c70, 0x9491, 0x8cb2, 0x8450, 0x7c30, 0x6b4d, 0x6b4d, 0x5aeb,
		0x6b6d, 0x8450, 0x8cb2, 0x8c91, 0x73ce, 0x73ce, 0x7bef, 0x5b0c, 0x52ca,
		0x73ae, 0x8c70, 0x94f2, 0x9d12, 0xad33, 0xb574, 0xb574, 0xb554, 0xb574,
		0xbd75, 0xbd74, 0xb574, 0xb5b5, 0xad94, 0xb5b5, 0xbdb5, 0xc595, 0xc5b5,
		0xbd94, 0xb594, 0xb5b4, 0xbdb4, 0xbdb4, 0xb573, 0xad53, 0xbd94, 0xacf2,
		0xad12, 0xbd54, 0x9c50, 0x62aa, 0x8bef, 0x9450, 0x9451, 0x83ae, 0x732c,
		0x738c, 0x7bad, 0x83ee, 0x734c, 0x6b0b, 0x9430, 0x83ce, 0x9450, 0x9470,
		0x9c91, 0x9cb1, 0x942f, 0x8c0e, 0x9c4f, 0x93ee, 0x8bcd, 0x93ee, 0x93ee,
		0x940e, 0x83cd, 0x7b8c, 0x83ad, 0x8c0f, 0x9450, 0x9491, 0x9470, 0x8c50,
		0x9470, 0x9c91, 0x9cb1, 0x9c91, 0x9470, 0x9c91, 0x9cb1, 0x9cb1, 0x9c90,
		0x9c90, 0x9470, 0x9470, 0x944f, 0x8c2f, 0x8c0f, 0x8c0e, 0x83ee, 0x83ed,
		0x83cd, 0x7bad, 0x7bad, 0x5aeb, 0x528a, 0x52aa, 0x5aeb, 0x5b0b, 0x634c,
		0x6b8c, 0x634b, 0x6b2b, 0x83ad, 0x834c, 0x830b, 0x834c, 0x7b6c, 0x7bcd,
		0x73cd, 0x7b8d, 0x7b8d, 0x7b6d, 0x7b8e, 0x83ce, 0x83cf, 0x840f, 0x8c30,
		0x9471, 0x6b4c, 0x73ae, 0x8c71, 0x8c91, 0x8c91, 0x8450, 0x7c2f, 0x630c,
		0x632d, 0x632c, 0x73ae, 0x8450, 0x8c91, 0x8c71, 0x73ae, 0x7bcf, 0x73ae,
		0x630c, 0x6b2c, 0x83cf, 0x8c30, 0x9470, 0xa4d1, 0xa512, 0xad53, 0xad74,
		0xb594, 0xb595, 0xb574, 0xb574, 0xad94, 0xadb5, 0xad94, 0xb5b5, 0xc595,
		0xc595, 0xc595, 0xbd94, 0xb5b4, 0xb5b4, 0xb5b4, 0xbdd4, 0xb5b4, 0xb573,
		0xb594, 0xb553, 0xb554, 0xb554, 0xa4b2, 0x6aea, 0x8c0f, 0x9c70, 0x942f,
		0x8bef, 0x838e, 0x7bcd, 0x7bcd, 0x8c2f, 0x83ce, 0x8bee, 0xacf2, 0x8c2f,
		0x8c0f, 0x9490, 0x9c90, 0x9cb1, 0x8c4f, 0x944f, 0x9c90, 0x940f, 0x8bad,
		0x8bed, 0x8bcd, 0x8bcd, 0x83cd, 0x7b8c, 0x83ad, 0x8c0f, 0x8c2f, 0x9470,
		0x9470, 0x9450, 0x8c2f, 0x8c4f, 0x9470, 0x9470, 0x9470, 0x9c90, 0x9c90,
		0x9c90, 0x9c90, 0x9c90, 0x9490, 0x9470, 0x9450, 0x8c2f, 0x8c2f, 0x8c0e,
		0x83ee, 0x83cd, 0x83cd, 0x7bad, 0x7bad, 0x632c, 0x5aca, 0x52aa, 0x5aeb,
		0x5b2c, 0x636c, 0x6b6c, 0x6b2b, 0x730b, 0x934c, 0x7a69, 0x6124, 0x6165,
		0x7a89, 0x8b8c, 0x838c, 0x7b8d, 0x7b8d, 0x738d, 0x7b8d, 0x7bce, 0x83ce,
		0x840f, 0x9471, 0x8c50, 0x6b2c, 0x73ce, 0x8c71, 0x9491, 0x8c70, 0x8450,
		0x7c0f, 0x5b0b, 0x632c, 0x6b4c, 0x7bae, 0x9450, 0x9c71, 0x8c30, 0x7b6e,
		0x8410, 0x738e, 0x62eb, 0x734d, 0x83ef, 0x9c51, 0xacb2, 0xb4f3, 0xb513,
		0xb534, 0xad54, 0xad94, 0xadb5, 0xb574, 0xb574, 0xb595, 0xb595, 0xad74,
		0xbdb5, 0xc595, 0xc575, 0xc594, 0xbd94, 0xb5b4, 0xbdb4, 0xb5b4, 0xbdb5,
		0xbdb5, 0xb574, 0xb574, 0xb554, 0xb574, 0xad33, 0xad13, 0x736c, 0x83ee,
		0x8c2f, 0x8c2f, 0x8c2f, 0x840e, 0x842e, 0x8c4f, 0x8c4f, 0x9cb1, 0xacf2,
		0xb533, 0xa4b1, 0x7bad, 0x9470, 0x9cb1, 0x9cd1, 0x9470, 0x9c90, 0xa4d1,
		0x9450, 0x83cd, 0x8bcd, 0x8bcd, 0x8bcd, 0x8bcd, 0x83ad, 0x83ad, 0x8c0e,
		0x8c2f, 0x9450, 0x9470, 0x9470, 0x8c2f, 0x8c0e, 0x8c2f, 0x9c90, 0x9c91,
		0x9c90, 0x9470, 0x9470, 0x9c90, 0x9c90, 0x9c90, 0x9470, 0x9470, 0x944f,
		0x8c2f, 0x8c0e, 0x83ee, 0x83cd, 0x83cd, 0x7bad, 0x83cd, 0x5aeb, 0x52cb,
		0x52ca, 0x530b, 0x5b2c, 0x634c, 0x6b4c, 0x732b, 0x8b2b, 0x6985, 0x60c3,
		0x6082, 0x6082, 0x58e3, 0x6185, 0x8b0b, 0x738d, 0x73ad, 0x738d, 0x73ad,
		0x7bce, 0x7bef, 0x8430, 0x8c71, 0x840f, 0x6b4c, 0x7bce, 0x8c70, 0x9491,
		0x8c30, 0x8c2f, 0x83ee, 0x630c, 0x632c, 0x738d, 0x83ef, 0x8c50, 0x9471,
		0x8c0f, 0x7bae, 0x8c10, 0x7bae, 0x6b0c, 0x738d, 0x840f, 0x9cb2, 0xa4f2,
		0x9cd1, 0xacd2, 0xb534, 0xb595, 0xb5b5, 0xb595, 0xb534, 0xbd34, 0xbd55,
		0xbd74, 0xad74, 0xb595, 0xbd95, 0xbd94, 0xbd94, 0xb5b4, 0xb5d4, 0xbdb5,
		0xbdb5, 0xbd95, 0xb574, 0xb574, 0xb554, 0xad54, 0xb574, 0xad53, 0xad54,
		0x8c4f, 0x7bed, 0x844f, 0x8c6f, 0x8c4f, 0x8c6f, 0x8c90, 0x8c90, 0x94b0,
		0xa512, 0xad33, 0xad12, 0xad33, 0x83cd, 0x8c2e, 0x94b0, 0x94d1, 0x94b0,
		0x9cb1, 0x9cd1, 0x9c90, 0x83ee, 0x8bad, 0x8bcd, 0x838c, 0x83ad, 0x83cd,
		0x83ad, 0x83ee, 0x8c0f, 0x8c2f, 0x9470, 0x9c91, 0x9450, 0x8c0f, 0x8c0f,
		0x9c70, 0xa4d1, 0x9c90, 0x9c90, 0x9470, 0x9470, 0x9470, 0x9c90, 0x9470,
		0x9470, 0x944f, 0x944f, 0x8c0e, 0x83ee, 0x83ed, 0x83cd, 0x83cd, 0x83cd,
		0x4248, 0x4a89, 0x52ca, 0x530b, 0x5b2c, 0x5b4c, 0x6b4c, 0x7b6c, 0x69e7,
		0x60e3, 0x7925, 0x7083, 0x6862, 0x70e4, 0x5082, 0x6144, 0x73cd, 0x73cd,
		0x73cd, 0x7bee, 0x842f, 0x842f, 0x8430, 0x8c70, 0x840f, 0x6b6d, 0x7bce,
		0x8c70, 0x9491, 0x840f, 0x840f, 0x7bce, 0x6b2c, 0x6b4c, 0x7bee, 0x8430,
		0x8c70, 0x8c70, 0x7c0f, 0x83ef, 0x8c30, 0x7bae, 0x6b4d, 0x7bce, 0x8450,
		0x9512, 0x9572, 0x8d32, 0xad33, 0xad54, 0xad54, 0xb574, 0xc555, 0xcd35,
		0xcd14, 0xc535, 0xbd74, 0xad74, 0xb5b5, 0xbdb5, 0xbd94, 0xbd94, 0xb5b4,
		0xb5b4, 0xbd95, 0xc5b5, 0xbd75, 0xb534, 0xb574, 0xb574, 0xb554, 0xb574,
		0xad54, 0xad53, 0x9cd1, 0x7bed, 0x844f, 0x8c8f, 0x844e, 0x94d0, 0x94d1,
		0x846f, 0x94d1, 0xa4f2, 0xa4f2, 0xad12, 0xb553, 0x946f, 0x7bcd, 0x948f,
		0x94b0, 0x94d1, 0x9cb1, 0x9cb1, 0x9c91, 0x8bee, 0x8bad, 0x83ad, 0x7b4b,
		0x7b6c, 0x83cd, 0x83ad, 0x83ee, 0x83ee, 0x9470, 0x9470, 0x9470, 0x9450,
		0x8c2f, 0x8c0f, 0x9450, 0xa4b1, 0x9cb1, 0x9c90, 0x9c70, 0x9470, 0x9470,
		0x9470, 0x9470, 0x9450, 0x946f, 0x944f, 0x8c2e, 0x840e, 0x83ed, 0x83cd,
		0x83cd, 0x83cd, 0x0002, 0x10e5, 0x426a, 0x634d, 0x630c, 0x5aeb, 0x634b,
		0x7bac, 0x6185, 0x78e4, 0x88c4, 0x6862, 0x58c2, 0x5123, 0x60c3, 0x6821,
		0x62c9, 0x8c0e, 0x838d, 0x838d, 0x8c0f, 0x8430, 0x7c30, 0x8491, 0x6c0f,
		0x6bae, 0x83ef, 0x9430, 0x9430, 0x940f, 0x8c0f, 0x7bce, 0x634d, 0x6b6d,
		0x7c30, 0x7c50, 0x7c91, 0x7450, 0x7450, 0x7430, 0x8471, 0x7c0f, 0x6b6d,
		0x840f, 0x9471, 0xa4b2, 0xacf3, 0xacf3, 0xad34, 0xad34, 0xb575, 0xb595,
		0xb574, 0xb574, 0xbd94, 0xb573, 0xb553, 0xb594, 0xb5b4, 0xb573, 0xbdd5,
		0xbdb5, 0xbd94, 0xbd94, 0xbd95, 0xbd95, 0xb574, 0xb554, 0xb554, 0xb554,
		0xb554, 0xb554, 0xb554, 0xad34, 0xa4f2, 0x7bad, 0x9470, 0x9490, 0x8c2f,
		0x94b1, 0x9cd1, 0x8c4f, 0x94b1, 0xa4f2, 0xa512, 0xad13, 0xb553, 0x9cb1,
		0x7b8d, 0x9450, 0x9470, 0x9491, 0x9491, 0x9490, 0x94b1, 0x8c4f, 0x8c2f,
		0x7b8d, 0x630a, 0x7b8d, 0x83ee, 0x7bad, 0x7bcd, 0x83ee, 0x9470, 0x9470,
		0x9470, 0x8c50, 0x8c2f, 0x8c4f, 0x9490, 0x9cb1, 0x9cb1, 0x9c91, 0x9c91,
		0x9c90, 0x9490, 0x9470, 0x946f, 0x9470, 0x944f, 0x8c4f, 0x8c2e, 0x8c0e,
		0x83ed, 0x83cd, 0x83cd, 0x83cd, 0x2967, 0x0083, 0x08e4, 0x426a, 0x6b4d,
		0x6b4c, 0x5b2a, 0x738c, 0x61c6, 0x68a3, 0x8925, 0x68c3, 0x4881, 0x4902,
		0x5081, 0x70c3, 0x5184, 0x832b, 0x8b8d, 0x8bce, 0x83ef, 0x8410, 0x7c0f,
		0x8471, 0x6bce, 0x73ae, 0x7bee, 0x8c50, 0x9491, 0x8c70, 0x842f, 0x7c0e,
		0x734d, 0x736d, 0x8c30, 0x8c50, 0x8c51, 0x8430, 0x8430, 0x8430, 0x9491,
		0x840f, 0x738e, 0x8c30, 0x9491, 0xa4f2, 0xad13, 0xa513, 0xb555, 0xb555,
		0xad34, 0xad74, 0xbdb5, 0xb554, 0xad33, 0xbdb5, 0xbd94, 0xad73, 0xad93,
		0xb5d4, 0xb5b4, 0xbd94, 0xc595, 0xc575, 0xbd94, 0xb574, 0xb574, 0xb554,
		0xb554, 0xb554, 0xb554, 0xb554, 0xb574, 0xb554, 0xa4f3, 0x8c0f, 0x8c50,
		0x9490, 0x9490, 0x94b1, 0x9490, 0x8c70, 0x9cf2, 0xa4f2, 0xa4f2, 0xa4f2,
		0xb554, 0xad13, 0x83ce, 0x83ee, 0x9c90, 0x9490, 0x9cb1, 0x9490, 0x9490,
		0x8c70, 0x8c0f, 0x7b8c, 0x734b, 0x736c, 0x7bad, 0x7bcd, 0x7bad, 0x83ce,
		0x944f, 0x9470, 0x9c90, 0x9470, 0x8c4f, 0x9470, 0x9491, 0x9cb1, 0x9cb1,
		0x9cb1, 0x9c91, 0x9c90, 0x9490, 0x9470, 0x946f, 0x9470, 0x944f, 0x8c2e,
		0x8c2e, 0x8c0e, 0x83ed, 0x83ee, 0x83cd, 0x83cd, 0x5aed, 0x4aab, 0x31e8,
		0x1904, 0x2945, 0x4a89, 0x634b, 0x738c, 0x6227, 0x6904, 0x8146, 0x58a2,
		0x2820, 0x4102, 0x5103, 0x6904, 0x6144, 0x8289, 0x9bae, 0x8bae, 0x7bae,
		0x7bee, 0x8430, 0x8c71, 0x73ae, 0x73ae, 0x7bce, 0x842f, 0x8c50, 0x842f,
		0x7c0f, 0x8470, 0x7b8d, 0x838d, 0x9430, 0x9450, 0x8c30, 0x8c0f, 0x8c0f,
		0x8c30, 0x9cb1, 0x8c2f, 0x83ce, 0x9450, 0x9cb1, 0xa4f2, 0xad33, 0xad33,
		0xb554, 0xb554, 0xb554, 0xb574, 0xb574, 0xb574, 0xbd94, 0xb594, 0xb573,
		0xad73, 0xad73, 0xbdd5, 0xbd94, 0xc595, 0xc575, 0xc554, 0xb574, 0xb574,
		0xb554, 0xb554, 0xb554, 0xb574, 0xb554, 0xb554, 0xb554, 0xb554, 0xa4d2,
		0x9470, 0x8c2f, 0x9470, 0x9490, 0x9470, 0x94b1, 0x9cd1, 0xa533, 0xa512,
		0xa4f2, 0xa4f2, 0xad33, 0xad33, 0x9450, 0x7b8c, 0x9470, 0x9470, 0x94b1,
		0x9490, 0x8c70, 0x9490, 0x8c4f, 0x83ee, 0x8c0f, 0x83ce, 0x7bad, 0x83ce,
		0x7bad, 0x83ee, 0x8c2f, 0x9490, 0x9c91, 0x9470, 0x8c4f, 0x9470, 0x9cb1,
		0x9cb1, 0x9cb1, 0x9cb1, 0x9c91, 0x9c90, 0x9490, 0x9470, 0x946f, 0x946f,
		0x8c2f, 0x8c2e, 0x8c0e, 0x8c0e, 0x83ee, 0x83cd, 0x83cd, 0x83cd, 0x4229,
		0x4acb, 0x530c, 0x4a8a, 0x31a6, 0x2124, 0x2164, 0x4247, 0x6aca, 0x69a6,
		0x6104, 0x48c2, 0x1820, 0x1840, 0x38a1, 0x6124, 0x6903, 0x69a5, 0x938d,
		0x83ad, 0x7bee, 0x73ee, 0x8450, 0x8c51, 0x7b8e, 0x7b8e, 0x83ef, 0x8c50,
		0x8c50, 0x840f, 0x840f, 0x8c50, 0x7bad, 0x83ad, 0x9450, 0x9450, 0x8c50,
		0x840f, 0x8c2f, 0x9470, 0x9cb1, 0x8c2f, 0x83ee, 0x9450, 0x9cb1, 0xacf2,
		0xad13, 0xad12, 0xad54, 0xb534, 0xbd74, 0xbd74, 0xb533, 0xbd74, 0xbdb4,
		0xad73, 0xb593, 0xb573, 0xc594, 0xc554, 0xc554, 0xc595, 0xb553, 0xb594,
		0xb574, 0xb554, 0xb554, 0xb554, 0xb574, 0xb574, 0xb574, 0xb574, 0xb554,
		0xb595, 0x9cb2, 0x9470, 0x9470, 0x8c2f, 0x9470, 0x8c50, 0x9cf2, 0xa533,
		0xad33, 0xa4f2, 0xa513, 0xad13, 0xa512, 0xad12, 0xa4d2, 0x7b8c, 0x8c2f,
		0x9490, 0x9490, 0x9470, 0x8c4f, 0x8c70, 0x9470, 0x8c4f, 0x9cb1, 0x8c50,
		0x840e, 0x7bcd, 0x840e, 0x8c4f, 0x9470, 0x9c90, 0x9c91, 0x9470, 0x9470,
		0x9c90, 0x9cb1, 0x9cb1, 0x9cb1, 0x9c91, 0x9490, 0x9470, 0x9490, 0x9470,
		0x944f, 0x944f, 0x8c2f, 0x8c2e, 0x8c0e, 0x83ee, 0x83ee, 0x83cd, 0x83ad,
		0x7bad, 0x428a, 0x4aab, 0x4acb, 0x4a8a, 0x52aa, 0x4aaa, 0x3227, 0x2a06,
		0x3165, 0x59e7, 0x6186, 0x4103, 0x1880, 0x18c0, 0x30c2, 0x48e3, 0x7124,
		0x6144, 0x8b0b, 0x8bcd, 0x7bee, 0x73ee, 0x840f, 0x8c30, 0x83cf, 0x836d,
		0x8bae, 0x9410, 0x8c0f, 0x8c0f, 0x8c30, 0x8c30, 0x7bcd, 0x7bcd, 0x8c4f,
		0x8c70, 0x8c70, 0x7c2f, 0x844f, 0x8c90, 0x94b1, 0x842f, 0x842f, 0x9470,
		0xa4b1, 0xa4f2, 0xad12, 0xad13, 0xad53, 0xb553, 0xb533, 0xb533, 0xbd74,
		0xb553, 0xb553, 0xbdb4, 0xbd53, 0xac70, 0xd575, 0xcd14, 0xc534, 0xbd54,
		0xa573, 0x9dd4, 0xb574, 0xb574, 0xb574, 0xb575, 0xb575, 0xb575, 0xb575,
		0xb575, 0xb575, 0xbdb5, 0x9491, 0x8c50, 0xa4f3, 0x8c2f, 0x8c70, 0x8c70,
		0x9cd1, 0xad53, 0xa533, 0xa512, 0xad33, 0xad33, 0xa4f2, 0xad33, 0xad13,
		0x83ee, 0x7bad, 0x9490, 0x9470, 0x8c70, 0x8c4f, 0x8c4f, 0x8c4f, 0x8c2f,
		0x8c50, 0x9470, 0x8c4f, 0x7bcd, 0x8c50, 0x9cb1, 0x9cb1, 0x9c91, 0x9c91,
		0x9c91, 0x9c90, 0x9c90, 0x9c91, 0x9cb1, 0x9c91, 0x9491, 0x9470, 0x9470,
		0x9470, 0x9470, 0x944f, 0x8c2f, 0x8c2e, 0x8c0e, 0x8c0e, 0x83ee, 0x83ed,
		0x83cd, 0x7bad, 0x7bac, 0x3a48, 0x4289, 0x4acb, 0x4aaa, 0x528a, 0x52aa,
		0x4aea, 0x532b, 0x52ea, 0x628a, 0x6269, 0x41a6, 0x2163, 0x1922, 0x1860,
		0x4103, 0x7924, 0x6924, 0x7a69, 0x93ad, 0x7b8d, 0x840f, 0x7bef, 0x9491,
		0x83ce, 0x83ae, 0x93ef, 0x9410, 0x83ef, 0x840f, 0x8c50, 0x8c70, 0x7bee,
		0x73cd, 0x8c50, 0x8c70, 0x8c70, 0x840f, 0x8430, 0x8c71, 0x9491, 0x8430,
		0x8c70, 0x9491, 0x9cf2, 0xa512, 0xa533, 0xad53, 0xb553, 0xb553, 0xad53,
		0xb553, 0xb573, 0xc574, 0xcd74, 0xd554, 0xb40f, 0x8aeb, 0xccf3, 0xc554,
		0xb534, 0xad53, 0xa594, 0x9db4, 0xb574, 0xb574, 0xb575, 0xb575, 0xb575,
		0xb575, 0xb575, 0xb575, 0xb555, 0xbdb5, 0x8c50, 0x840f, 0xad54, 0x8c50,
		0x8c50, 0x8c70, 0x94b1, 0xad53, 0xad33, 0xa533, 0xad33, 0xad33, 0xa4d2,
		0xad33, 0xad13, 0x9470, 0x738c, 0x8c50, 0x8c70, 0x9470, 0x8c70, 0x8c4f,
		0x9470, 0x840e, 0x7bcd, 0x8c2f, 0x94b1, 0x83ee, 0x9470, 0x9cd1, 0xa4f2,
		0x9cb1, 0x9c91, 0x9cb1, 0x9c91, 0x9c70, 0x9c70, 0x9c91, 0x9470, 0x9470,
		0x9470, 0x9470, 0x9470, 0x9470, 0x944f, 0x8c2f, 0x8c0e, 0x8c0e, 0x8c0e,
		0x83ee, 0x83ed, 0x83cd, 0x7bad, 0x7bad, 0x42aa, 0x4289, 0x42aa, 0x4a89,
		0x528a, 0x5aeb, 0x4b0b, 0x4aeb, 0x4aca, 0x5aaa, 0x62eb, 0x5289, 0x4ac9,
		0x4aa9, 0x41a5, 0x4144, 0x68e3, 0x60e3, 0x71c7, 0x934c, 0x8b8d, 0x8c0f,
		0x840f, 0x9491, 0x7bae, 0x83ce, 0x8bce, 0x8bce, 0x940f, 0x8c2f, 0x8c4f,
		0x8c70, 0x840f, 0x7bce, 0x8c50, 0x9471, 0x9471, 0x8c10, 0x8c10, 0x9430,
		0x9c71, 0x8c30, 0x9491, 0x94b2, 0xa513, 0xa513, 0xa534, 0xa574, 0xbd53,
		0xb532, 0xb573, 0xb573, 0xb552, 0xcd53, 0xd4d3, 0xc3f0, 0xab6e, 0x932c,
		0xb4f2, 0xad74, 0xa594, 0xa573, 0xad94, 0xb574, 0xb575, 0xb575, 0xb575,
		0xb575, 0xb575, 0xb574, 0xb575, 0xb575, 0xb554, 0xbdb5, 0x8c2f, 0x83ee,
		0xad34, 0x94b1, 0x8c50, 0x842f, 0x9490, 0xa533, 0xa533, 0xad53, 0xad33,
		0xa512, 0x9cb1, 0xad12, 0xa512, 0xa4f2, 0x7bcd, 0x840e, 0x8c4f, 0x9470,
		0x8c70, 0x8c4f, 0x9490, 0x83ee, 0x7bcd, 0x840e, 0x9cd1, 0x840e, 0x840e,
		0x9491, 0xa4f2, 0xa4d2, 0x9cd1, 0x9cb1, 0x9c91, 0x9470, 0x9470, 0x9c70,
		0x9470, 0x9470, 0x9470, 0x9450, 0x9470, 0x9470, 0x944f, 0x8c2f, 0x8c2e,
		0x8c0e, 0x8c0e, 0x83ee, 0x83ed, 0x83cd, 0x83cd, 0x7bad, 0x4aca, 0x3a68,
		0x42a9, 0x52aa, 0x528a, 0x52aa, 0x4aca, 0x42eb, 0x4acb, 0x4249, 0x4a49,
		0x4aaa, 0x530b, 0x52ea, 0x734c, 0x7aeb, 0x7268, 0x61c6, 0x6a28, 0x72ca,
		0x83ae, 0x83ef, 0x8450, 0x8c91, 0x7bce, 0x7b8d, 0x6269, 0x6208, 0x8b2c,
		0x9bef, 0x940f, 0x9c70, 0x8450, 0x7bee, 0x8c50, 0x9471, 0x9471, 0x8c10,
		0x8bf0, 0x9431, 0x9c72, 0x8c10, 0x9cb2, 0x9cb2, 0xa513, 0xa513, 0xa533,
		0xad54, 0xb532, 0xb532, 0xb532, 0xc533, 0xcd33, 0xc491, 0xab6d, 0x92cb,
		0xbc71, 0xbd13, 0xad53, 0x9d32, 0xa594, 0xad74, 0xb554, 0xbd55, 0xb575,
		0xb575, 0xb575, 0xb575, 0xb574, 0xb574, 0xb575, 0xb575, 0xb574, 0xbdb6,
		0x8c0f, 0x83ee, 0xa513, 0x9cf2, 0x8c50, 0x7bee, 0x8c70, 0x9cf2, 0xa512,
		0xad53, 0xad53, 0xad33, 0x9cb1, 0xa512, 0xa512, 0xa513, 0x8c2f, 0x7bce,
		0x8c4f, 0x9470, 0x8c70, 0x8c70, 0x8c4f, 0x7bcd, 0x840e, 0x842f, 0xa4f2,
		0x8c2f, 0x7bcd, 0x9490, 0x9cd1, 0xa4f2, 0xa4f2, 0x9cb1, 0x9470, 0x9470,
		0x9470, 0x9470, 0x9470, 0x9470, 0x9470, 0x9450, 0x9470, 0x9470, 0x9450,
		0x8c2f, 0x8c2f, 0x8c2f, 0x8c0e, 0x83ee, 0x83ee, 0x83cd, 0x7bad, 0x7bad,
		0x4ac9, 0x42a9, 0x4268, 0x4249, 0x52ab, 0x52ab, 0x428a, 0x428a, 0x3228,
		0x4229, 0x4a49, 0x4aca, 0x5b2c, 0x634c, 0x734c, 0x836d, 0x73cd, 0x7bee,
		0x73ad, 0x62ea, 0x52aa, 0x634c, 0x7c0f, 0x8491, 0x7bce, 0x83ce, 0x7aca,
		0x5945, 0x6145, 0x71c7, 0x92eb, 0xabce, 0x9410, 0x9430, 0x940f, 0x9450,
		0x9450, 0x8c10, 0x8c50, 0x842f, 0x9471, 0x9471, 0x9491, 0xa4f2, 0xb534,
		0xacd2, 0xb513, 0xbd34, 0xb532, 0xc533, 0xd533, 0xd4b2, 0xb3ae, 0x8a89,
		0x9bad, 0xbd32, 0xad32, 0xa532, 0xad33, 0xad33, 0xb534, 0xb554, 0xbd55,
		0xb554, 0xb575, 0xb575, 0xb575, 0xb575, 0xb575, 0xb575, 0xb575, 0xb575,
		0xb575, 0xb574, 0x9491, 0x7bae, 0xa4f3, 0x9cd2, 0x9491, 0x7bee, 0x840e,
		0x9cd1, 0xa533, 0xa533, 0xad53, 0xad33, 0xa4f2, 0xa4f2, 0xa4f2, 0xa512,
		0x9cb1, 0x7bcd, 0x8c70, 0x8c4f, 0x9470, 0x8c70, 0x8c4f, 0x840e, 0x9cd1,
		0x9cf2, 0xad33, 0x840e, 0x73ad, 0x8c4f, 0x9cb1, 0xa4f2, 0xa4d2, 0xa4d2,
		0x9cb1, 0x9470, 0x9450, 0x9450, 0x9450, 0x9450, 0x9450, 0x9450, 0x9470,
		0x9470, 0x944f, 0x944f, 0x944f, 0x8c2e, 0x8c0e, 0x83ee, 0x83ee, 0x83ee,
		0x7bad, 0x7b8d, 0x3a68, 0x42a9, 0x4aa9, 0x4aaa, 0x52aa, 0x4a69, 0x3a08,
		0x3208, 0x3a49, 0x4269, 0x528a, 0x52cb, 0x5b2c, 0x632c, 0x732c, 0x7b4d,
		0x63cd, 0x6bcd, 0x73ee, 0x73ce, 0x636d, 0x5b2c, 0x6b8d, 0x842f, 0x7bce,
		0x83ce, 0x8bad, 0x8b0b, 0x8aaa, 0x79e7, 0x7166, 0x7166, 0x7a29, 0x8acb,
		0xa3cf, 0x9bef, 0x9c0f, 0x942f, 0x7bee, 0x8490, 0x8cd1, 0x9512, 0x9512,
		0x94d1, 0xa4f2, 0xacf2, 0xc554, 0xcd54, 0xd554, 0xc491, 0xab4d, 0x8228,
		0x92aa, 0xb450, 0xbd53, 0xa512, 0xa553, 0xa553, 0xb513, 0xbd13, 0xbd14,
		0xbd34, 0xb574, 0xad95, 0xb575, 0xb575, 0xb575, 0xb575, 0xb575, 0xb574,
		0xb574, 0xb574, 0xbd95, 0xb595, 0x8c50, 0x736c, 0xa4f3, 0x9cf2, 0x9491,
		0x840f, 0x840e, 0x9cb1, 0xa512, 0xa533, 0xad53, 0xad53, 0xa533, 0xa4f2,
		0x9cd1, 0x9cf2, 0x9cd1, 0x842f, 0x840e, 0x9470, 0x9490, 0x9cb1, 0x9490,
		0x8c4f, 0x9cf2, 0x9cf2, 0xa512, 0x840e, 0x73ad, 0x840f, 0x9cb1, 0x9cd2,
		0xa4d2, 0xa4f2, 0x9cb1, 0x9470, 0x9450, 0x8c2f, 0x9450, 0x9450, 0x944f,
		0x944f, 0x9470, 0x9470, 0x944f, 0x944f, 0x944f, 0x8c2f, 0x8c0e, 0x83ee,
		0x83ee, 0x83ce, 0x7bad, 0x7b6c, 0x4268, 0x4aa9, 0x4aca, 0x4a89, 0x4a49,
		0x4228, 0x3a08, 0x3a08, 0x4a6a, 0x52ab, 0x5acb, 0x5aeb, 0x630b, 0x630c,
		0x732c, 0x7b2d, 0x73ce, 0x73ad, 0x73ae, 0x7bef, 0x7bef, 0x7baf, 0x7bae,
		0x7bce, 0x83ee, 0x83cd, 0x83cd, 0x8bcd, 0x9c0e, 0x9bad, 0x8aeb, 0x7a28,
		0x7966, 0x7125, 0x79a7, 0x8249, 0x9b4c, 0xac70, 0x942e, 0x8c4e, 0x8cd0,
		0x8cd0, 0x9511, 0x9d11, 0xa4f1, 0xb512, 0xcd53, 0xb470, 0xab0c, 0x8a49,
		0x8a69, 0xa3ce, 0xbd12, 0xb4f2, 0x942f, 0xa4d1, 0xad12, 0xb513, 0xb4f3,
		0xbd13, 0xbd34, 0xb554, 0xad74, 0xad95, 0xb575, 0xb575, 0xb575, 0xb574,
		0xb574, 0xb574, 0xb574, 0xb574, 0xb574, 0xbdb5, 0x8c50, 0x630b, 0x9cf2,
		0xa4f2, 0x9491, 0x842f, 0x83ee, 0x9470, 0xa4f2, 0xa533, 0xad33, 0xad53,
		0xad33, 0xa4f2, 0x9cd1, 0x9cb1, 0x9cf2, 0x9490, 0x840e, 0x9cf2, 0x94b1,
		0x9490, 0x94b1, 0x8c70, 0x9cf2, 0xa4f2, 0x9cf2, 0x840e, 0x7bcd, 0x840e,
		0x9cb1, 0x9cd1, 0xa4f2, 0xa4f2, 0x9c91, 0x9450, 0x9470, 0x8c0f, 0x8c2f,
		0x9450, 0x942f, 0x8c2f, 0x9450, 0x9470, 0x944f, 0x944f, 0x8c2f, 0x8c2f,
		0x83ee, 0x83ee, 0x83ce, 0x7bad, 0x7b8c, 0x736c, 0x4289, 0x4aa9, 0x4a89,
		0x4228, 0x4208, 0x4228, 0x4a69, 0x528a, 0x52aa, 0x5acb, 0x5acb, 0x5acb,
		0x62eb, 0x6b0c, 0x6b2c, 0x734d, 0x7b4d, 0x7b6d, 0x7b8e, 0x7b8e, 0x7b8f,
		0x7b8f, 0x83af, 0x8bcf, 0x83ee, 0x7bee, 0x7c0e, 0x7c0d, 0x7c0d, 0x8c2e,
		0x9c4f, 0x9c0e, 0xb36d, 0x9aaa, 0x81e7, 0x7186, 0x6144, 0x71e7, 0x932b,
		0xa3ee, 0xb4d1, 0xacb0, 0xb4d0, 0xbcf1, 0xc512, 0xbc90, 0xabcd, 0x8aa8,
		0x9229, 0xb36e, 0xcd13, 0xc553, 0x9c6f, 0x9c90, 0xa470, 0xa430, 0xb472,
		0xbcb2, 0xb4f3, 0xb533, 0xad74, 0xad74, 0xad54, 0xb575, 0xb575, 0xb575,
		0xb574, 0xb574, 0xb574, 0xb574, 0xb574, 0xb574, 0xb554, 0xbdb5, 0x8c50,
		0x62ea, 0x9cd2, 0x9cf2, 0x8c70, 0x8c70, 0x840e, 0x842f, 0x9cb1, 0xa533,
		0xa533, 0xad33, 0xad53, 0xa512, 0xa4f2, 0x9cd1, 0x9cd1, 0x9cb1, 0x840e,
		0x9cf2, 0x9cf2, 0x9490, 0x9490, 0x9470, 0x9cd1, 0x9cf2, 0x9cd1, 0x8c2f,
		0x8c2f, 0x8c4f, 0x9491, 0x9cb1, 0xa4f2, 0xa4f2, 0x9490, 0x8c4f, 0x9470,
		0x8c2f, 0x8c0f, 0x9450, 0x942f, 0x8c0e, 0x8c2f, 0x944f, 0x944f, 0x944f,
		0x8c2f, 0x8c0e, 0x83ee, 0x83ee, 0x7bcd, 0x7b8d, 0x736c, 0x734b, 0x4248,
		0x4248, 0x4228, 0x3a28, 0x4228, 0x4a69, 0x52aa, 0x52aa, 0x5aca, 0x5aeb,
		0x5acb, 0x5acb, 0x62eb, 0x6b2c, 0x6b4c, 0x736d, 0x834d, 0x7b2d, 0x7b6e,
		0x83af, 0x7baf, 0x7b6e, 0x838e, 0x8bcf, 0x8bef, 0x7bae, 0x7c0e, 0x846f,
		0x7c2e, 0x7bcd, 0x8bee, 0x940f, 0x9c2f, 0xa42f, 0xa3ee, 0xa38d, 0x8a69,
		0x79a6, 0x7165, 0x81e7, 0x9aaa, 0xb38d, 0xb38d, 0xa2ea, 0x9a89, 0x8a07,
		0x9207, 0x9248, 0xc492, 0xd514, 0xb491, 0xa450, 0x9c30, 0xa450, 0xac30,
		0xb451, 0xb451, 0xac72, 0xacf3, 0xad54, 0xad74, 0xad74, 0xad54, 0xb555,
		0xb574, 0xb574, 0xb574, 0xb574, 0xb574, 0xb574, 0xb574, 0xb574, 0xb554,
		0xbdb5, 0x9450, 0x62ea, 0x9cb1, 0xa4f2, 0x9470, 0x9491, 0x842f, 0x7bee,
		0x8c70, 0xa512, 0xa533, 0xa512, 0xad33, 0xa533, 0xa512, 0xa4f2, 0x9cf2,
		0x9cb1, 0x83ee, 0x8c4f, 0xad33, 0x9cd1, 0x8c70, 0x8c70, 0x94b1, 0x9cd1,
		0x9cd1, 0x9470, 0x9490, 0x9490, 0x9490, 0x9cb1, 0x9cd2, 0xa4f2, 0x9470,
		0x8c2f, 0x9470, 0x9470, 0x8c0f, 0x9450, 0x942f, 0x8c0e, 0x8c0f, 0x944f,
		0x8c2f, 0x8c2f, 0x8c2f, 0x8c0e, 0x83ee, 0x83cd, 0x7bad, 0x738c, 0x734c,
		0x6b2b, 0x4248, 0x4207, 0x3a07, 0x4228, 0x4248, 0x4a89, 0x52aa, 0x5289,
		0x5aca, 0x5acb, 0x5aca, 0x5aca, 0x630b, 0x6b2c, 0x6b4c, 0x6b8d, 0x736d,
		0x736c, 0x736d, 0x73ae, 0x7bcf, 0x7bcf, 0x83cf, 0x83ae, 0x8bef, 0x83ae,
		0x83ce, 0x8c2f, 0x8c2f, 0x8c2f, 0x8c0f, 0x8bee, 0x7c4e, 0x7c4e, 0x8c2e,
		0x93ee, 0xac10, 0xab8e, 0x7186, 0x8a29, 0x89e8, 0x81c7, 0x89e8, 0x89e7,
		0x9249, 0xb34d, 0xc3ae, 0xa28a, 0x9c2f, 0x9c0f, 0xa3ef, 0xb451, 0xa3ef,
		0xa3cf, 0xb451, 0xac31, 0xa471, 0xa471, 0xa4d2, 0xb534, 0xb554, 0xb554,
		0xb574, 0xb554, 0xb554, 0xb554, 0xb554, 0xb554, 0xb554, 0xb574, 0xb574,
		0xb574, 0xb574, 0xb574, 0x8c4f, 0x62ca, 0x9491, 0xa4f2, 0x9491, 0x94b1,
		0x8c4f, 0x7bcd, 0x842f, 0x9cf2, 0xa512, 0xa512, 0xa533, 0xa533, 0x9cf2,
		0x9cf2, 0x9cd1, 0x9cd1, 0x9470, 0x8c70, 0xad33, 0x9cd1, 0x8c70, 0x9470,
		0x9470, 0x94b1, 0x9cd1, 0x94b1, 0x9cd1, 0x9cd1, 0x9490, 0x94b1, 0x9cd1,
		0x9cd1, 0x8c70, 0x840e, 0x9470, 0x9490, 0x8c2f, 0x942f, 0x942f, 0x8c2f,
		0x8c0f, 0x8c2f, 0x8c2f, 0x8c0f, 0x8c0e, 0x83ee, 0x83ee, 0x7bad, 0x7b8c,
		0x734c, 0x6b2b, 0x62ea, 0x4228, 0x39e7, 0x39e7, 0x4248, 0x4269, 0x4aa9,
		0x52aa, 0x5289, 0x5aaa, 0x5aaa, 0x5aaa, 0x5aca, 0x62eb, 0x630b, 0x5b4c,
		0x636d, 0x630a, 0x736c, 0x738d, 0x736d, 0x6b6d, 0x73ae, 0x7bef, 0x83ef,
		0x7bae, 0x8bcf, 0x8bcf, 0x8bcf, 0x838e, 0x8bef, 0x8c30, 0x8c50, 0x744f,
		0x846f, 0x8c70, 0x8c0f, 0x93ef, 0x9bcf, 0x726a, 0x936d, 0xac30, 0x9bce,
		0xac50, 0xb491, 0xb470, 0xc4d2, 0xccd2, 0x8aaa, 0x836c, 0x93ef, 0x9c0f,
		0xa3cf, 0xac10, 0xac10, 0xa430, 0xa451, 0xa492, 0x9c50, 0xa492, 0xb4f3,
		0xb4f3, 0xb514, 0xbd75, 0xb534, 0xb554, 0xb554, 0xb554, 0xb554, 0xb554,
		0xb554, 0xb554, 0xb554, 0xb574, 0xb554, 0x9c90, 0x6b4b, 0x9490, 0x9cd1,
		0x9491, 0x9cb1, 0x9470, 0x83ee, 0x840e, 0x94b1, 0xa4f2, 0xa512, 0xa533,
		0xa533, 0xa512, 0x9cd1, 0x9490, 0x9cb1, 0x9cb1, 0x9490, 0x9cd1, 0x8c4f,
		0x8c50, 0x9470, 0x8c2f, 0x9470, 0x9cb1, 0x9490, 0x9cb1, 0x9cd1, 0x9cb1,
		0x9cb1, 0x94b1, 0x9cd1, 0x9470, 0x840e, 0x8c4f, 0x9490, 0x9430, 0x8c0f,
		0x942f, 0x944f, 0x8c0e, 0x8c0e, 0x8c2f, 0x83ee, 0x83ee, 0x83ce, 0x7bad,
		0x7b8c, 0x734c, 0x6b0b, 0x62ca, 0x5aa9, 0x39c7, 0x3186, 0x39c7, 0x4269,
		0x4a89, 0x4aa9, 0x52aa, 0x5289, 0x5289, 0x5289, 0x52aa, 0x5aca, 0x62eb,
		0x5aea, 0x530b, 0x5b6c, 0x736c, 0x6b4b, 0x734c, 0x7b6d, 0x7bae, 0x73ae,
		0x73cf, 0x7bef, 0x7bcf, 0x83ae, 0x8b8e, 0x9bf0, 0x93cf, 0x8bf0, 0x7bef,
		0x7c30, 0x8c30, 0x8c30, 0x8c30, 0x9451, 0x8c10, 0x9451, 0x7bae, 0x738d,
		0x842f, 0x94d1, 0x94f1, 0x8cb0, 0x94b0, 0x946f, 0x946f, 0x8c0e, 0x93ae,
		0x93ae, 0xa430, 0x9bef, 0x9c10, 0x9c10, 0x9c50, 0xa471, 0xa4b2, 0x9430,
		0x9c71, 0xacd2, 0xacb2, 0xb4f3, 0xbd55, 0xb514, 0xb554, 0xb554, 0xb554,
		0xb554, 0xb554, 0xb554, 0xb554, 0xb553, 0xb553, 0xb574, 0xad12, 0x83cd,
		0x9cb1, 0x9cb1, 0x9491, 0x9cd2, 0x9490, 0x8c2f, 0x842f, 0x9490, 0x9cf2,
		0xa533, 0xa533, 0xa512, 0xa512, 0x94b1, 0x8c70, 0x8c4f, 0x8c4f, 0x8c2f,
		0x842f, 0x8c2f, 0x8c4f, 0x9470, 0x840e, 0x8c4f, 0x9cb1, 0x9490, 0x9490,
		0x9cb1, 0x9cd1, 0x9cb1, 0x9490, 0x94b1, 0x9470, 0x840e, 0x842f, 0x9470,
		0x9450, 0x8c0f, 0x944f, 0x9450, 0x8bee, 0x83ee, 0x8c2f, 0x83ee, 0x83cd,
		0x7bad, 0x7b8d, 0x736c, 0x6b2b, 0x62ea, 0x5a89, 0x5268, 0x31a6, 0x31a6,
		0x39c6, 0x4a49, 0x528a, 0x526a, 0x528a, 0x5aaa, 0x4a49, 0x4a48, 0x5289,
		0x5289, 0x52ca, 0x52ab, 0x5aec, 0x52cb, 0x6aeb, 0x734d, 0x734d, 0x734d,
		0x7b8e, 0x7b8e, 0x7b8e, 0x83cf, 0x83cf, 0x83cf, 0x83cf, 0x8bef, 0x8bef,
		0x8bef, 0x8c0f, 0x8c0f, 0x8c10, 0x8c30, 0x9430, 0x8c30, 0x8c50, 0x8c30,
		0x738d, 0x6b4c, 0x7bee, 0x9cb1, 0xa4d2, 0x9c71, 0x9c71, 0x9410, 0x93ef,
		0x9c30, 0x8c2f, 0x8bef, 0x9c91, 0x8bef, 0x940f, 0x9c10, 0x9c10, 0xac51,
		0xac72, 0x9bf0, 0xac51, 0xac92, 0xa471, 0xacd2, 0xad33, 0xad33, 0xad54,
		0xb554, 0xad54, 0xad54, 0xad54, 0xad54, 0xb554, 0xb554, 0xb553, 0xb533,
		0xb533, 0xa4b1, 0x9470, 0x9470, 0x9cf2, 0x94b1, 0x8c73, 0x8431, 0x7bf0,
		0x8430, 0x9cd1, 0xa532, 0xa532, 0xa532, 0xa512, 0x9cf1, 0x9490, 0x8c4f,
		0x8c2f, 0x8c2f, 0x8bef, 0x8bef, 0x8c2f, 0x8c2f, 0x8c2f, 0x8c2f, 0x8c50,
		0x9491, 0x9cb1, 0x9491, 0x9cd1, 0x9490, 0x9470, 0x9490, 0x9470, 0x8c2f,
		0x840f, 0x8c2f, 0x9450, 0x8c30, 0x8c0f, 0x8c30, 0x8c2f, 0x83ee, 0x83ce,
		0x83ce, 0x83ae, 0x7b8d, 0x736c, 0x734c, 0x62ea, 0x5aa9, 0x5268, 0x4a27,
		0x2965, 0x31a6, 0x31a6, 0x41e7, 0x5269, 0x5aaa, 0x5aaa, 0x5a8a, 0x5a8a,
		0x5269, 0x5269, 0x4a69, 0x528a, 0x52aa, 0x5acb, 0x52ab, 0x62cb, 0x62cb,
		0x6aeb, 0x6b0c, 0x734d, 0x7b8e, 0x83cf, 0x83af, 0x83cf, 0x83cf, 0x83cf,
		0x8bef, 0x8bef, 0x8bef, 0x8bef, 0x8c0f, 0x9430, 0x9430, 0x9430, 0x8c10,
		0x840f, 0x7bce, 0x6b4c, 0x6b6c, 0x8c50, 0x9cd2, 0xa4f2, 0xa4b2, 0xa491,
		0x93ef, 0x8b8e, 0x93ef, 0x9430, 0x8c2f, 0x9c70, 0x8c0f, 0x93ef, 0x9c30,
		0x9bf0, 0xa410, 0xac71, 0x9bcf, 0xa430, 0xac92, 0xa491, 0xa4b1, 0xad13,
		0xb553, 0xb553, 0xb554, 0xb554, 0xb574, 0xb554, 0xb554, 0xb554, 0xb554,
		0xb533, 0xb553, 0xb533, 0xad12, 0x8c2f, 0x9470, 0x9cd1, 0x9490, 0x8c72,
		0x8c51, 0x8410, 0x842f, 0x9491, 0xa512, 0xa532, 0xa512, 0xa512, 0x9cf2,
		0x94b0, 0x8c50, 0x8c4f, 0x8c2f, 0x8c0f, 0x8c0f, 0x842f, 0x8c2f, 0x8c2f,
		0x8c2f, 0x8c4f, 0x9470, 0x9491, 0x9491, 0x9491, 0x9470, 0x9470, 0x9470,
		0x9470, 0x8c2f, 0x840e, 0x840e, 0x9450, 0x9450, 0x8c2f, 0x8c0f, 0x8c0f,
		0x83ee, 0x83ce, 0x7bad, 0x7b8d, 0x736c, 0x734c, 0x6b2b, 0x5ac9, 0x5268,
		0x4a27, 0x41e6, 0x31a5, 0x4207, 0x41e6, 0x4207, 0x5249, 0x5269, 0x5a8a,
		0x5aaa, 0x5a89, 0x5269, 0x4a48, 0x4a68, 0x4a49, 0x52aa, 0x52aa, 0x528a,
		0x5a89, 0x5a69, 0x62ca, 0x6aeb, 0x6aeb, 0x734d, 0x83ae, 0x7b8e, 0x83cf,
		0x83cf, 0x83cf, 0x83ef, 0x8bef, 0x8bef, 0x8bef, 0x8c0f, 0x8c30, 0x8c10,
		0x8c30, 0x83ef, 0x7bae, 0x736d, 0x6b4c, 0x7bce, 0x9491, 0xa4d2, 0xa4d2,
		0xa4d2, 0xa4b2, 0x940f, 0x8bae, 0x93ef, 0x9470, 0x9450, 0x9430, 0x8c0f,
		0x83ce, 0x9c30, 0x93ef, 0x9c10, 0xa431, 0x9c10, 0xa451, 0xa491, 0xa471,
		0x9c70, 0x9c91, 0xa512, 0xb513, 0xb533, 0xb533, 0xb534, 0xb534, 0xb533,
		0xb533, 0xb533, 0xb513, 0xb532, 0xb532, 0xb512, 0x944f, 0x9470, 0x9cd1,
		0x9490, 0x9471, 0x9471, 0x8c2f, 0x8c0f, 0x9470, 0xa4f1, 0xa512, 0xa4f2,
		0xa4f2, 0x9cf2, 0x94b1, 0x8c50, 0x8c50, 0x8c4f, 0x840f, 0x8c2f, 0x840f,
		0x842f, 0x8c2f, 0x8c2f, 0x8c2f, 0x8c2f, 0x9470, 0x9491, 0x9490, 0x9470,
		0x9470, 0x8c50, 0x9470, 0x8c4f, 0x8c0f, 0x83ee, 0x8c2f, 0x9450, 0x9430,
		0x8c0f, 0x83ee, 0x83ee, 0x83ce, 0x736c, 0x736c, 0x734c, 0x6b2b, 0x62ea,
		0x5a89, 0x5247, 0x4a06, 0x39c5, 0x39c5, 0x4206, 0x41e6, 0x41e6, 0x4a28,
		0x4a28, 0x5248, 0x5a68, 0x5268, 0x5248, 0x4a07, 0x4a07, 0x41c6, 0x4a28,
		0x4a28, 0x4208, 0x4a07, 0x5a49, 0x6acb, 0x6aeb, 0x62cb, 0x6b0c, 0x7b8e,
		0x83cf, 0x83ae, 0x83ae, 0x83cf, 0x83ef, 0x8bef, 0x8bef, 0x8c0f, 0x8c0f,
		0x8c10, 0x8c10, 0x8c30, 0x83ef, 0x7b8d, 0x736d, 0x738d, 0x8c2f, 0x9c91,
		0x9cd2, 0x9cb2, 0x9cb2, 0x9cb2, 0x9450, 0x940f, 0x9450, 0x9491, 0x9471,
		0x8c30, 0x8c0f, 0x7bae, 0x8c0f, 0x8bcf, 0x9410, 0x9410, 0x93ef, 0x9410,
		0x9c50, 0xa4b2, 0xa4d2, 0x9cb1, 0xa4d1, 0xb513, 0xb533, 0xb533, 0xb533,
		0xb533, 0xb533, 0xb533, 0xb533, 0xb512, 0xb512, 0xb512, 0xacf1, 0xa4d1,
		0x9c70, 0x9cb1, 0x9490, 0x9470, 0x9470, 0x8c2f, 0x8c0e, 0x9470, 0x9cb1,
		0xa4d2, 0xa4f2, 0xa4f2, 0xa4f3, 0x94b2, 0x8c50, 0x8c50, 0x8c4f, 0x842f,
		0x8c4f, 0x8c2f, 0x8c2f, 0x8c2f, 0x8c50, 0x8c2f, 0x840f, 0x8c2f, 0x9490,
		0x9490, 0x9490, 0x9470, 0x8c4f, 0x8c4f, 0x944f, 0x8c2f, 0x83ee, 0x8c0e,
		0x942f, 0x942f, 0x8bee, 0x83ce, 0x83ce, 0x7bad, 0x736c, 0x734c, 0x6b2b,
		0x630b, 0x62ca, 0x5268, 0x4a27, 0x41e6, 0x39a5, 0x39a5, 0x41e6, 0x41c6,
		0x41e6, 0x4a07, 0x5227, 0x5248, 0x5a68, 0x5a88, 0x5a88, 0x5a68, 0x5227,
		0x41c5, 0x41e7, 0x41e7, 0x41e7, 0x49e7, 0x6289, 0x6aeb, 0x6acb, 0x6acb,
		0x6acb, 0x734d, 0x8bcf, 0x83ae, 0x83ae, 0x83cf, 0x83ef, 0x83ef, 0x8bef,
		0x8bef, 0x8c0f, 0x8c30, 0x8c30, 0x8c30, 0x83ce, 0x7b8e, 0x7b8d, 0x7bad,
		0x8c2f, 0x9cb1, 0xa4d2, 0x9cb2, 0x9c91, 0x9c91, 0x9c71, 0x9450, 0x9450,
		0x9491, 0x8c50, 0x8c50, 0x840f, 0x7bce, 0x7bae, 0x7b8e, 0x83ef, 0x7b8e,
		0x8bcf, 0x9430, 0x9430, 0x83ce, 0x838d, 0x8bee, 0xa4d2, 0xb4d1, 0xb4d2,
		0xacd2, 0xacd2, 0xacd2, 0xb4f2, 0xb4f2, 0xb4f2, 0xb4f2, 0xbd12, 0xb4f2,
		0xacf1, 0xb512, 0x9c50, 0x9450, 0x9c90, 0x9cb0, 0x946f, 0x8c2e, 0x944f,
		0x9c70, 0x9c91, 0x9c91, 0xa4d2, 0xa4d3, 0xa4f3, 0x9cb2, 0x8c70, 0x8c4f,
		0x8c4f, 0x8c4e, 0x8c4e, 0x8c2f, 0x8c2f, 0x8c4f, 0x8c50, 0x8c2f, 0x83ee,
		0x840e, 0x8c4f, 0x9470, 0x9490, 0x9490, 0x944f, 0x8c2f, 0x8c4f, 0x8c2f,
		0x840e, 0x83ee, 0x8c0f, 0x8c2f, 0x8c0e, 0x83ce, 0x7bad, 0x7b8d, 0x736c,
		0x6b2b, 0x630a, 0x5aca, 0x5289, 0x4a27, 0x4a07, 0x41c6, 0x3164, 0x3143,
		0x3143, 0x3164, 0x39a5, 0x3123, 0x20a1, 0x3123, 0x49e6, 0x5226, 0x5a47,
		0x6288, 0x62a9, 0x5a68, 0x5a68, 0x5a69, 0x5a69, 0x5a69, 0x6acb, 0x6acb,
		0x6aaa, 0x6acb, 0x6acb, 0x6aeb, 0x7b6d, 0x83ae, 0x83ae, 0x83ce, 0x83cf,
		0x83ef, 0x83ef, 0x83ef, 0x83ef, 0x8c30, 0x8c30, 0x8c30, 0x83ce, 0x7bae,
		0x7bae, 0x83ae, 0x8c0f, 0x9c91, 0xa4b2, 0xa4b2, 0x9cb1, 0x9c91, 0x9471,
		0x9450, 0x8c50, 0x8c70, 0x8c50, 0x8c50, 0x842f, 0x83ef, 0x738d, 0x736d,
		0x738d, 0x7b8d, 0x6b0b, 0x62ca, 0x62ca, 0x62aa, 0x5a89, 0x62aa, 0x7b8d,
		0xac70, 0xac70, 0xa470, 0xa470, 0xa470, 0xa470, 0xac90, 0xac90, 0xac90,
		0xbd12, 0xb4b1, 0xb4f2, 0xacd2, 0x9c70, 0x940f, 0x9c91, 0x9cb0, 0x948f,
		0x944f, 0x946f, 0x9c90, 0x9c90, 0x9c71, 0xa4b2, 0x9cd2, 0x9cd3, 0x9cd2,
		0x8c71, 0x842f, 0x8c4f, 0x8c6f, 0x8c4e, 0x8c2f, 0x8c2f, 0x8c2f, 0x8c4f,
		0x8c2f, 0x83ee, 0x83ee, 0x840e, 0x8c2f, 0x9470, 0x9c90, 0x9470, 0x8c4f,
		0x8c4f, 0x8c2f, 0x83ee, 0x83ee, 0x83ee, 0x8c0e, 0x8c0e, 0x83cd, 0x7b8c,
		0x736c, 0x736c, 0x6b0b, 0x62ca, 0x5a89, 0x5248, 0x4a07, 0x41e6, 0x3985,
		0x2923, 0x3183, 0x3143, 0x3984, 0x39a4, 0x20a1, 0x0800, 0x20a1, 0x41a4,
		0x4184, 0x4184, 0x5206, 0x5a67, 0x5a88, 0x5a68, 0x5a89, 0x5a89, 0x6aaa,
		0x6aca, 0x6aaa, 0x6aaa, 0x6acb, 0x6acb, 0x6acb, 0x6acb, 0x838e, 0x838e,
		0x83ae, 0x83cf, 0x83ef, 0x83ef, 0x83ef, 0x83ef, 0x840f, 0x840f, 0x8c30,
		0x83ef, 0x7bae, 0x7b8d, 0x83ae, 0x9450, 0x9c91, 0x9c91, 0x9c91, 0x9cb1,
		0x9491, 0x8c50, 0x8c50, 0x8c50, 0x8c50, 0x8c50, 0x8c50, 0x840f, 0x840f,
		0x7bce, 0x73ae, 0x6b6d, 0x738d, 0x6b0b, 0x62eb, 0x6aeb, 0x6b0b, 0x732c,
		0x838d, 0x9430, 0xac70, 0xac70, 0xac70, 0xac70, 0xac70, 0xac70, 0xac70,
		0xac70, 0xa44f, 0xac90, 0xac70, 0xac91, 0xa470, 0x9c70, 0x9410, 0x8bef,
		0x9470, 0x9470, 0x9470, 0x9470, 0x9c90, 0x9c70, 0x9c71, 0x9cb1, 0x9cd2,
		0x9cd2, 0x9cd2, 0x9491, 0x842f, 0x8c4f, 0x948f, 0x8c4f, 0x8c4f, 0x8c2f,
		0x8c2f, 0x8c4f, 0x8c2f, 0x840e, 0x83ee, 0x83cd, 0x8c0f, 0x9470, 0x9490,
		0x9470, 0x944f, 0x8c4f, 0x8c2f, 0x840e, 0x8c0e, 0x83ee, 0x83ee, 0x83ed,
		0x83cd, 0x7b8c, 0x734b, 0x6b2b, 0x62ea, 0x5aa9, 0x5268, 0x4a27, 0x41e6,
		0x39a6, 0x2924, 0x1881, 0x3183, 0x39a4, 0x39a4, 0x2922, 0x1040, 0x1880,
		0x3143, 0x3943, 0x41a4, 0x3963, 0x4184, 0x41a5, 0x4a06, 0x5207, 0x5a69,
		0x5a89, 0x6289, 0x5a69, 0x628a, 0x6aca, 0x6aca, 0x72eb, 0x72eb, 0x62aa,
		0x7b6d, 0x7b6d, 0x7b8e, 0x83ce, 0x83cf, 0x83ef, 0x83ef, 0x83ef, 0x842f,
		0x840f, 0x8c30, 0x83ef, 0x7bae, 0x734d, 0x7b8d, 0x9450, 0x9cb2, 0x9c91,
		0x9c91, 0x9c91, 0x9470, 0x842f, 0x842f, 0x8c70, 0x8c71, 0x9471, 0x8c50,
		0x840f, 0x840f, 0x840f, 0x7bef, 0x6b6d, 0x736d, 0x6b6c, 0x736d, 0x734c,
		0x7b8d, 0x9c30, 0xa471, 0xa451, 0xac70, 0xac70, 0xac91, 0xac71, 0xac71,
		0xac71, 0xac70, 0xac70, 0xac70, 0xa42f, 0xa42f, 0x9c0f, 0x9c30, 0x9c30,
		0x9430, 0x6b0c, 0x8430, 0x8c71, 0x9491, 0x9471, 0x9471, 0x9470, 0x9c71,
		0x9c91, 0xa4d2, 0x9cb2, 0x9cd2, 0x94b1, 0x842f, 0x8c4f, 0x9490, 0x8c6f,
		0x9470, 0x8c4f, 0x8c2f, 0x8c2f, 0x8c4f, 0x8c2f, 0x83ee, 0x7bcd, 0x8c2f,
		0x944f, 0x9470, 0x9470, 0x944f, 0x944f, 0x8c2f, 0x8c2f, 0x8c0e, 0x840e,
		0x83cd, 0x83cd, 0x7bad, 0x7b8c, 0x6b4b, 0x62ea, 0x5aa9, 0x5268, 0x4a27,
		0x4207, 0x41c6, 0x3185, 0x20c2, 0x0000, 0x3184, 0x39a4, 0x39a4, 0x1880,
		0x1040, 0x3122, 0x20a1, 0x3963, 0x41c4, 0x41a4, 0x49c5, 0x3963, 0x3984,
		0x3964, 0x3124, 0x41c6, 0x62aa, 0x62aa, 0x6289, 0x6aca, 0x72eb, 0x72eb,
		0x730b, 0x628a, 0x6289, 0x7b6d, 0x838e, 0x7b8d, 0x83ef, 0x7b8e, 0x7bae,
		0x83ef, 0x7bef, 0x7bef, 0x8c30, 0x83ef, 0x7b8d, 0x734c, 0x83ef, 0x9450,
		0x9471, 0x9470, 0x9cb2, 0x8c50, 0x8c2f, 0x842f, 0x8c50, 0x8c50, 0x8c50,
		0x94b1, 0x9471, 0x8c30, 0x83ef, 0x8c50, 0x8430, 0x7bce, 0x6b6d, 0x7bce,
		0x738d, 0x8bef, 0x9c71, 0x9c50, 0xa450, 0xa430, 0xac50, 0xac70, 0xac71,
		0xac71, 0xac71, 0xa450, 0xa450, 0xac50, 0xac50, 0xac70, 0xa450, 0xa450,
		0x9c30, 0x9c51, 0x7b6e, 0x1862, 0x2987, 0x7bf0, 0x8c72, 0x9472, 0x9491,
		0x9470, 0x9c91, 0x9470, 0x9c90, 0x9cd1, 0xa4f2, 0x9cb1, 0x8c50, 0x9470,
		0x9490, 0x9450, 0x944f, 0x8c2f, 0x8c2f, 0x8c2f, 0x8c2f, 0x8c2f, 0x8c0e,
		0x83ee, 0x8c2f, 0x8c4f, 0x9450, 0x9470, 0x9450, 0x944f, 0x8c2f, 0x8c0e,
		0x8c0e, 0x83ed, 0x83ee, 0x7bad, 0x7b8c, 0x736c, 0x6b2b, 0x62c9, 0x5288,
		0x5248, 0x41e6, 0x41c6, 0x39a6, 0x20e3, 0x1040, 0x1061, 0x31a4, 0x3184,
		0x2943, 0x0840, 0x1060, 0x20c1, 0x2902, 0x3963, 0x2902, 0x3983, 0x41a4,
		0x41a5, 0x41c6, 0x41e6, 0x2903, 0x1061, 0x28c3, 0x5208, 0x6acb, 0x6aeb,
		0x62aa, 0x62aa, 0x730b, 0x6aeb, 0x5a48, 0x6aca, 0x730c, 0x7b6d, 0x8bef,
		0x7b6d, 0x7b6d, 0x83ce, 0x7bef, 0x7bce, 0x840f, 0x7bce, 0x7b8d, 0x736d,
		0x83ef, 0x9430, 0x9450, 0x9450, 0x9cb1, 0x8c30, 0x840f, 0x8c50, 0x9491,
		0x842f, 0x8c50, 0x9491, 0x9491, 0x8c30, 0x83ef, 0x8c50, 0x8c51, 0x840f,
		0x7bce, 0x73ae, 0x7b8d, 0x9450, 0x9c71, 0xa430, 0xac51, 0xac51, 0xa430,
		0xa450, 0xac50, 0xac71, 0xac71, 0xa450, 0xa450, 0xac50, 0xac30, 0xa450,
		0xa430, 0xa430, 0x940f, 0x9c51, 0x6acc, 0x1021, 0x0044, 0x0884, 0x4a6b,
		0x8411, 0x9492, 0x9450, 0x8c2f, 0x9cb1, 0x9470, 0x9cd1, 0x9cd1, 0x9c90,
		0x9470, 0x9450, 0x9450, 0x9c91, 0x944f, 0x8c2f, 0x8c2f, 0x8c2f, 0x8c4f,
		0x8c4f, 0x8c2f, 0x8c2f, 0x944f, 0x8c2f, 0x8c2f, 0x944f, 0x944f, 0x944f,
		0x8c2e, 0x8c0e, 0x840e, 0x83cd, 0x83cd, 0x7b8c, 0x736b, 0x6b2b, 0x62ea,
		0x5288, 0x5268, 0x41e6, 0x41e6, 0x41e6, 0x2924, 0x1881, 0x1061, 0x1061,
		0x3163, 0x39c5, 0x2102, 0x0000, 0x1040, 0x20c1, 0x41a5, 0x41a4, 0x3984,
		0x3983, 0x3984, 0x3984, 0x41e6, 0x41e6, 0x3985, 0x0820, 0x0800, 0x1041,
		0x2924, 0x5208, 0x62aa, 0x62aa, 0x6aeb, 0x6b0b, 0x730b, 0x6aca, 0x5a69,
		0x62aa, 0x7b8d, 0x7b6d, 0x7b8d, 0x83ce, 0x7bce, 0x7bee, 0x83ef, 0x736d,
		0x6b2c, 0x7b6d, 0x8c2f, 0x9450, 0x9430, 0x9450, 0x9c91, 0x840f, 0x83ee,
		0x9470, 0x9cd2, 0x7bee, 0x840f, 0x8c70, 0x9cb2, 0x8c30, 0x83ef, 0x8c30,
		0x9471, 0x8c30, 0x83ef, 0x736d, 0x738d, 0x9c91, 0x9c71, 0xa450, 0xac51,
		0xac51, 0xa450, 0xa430, 0xa450, 0xac50, 0xac71, 0xa450, 0xa430, 0xa430,
		0xa42f, 0xa42f, 0xa40f, 0x9c10, 0x93cf, 0x9c51, 0x5229, 0x1042, 0x0865,
		0x0865, 0x0864, 0x2105, 0x6b2d, 0x9450, 0x9470, 0x944f, 0x944f, 0x9c90,
		0xa4d1, 0xa4d2, 0x9c91, 0x9450, 0x8c30, 0x9450, 0x9470, 0x9470, 0x8c4f,
		0x8c4f, 0x8c4f, 0x8c4f, 0x8c2f, 0x8c2f, 0x9450, 0x944f, 0x8c2f, 0x8c2f,
		0x8c2f, 0x8c2f, 0x8c0e, 0x83ee, 0x83ee, 0x7bcd, 0x7bac, 0x738c, 0x6b4b,
		0x630a, 0x5aa9, 0x5248, 0x4a27, 0x41c6, 0x39c6, 0x3164, 0x18a2, 0x0840,
		0x1061, 0x1061, 0x3184, 0x3184, 0x1060, 0x0820, 0x1060, 0x3123, 0x41e5,
		0x41e5, 0x41e5, 0x3163, 0x3984, 0x39a4, 0x41e6, 0x3164, 0x3165, 0x0000,
		0x1040, 0x0000, 0x0800, 0x20c3, 0x3145, 0x3104, 0x3124, 0x4186, 0x5a48,
		0x6289, 0x62a9, 0x62a9, 0x6b0b, 0x6aeb, 0x736d, 0x83ce, 0x738d, 0x738d,
		0x738d, 0x736d, 0x736d, 0x83ce, 0x8c30, 0x8c0f, 0x8c0f, 0x9450, 0x9470,
		0x83ee, 0x840f, 0x9471, 0x9cb1, 0x7bce, 0x7bce, 0x840f, 0x9c91, 0x9451,
		0x8c10, 0x8bef, 0x9451, 0x8c50, 0x7bee, 0x632b, 0x736d, 0x9430, 0xa471,
		0xa450, 0xa430, 0xac30, 0xa450, 0xa450, 0xa450, 0xa450, 0xac71, 0xa450,
		0xa410, 0xa40f, 0xa40f, 0xa40f, 0xa40f, 0x9c0f, 0x93cf, 0x9c30, 0x41a7,
		0x20c3, 0x0845, 0x1085, 0x0864, 0x1043, 0x41c8, 0x6aeb, 0x83ce, 0x944f,
		0x944f, 0x942f, 0x9470, 0x9cb1, 0x9c91, 0x9450, 0x9450, 0x9450, 0x9490,
		0x9470, 0x944f, 0x8c4f, 0x8c2f, 0x8c2f, 0x8c2f, 0x8c2f, 0x946f, 0x944f,
		0x8c2f, 0x8c2f, 0x8c0e, 0x8c0e, 0x8bee, 0x83cd, 0x83cd, 0x7bad, 0x738c,
		0x736c, 0x6b0a, 0x5aa9, 0x5268, 0x4a27, 0x4207, 0x4207, 0x3164, 0x1081,
		0x1040, 0x1040, 0x1061, 0x1881, 0x39c4, 0x20c1, 0x0000, 0x1880, 0x2902,
		0x3964, 0x3983, 0x41a4, 0x49e5, 0x41c4, 0x41c4, 0x4206, 0x3164, 0x2903,
		0x2103, 0x0000, 0x0000, 0x0000, 0x18a2, 0x3145, 0x3144, 0x1881, 0x0800,
		0x0800, 0x1840, 0x28c2, 0x3944, 0x49c6, 0x5a89, 0x62aa, 0x734c, 0x83ad,
		0x7bae, 0x6b2c, 0x62eb, 0x734c, 0x7b8d, 0x83ce, 0x83ef, 0x83ef, 0x83ee,
		0x9450, 0x8c0f, 0x83ce, 0x8c50, 0x9470, 0x9470, 0x7bce, 0x738d, 0x7bce,
		0x9471, 0x9c71, 0x9450, 0x8bef, 0x9430, 0x9450, 0x83ee, 0x6b2b, 0x738c,
		0x7bad, 0x9c50, 0xa450, 0xa430, 0xa430, 0xa450, 0xa450, 0xa450, 0xa450,
		0xac50, 0xa430, 0xa40f, 0xa40f, 0x9bee, 0xa3ef, 0xa40f, 0x9bef, 0x93cf,
		0x8bcf, 0x3125, 0x28e4, 0x18c6, 0x1064, 0x18a5, 0x1863, 0x41a7, 0x49c7,
		0x3924, 0x6aca, 0x942f, 0x8bce, 0x8c0f, 0xa4b1, 0x9c91, 0x8c2f, 0x8c2f,
		0x9c70, 0x9470, 0x9470, 0x944f, 0x944f, 0x944f, 0x944f, 0x944f, 0x944f,
		0x944f, 0x944f, 0x8c2f, 0x8c2f, 0x8c0e, 0x8bee, 0x83ed, 0x83cd, 0x7bad,
		0x738c, 0x734c, 0x6b0b, 0x5aa9, 0x5268, 0x4a27, 0x4207, 0x41e7, 0x39a5,
		0x18c2, 0x0820, 0x1040, 0x1061, 0x1061, 0x18a2, 0x3163, 0x18a0, 0x18a0,
		0x2902, 0x3984, 0x3143, 0x3163, 0x3963, 0x49e5, 0x5226, 0x41e5, 0x4205,
		0x18a0, 0x3143, 0x18c2, 0x0820, 0x0840, 0x0000, 0x18a2, 0x3165, 0x3144,
		0x1881, 0x1020, 0x1840, 0x0800, 0x1000, 0x1020, 0x1020, 0x1840, 0x20a2,
		0x5248, 0x83ad, 0x6b2c, 0x734c, 0x734c, 0x734c, 0x734d, 0x83ce, 0x83ef,
		0x83ce, 0x83ce, 0x8c0f, 0x83ce, 0x83ce, 0x9450, 0x9450, 0x9450, 0x83ae,
		0x6b8d, 0x7bce, 0x8c50, 0x9c71, 0x9c71, 0x8c10, 0x8c30, 0x9470, 0x842f,
		0x6b6c, 0x738c, 0x6b2b, 0x8bee, 0x9c30, 0xa430, 0xa430, 0xa430, 0xa430,
		0xa430, 0xa450, 0xa430, 0xa42f, 0xa40f, 0xa40f, 0xa3ee, 0xa3ee, 0xa40f,
		0x9bee, 0x9bef, 0x7b0c, 0x28c3, 0x28c3, 0x2927, 0x20a4, 0x41a8, 0x5a2a,
		0x5a29, 0x5a08, 0x3904, 0x2061, 0x3944, 0x7b4c, 0x940f, 0x83ce, 0x9450,
		0x9c90, 0x8c4f, 0x946f, 0x9470, 0x9470, 0x9470, 0x9450, 0x944f, 0x8c2f,
		0x8c2f, 0x8c2f, 0x8c2e, 0x8c0e, 0x8c0e, 0x8c0e, 0x8bee, 0x83cd, 0x83cd,
		0x83ad, 0x7b8d, 0x734c, 0x6b0b, 0x62ca, 0x5289, 0x5268, 0x5248, 0x4a07,
		0x3985, 0x18a2, 0x0840, 0x1061, 0x1061, 0x1061, 0x18a2, 0x1081, 0x2901,
		0x2922, 0x3984, 0x3984, 0x41a4, 0x3963, 0x41a4, 0x3983, 0x3983, 0x49e4,
		0x4a05, 0x39c4, 0x18a0, 0x39c5, 0x1080, 0x0000, 0x0841, 0x0020, 0x2103,
		0x3165, 0x18a2, 0x0800, 0x0800, 0x1860, 0x1840, 0x1820, 0x1840, 0x1840,
		0x1860, 0x1020, 0x1861, 0x20a1, 0x3985, 0x5248, 0x62eb, 0x6b2c, 0x6b2c,
		0x7bce, 0x83ce, 0x738d, 0x7bce, 0x83ce, 0x83ce, 0x83ef, 0x8c2f, 0x8c0f,
		0x9450, 0x7b8d, 0x6b8d, 0x840f, 0x8c30, 0x9471, 0x9c71, 0x9451, 0x8c10,
		0x9450, 0x8c50, 0x6b6c, 0x738c, 0x6b4b, 0x734c, 0x9c2f, 0xa42f, 0xa430,
		0xa42f, 0xa42f, 0xa42f, 0xa42f, 0xa40f, 0xa3ef, 0xa3ee, 0xa40f, 0xa40e,
		0xa40e, 0xa3ee, 0x93ad, 0x9c0f, 0x6a8a, 0x28a3, 0x28c3, 0x1863, 0x28c4,
		0x3105, 0x4987, 0x3905, 0x38c4, 0x38e4, 0x3904, 0x1800, 0x1800, 0x51e7,
		0x8bce, 0x83cd, 0x83cd, 0x946f, 0x8c4e, 0x944f, 0x944f, 0x9470, 0x944f,
		0x944f, 0x8c2f, 0x8c2f, 0x8c2e, 0x8c0e, 0x8c0e, 0x8bee, 0x83ed, 0x83cd,
		0x83ad, 0x7b8c, 0x7b8c, 0x734c, 0x6b2b, 0x62ea, 0x5a89, 0x5268, 0x5268,
		0x4a07, 0x3985, 0x18c2, 0x0840, 0x0840, 0x1881, 0x1081, 0x1061, 0x18a2,
		0x1881, 0x3143, 0x3963, 0x3163, 0x49e5, 0x41c5, 0x41c5, 0x49c5, 0x41a4,
		0x41c4, 0x41c4, 0x4a05, 0x3142, 0x20e1, 0x41e6, 0x1060, 0x0000, 0x0020,
		0x0020, 0x18e3, 0x18c2, 0x0820, 0x1040, 0x1861, 0x1040, 0x1860, 0x2081,
		0x2081, 0x1840, 0x2081, 0x1860, 0x1860, 0x1000, 0x1040, 0x1020, 0x1881,
		0x39a6, 0x4a48, 0x62eb, 0x6b4c, 0x7bad, 0x83ef, 0x7bae, 0x83ce, 0x8c0f,
		0x83ef, 0x83ef, 0x9471, 0x734c, 0x73ce, 0x8450, 0x8c30, 0x9450, 0x9c71,
		0x9c71, 0x8bef, 0x8c30, 0x8c50, 0x6b6c, 0x738c, 0x738c, 0x6aea, 0x9c4f,
		0xa42f, 0xa430, 0xa40f, 0xa42f, 0xa42f, 0xa42f, 0xa3ef, 0x9bce, 0xa3ce,
		0xa3ee, 0xac2f, 0xac0e, 0x9bcd, 0x938d, 0xa40f, 0x5a28, 0x30c3, 0x28e3,
		0x4166, 0x28a4, 0x1821, 0x2041, 0x2021, 0x3083, 0x1800, 0x2001, 0x30c3,
		0x2062, 0x1861, 0x41c6, 0x7bad, 0x8c0e, 0x7bac, 0x83ed, 0x83ee, 0x8c0e,
		0x8c2f, 0x944f, 0x944f, 0x8c2f, 0x8c2f, 0x8c2f, 0x8c0e, 0x8bee, 0x83cd,
		0x83cd, 0x7bac, 0x7b8c, 0x736b, 0x734b, 0x6b0b, 0x62ea, 0x5aa9, 0x5268,
		0x4a28, 0x4a07, 0x3165, 0x18a1, 0x0800, 0x1081, 0x1081, 0x1061, 0x1081,
		0x1081, 0x1081, 0x18a2, 0x3985, 0x2924, 0x20e2, 0x20c2, 0x2903, 0x3964,
		0x41c5, 0x49e5, 0x49c5, 0x4a05, 0x41c5, 0x3164, 0x2103, 0x3185, 0x0821,
		0x0000, 0x0000, 0x0820, 0x0841, 0x0840, 0x1020, 0x1020, 0x1840, 0x1860,
		0x1860, 0x2081, 0x2081, 0x1860, 0x1860, 0x2081, 0x2081, 0x1881, 0x1040,
		0x1061, 0x0800, 0x1881, 0x39a5, 0x41e6, 0x5268, 0x7bad, 0x83ce, 0x7bad,
		0x736c, 0x83ae, 0x83ce, 0x8bee, 0x8bef, 0x7b4c, 0x734c, 0x8c0f, 0x8c2f,
		0x8bef, 0x942f, 0x9450, 0x940f, 0x93ee, 0x940f, 0x838d, 0x838d, 0x7b2c,
		0x838d, 0x942f, 0x9430, 0x9c50, 0xa40f, 0xa40f, 0xa40f, 0xa40f, 0x9bee,
		0x9bce, 0x9bee, 0xa40f, 0xa42f, 0x9bee, 0x9bee, 0x938d, 0x938d, 0x59c6,
		0x38c2, 0x4103, 0x30a2, 0x38e3, 0x3081, 0x3062, 0x3062, 0x2842, 0x3083,
		0x30a3, 0x2062, 0x2062, 0x2082, 0x1000, 0x3145, 0x7b4c, 0x83ae, 0x8bce,
		0x83ad, 0x83cd, 0x83cd, 0x83ee, 0x8c0e, 0x8bee, 0x8bee, 0x942e, 0x8c0e,
		0x83ed, 0x7bac, 0x7b8c, 0x7b8c, 0x7b6c, 0x734b, 0x6b0a, 0x62ea, 0x5aa9,
		0x5288, 0x5268, 0x4a27, 0x3165, 0x18a1, 0x0800, 0x1060, 0x1061, 0x1881,
		0x1881, 0x1881, 0x1881, 0x1882, 0x18a2, 0x1060, 0x0840, 0x0820, 0x0820,
		0x0800, 0x1040, 0x28e1, 0x3984, 0x5226, 0x4a05, 0x41c5, 0x3984, 0x18a1,
		0x20e3, 0x0000, 0x0021, 0x0000, 0x0020, 0x0820, 0x0820, 0x0820, 0x1020,
		0x1840, 0x1880, 0x2081, 0x2081, 0x2081, 0x2081, 0x20a1, 0x20a2, 0x2081,
		0x1840, 0x1060, 0x1040, 0x0820, 0x1881, 0x39a5, 0x4a07, 0x4a48, 0x62ea,
		0x736c, 0x7b8d, 0x62ea, 0x6aeb, 0x6aeb, 0x730b, 0x732b, 0x6b0b, 0x6b0b,
		0x7bad, 0x83ce, 0x83ce, 0x940f, 0x9c50, 0x940f, 0x93ee, 0x93ee, 0x8bae,
		0x838d, 0x730b, 0x8bae, 0x940f, 0x940f, 0x940f, 0xa42f, 0x9c0f, 0xa40f,
		0xa42f, 0x9c0f, 0x9c0e, 0x9bee, 0x93cd, 0x9c0e, 0x9bce, 0x9bce, 0x9bcd,
		0x832b, 0x59c6, 0x4944, 0x4944, 0x4944, 0x59e7, 0x4924, 0x3061, 0x40e4,
		0x4925, 0x38a4, 0x30a3, 0x30c4, 0x4146, 0x1841, 0x1000, 0x1000, 0x20c2,
		0x62aa, 0x734c, 0x83ad, 0x83ad, 0x7bad, 0x7b6c, 0x7b8c, 0x83ad, 0x83ad,
		0x7b8c, 0x7b8c, 0x7bad, 0x7bad, 0x7b6c, 0x6b2b, 0x6b0a, 0x62ca, 0x62c9,
		0x5aaa, 0x5289, 0x4a48, 0x4207, 0x2944, 0x1060, 0x0820, 0x1081, 0x1061,
		0x1881, 0x1881, 0x1881, 0x1881, 0x1881, 0x1882, 0x18a2, 0x0000, 0x0000,
		0x1040, 0x18a1, 0x20c1, 0x20c1, 0x2902, 0x3963, 0x4a05, 0x49e5, 0x41e5,
		0x3984, 0x1060, 0x1081, 0x0000, 0x0821, 0x0000, 0x0000, 0x0800, 0x0800,
		0x0800, 0x0820, 0x1020, 0x1040, 0x1860, 0x1860, 0x2081, 0x2081, 0x20a1,
		0x20a1, 0x2081, 0x2081, 0x1881, 0x0820, 0x0800, 0x18a1, 0x39a5, 0x4a07,
		0x4a27, 0x5248, 0x5a89, 0x5aa9, 0x4a27, 0x5248, 0x5a89, 0x3985, 0x28c2,
		0x2081, 0x3103, 0x3123, 0x3123, 0x3985, 0x5a68, 0x6ac9, 0x6268, 0x5207,
		0x6268, 0x72ea, 0x836c, 0x730b, 0x93ee, 0x93ee, 0x8bce, 0x8bee, 0x9bce,
		0x93ce, 0x93ce, 0x93ad, 0x93cd, 0x9bee, 0x9c0e, 0x9bee, 0x9bee, 0x9bee,
		0x93ad, 0x9bce, 0x82eb, 0x6a28, 0x6a48, 0x7289, 0x7269, 0x7269, 0x7269,
		0x40e4, 0x3042, 0x40e4, 0x38a4, 0x3083, 0x38e5, 0x30c4, 0x2041, 0x1841,
		0x1841, 0x1841, 0x3103, 0x4186, 0x4a27, 0x62ca, 0x7bad, 0x83ce, 0x736c,
		0x734c, 0x736c, 0x6b2b, 0x734b, 0x6b2b, 0x6b0b, 0x6b0b, 0x6b2b, 0x6b2b,
		0x62ca, 0x5a89, 0x5289, 0x5269, 0x39c6, 0x18c2, 0x0820, 0x0840, 0x1061,
		0x1060, 0x1081, 0x1081, 0x1882, 0x1882, 0x1881, 0x1882, 0x18a2, 0x18a2,
		0x0820, 0x0000, 0x0840, 0x18a1, 0x3123, 0x3963, 0x41a4, 0x49c5, 0x39a3,
		0x41a4, 0x4a05, 0x39a4, 0x1040, 0x1061, 0x0000, 0x0000, 0x0820, 0x0820,
		0x0820, 0x1040, 0x1040, 0x1040, 0x1020, 0x1020, 0x1000, 0x1000, 0x1020,
		0x1040, 0x1040, 0x1020, 0x1040, 0x1861, 0x1040, 0x0800, 0x1040, 0x2903,
		0x3985, 0x39a6, 0x39a6, 0x39c6, 0x41e6, 0x4a27, 0x5aa9, 0x6aeb, 0x6aea,
		0x20a2, 0x1020, 0x1840, 0x1860, 0x2060, 0x1860, 0x2060, 0x2081, 0x2081,
		0x2060, 0x2060, 0x28a1, 0x4164, 0x5a07, 0x6288, 0x7b2b, 0x7b2b, 0x7b4b,
		0x7b6c, 0x8b6c, 0x93ad, 0x9bee, 0x93cd, 0x93ad, 0x93ad, 0x93cd, 0x93ad,
		0x93cd, 0x9bce, 0x938c, 0x938d, 0x7aca, 0x7269, 0x6a48, 0x7aaa, 0x7aca,
		0x728a, 0x726a, 0x4905, 0x40e4, 0x5146, 0x38a3, 0x4105, 0x4105, 0x2042,
		0x2062, 0x1000, 0x1000, 0x2082, 0x2082, 0x4165, 0x3945, 0x1841, 0x20c2,
		0x5a89, 0x736d, 0x736d, 0x736c, 0x736c, 0x630b, 0x630b, 0x62eb, 0x5aca,
		0x5a89, 0x5269, 0x5269, 0x5269, 0x4207, 0x2944, 0x1081, 0x0840, 0x0840,
		0x1061, 0x1061, 0x1081, 0x1081, 0x1881, 0x1882, 0x1882, 0x1882, 0x18a1,
		0x18a2, 0x20c2, 0x18a0, 0x18c1, 0x18c1, 0x20c1, 0x2902, 0x3143, 0x3984,
		0x41a4, 0x39a3, 0x41a4, 0x4a05, 0x39a4, 0x1040, 0x1040, 0x0820, 0x0000,
		0x0820, 0x0820, 0x0820, 0x1040, 0x1860, 0x1861, 0x1860, 0x1860, 0x1860,
		0x1840, 0x1020, 0x1020, 0x1040, 0x1020, 0x0800, 0x0800, 0x0800, 0x20c2,
		0x39a6, 0x4a27, 0x4a07, 0x4207, 0x4207, 0x4a07, 0x4a27, 0x41c6, 0x41c6,
		0x5228, 0x4a07, 0x2081, 0x1861, 0x2081, 0x2080, 0x20a1, 0x2081, 0x28a1,
		0x28a1, 0x28a1, 0x30c1, 0x3902, 0x3902, 0x3923, 0x4164, 0x6a88, 0x72ea,
		0x7b4b, 0x836c, 0x7b4b, 0x72ea, 0x7b2b, 0x8b8c, 0x8bad, 0x8b8c, 0x93ad,
		0x93ce, 0x93cd, 0x93ad, 0x93ad, 0x9bce, 0x8b4c, 0x6a28, 0x7aca, 0x7289,
		0x7269, 0x7269, 0x7a8a, 0x7aab, 0x5146, 0x4905, 0x5987, 0x40c5, 0x4906,
		0x2842, 0x2022, 0x2022, 0x2042, 0x1841, 0x2062, 0x28c3, 0x30c3, 0x3125,
		0x1861, 0x0800, 0x0000, 0x1061, 0x31a5, 0x5289, 0x5aaa, 0x630b, 0x630b,
		0x62eb, 0x62eb, 0x62cb, 0x5269, 0x39c6, 0x2924, 0x0861, 0x0020, 0x0000,
		0x0840, 0x1061, 0x1061, 0x1061, 0x1081, 0x1881, 0x18a2, 0x1882, 0x1882,
		0x18a1, 0x18a1, 0x18c2, 0x20c2, 0x3184, 0x39a4, 0x39a4, 0x3163, 0x3964,
		0x41a4, 0x41c4, 0x41a4, 0x4a05, 0x41e5, 0x4a05, 0x39a4, 0x1040, 0x0820,
		0x0000, 0x0821, 0x0820, 0x0820, 0x0820, 0x1020, 0x1040, 0x1860, 0x1860,
		0x1860, 0x20a1, 0x2081, 0x2081, 0x1881, 0x1860, 0x1020, 0x1000, 0x1020,
		0x0000, 0x3144, 0x4a08, 0x4a07, 0x4a28, 0x5269, 0x5269, 0x5268, 0x5248,
		0x5269, 0x4a07, 0x4a07, 0x2903, 0x1020, 0x1840, 0x28e2, 0x30e2, 0x28a1,
		0x2080, 0x2881, 0x30c1, 0x30e2, 0x38e2, 0x30e2, 0x4123, 0x3923, 0x4143,
		0x72e9, 0x730a, 0x7b4b, 0x838c, 0x7b4b, 0x6268, 0x6ac9, 0x7b4b, 0x8b8c,
		0x8b8d, 0x8b8d, 0x8b8d, 0x8b4c, 0x93ad, 0x938d, 0xa40f, 0x7269, 0x38c2,
		0x6a28, 0x830c, 0x82eb, 0x7acb, 0x82cb, 0x8b0c, 0x5967, 0x3862, 0x4905,
		0x4905, 0x3083, 0x2842, 0x2042, 0x1000, 0x1801, 0x1821, 0x28a3, 0x3925,
		0x2882, 0x30e4, 0x1021, 0x0800, 0x0800, 0x0000, 0x0000, 0x0020, 0x0040,
		0x0861, 0x1903, 0x3165, 0x3165, 0x20e3, 0x1061, 0x0000, 0x0000, 0x0000,
		0x0000, 0x0840, 0x0841, 0x0861, 0x1081, 0x1082, 0x1081, 0x18a2, 0x18a2,
		0x18a2, 0x18a1, 0x18a1, 0x18a1, 0x18a2, 0x20c2, 0x39c5, 0x39a4, 0x3163,
		0x3143, 0x3964, 0x41c5, 0x49e5, 0x49e5, 0x41c5, 0x4a05, 0x4a26, 0x39a5,
		0x1060, 0x0000, 0x0000, 0x0820, 0x0820, 0x0820, 0x1020, 0x1040, 0x1040,
		0x1840, 0x1860, 0x1860, 0x1860, 0x2081, 0x2081, 0x1861, 0x1000, 0x0800,
		0x1020, 0x1861, 0x1041, 0x39a6, 0x4a28, 0x4207, 0x5269, 0x5aaa, 0x5aaa,
		0x5aea, 0x5aa9, 0x5aca, 0x5268, 0x5248, 0x49e7, 0x20a1, 0x1820, 0x1860,
		0x2060, 0x2080, 0x28a1, 0x28a1, 0x2880, 0x2880, 0x30c1, 0x38e2, 0x30c1,
		0x3902, 0x4143, 0x72e9, 0x7b4b, 0x7b4b, 0x8bac, 0x836b, 0x62a9, 0x6288,
		0x6288, 0x6288, 0x6288, 0x72ea, 0x8b8d, 0x9c0f, 0x9bef, 0x9bef, 0x9bef,
		0x59c7, 0x3062, 0x4945, 0x726a, 0x82cb, 0x7aaa, 0x7aab, 0x59c7, 0x38a3,
		0x40c4, 0x4925, 0x40c4, 0x3083, 0x2042, 0x1822, 0x2062, 0x1841, 0x1841,
		0x30e4, 0x3925, 0x30e4, 0x2062, 0x1021, 0x0800, 0x0000, 0x0000, 0x0000,
		0x0000, 0x0000, 0x0000, 0x0000, 0x0000, 0x0000, 0x0000, 0x0000, 0x0000,
		0x0000, 0x0841, 0x0020, 0x0841, 0x1082, 0x10a2, 0x1061, 0x1061, 0x18c2,
		0x18a2, 0x18a2, 0x18a2, 0x18a2, 0x18a2, 0x18a2, 0x20a2, 0x20c2, 0x39a4,
		0x39a4, 0x39a4, 0x39a5, 0x3984, 0x3163, 0x3123, 0x3122, 0x3143, 0x49e5,
		0x5247, 0x39a5, 0x1060, 0x0820, 0x0800, 0x0000, 0x0800, 0x1020, 0x1040,
		0x1860, 0x1861, 0x1861, 0x1881, 0x2081, 0x2081, 0x2081, 0x1861, 0x1020,
		0x1000, 0x1020, 0x1861, 0x20a2, 0x1061, 0x41e7, 0x5289, 0x5269, 0x5289,
		0x4a48, 0x4a28, 0x630b, 0x5aca, 0x62ca, 0x6aeb, 0x62aa, 0x730b, 0x2081,
		0x1000, 0x1820, 0x1840, 0x2040, 0x2060, 0x2880, 0x2880, 0x30a1, 0x30c1,
		0x30c1, 0x30c1, 0x3902, 0x3902, 0x6267, 0x834b, 0x7b6b, 0x8bac, 0x7b4b,
		0x6289, 0x62a9, 0x6aca, 0x62a9, 0x51e7, 0x4985, 0x49a5, 0x51c6, 0x6a89,
		0x72aa, 0x6228, 0x30a3, 0x38a3, 0x3062, 0x38a3, 0x4925, 0x59c7, 0x4104,
		0x3062, 0x38a3, 0x3083, 0x2842, 0x3083, 0x2863, 0x2883, 0x2042, 0x2062,
		0x2062, 0x2082, 0x3104, 0x4146, 0x3924, 0x3105, 0x2062, 0x0800, 0x0000,
		0x0000, 0x0000, 0x0000, 0x0020, 0x0000, 0x0000, 0x0000, 0x0000, 0x0000,
		0x0020, 0x0000, 0x0000, 0x0000, 0x0841, 0x0861, 0x0861, 0x1082, 0x18a2,
		0x18a2, 0x1061, 0x18a2, 0x18a2, 0x18a2, 0x18c2, 0x18a2, 0x20a2, 0x20c2,
		0x20c2, 0x39a4, 0x39a4, 0x39a5, 0x3163, 0x18a1, 0x1060, 0x1860, 0x1860,
		0x1060, 0x1880, 0x41c5, 0x41a5, 0x1061, 0x0000, 0x0821, 0x0800, 0x0820,
		0x1020, 0x1040, 0x1881, 0x1881, 0x1860, 0x1840, 0x1860, 0x1840, 0x1861,
		0x1020, 0x0800, 0x1020, 0x1861, 0x1861, 0x20a2, 0x18a2, 0x5248, 0x5248,
		0x5aaa, 0x4207, 0x0020, 0x2924, 0x630b, 0x6b0b, 0x62ca, 0x6b0b, 0x732b,
		0x5a48, 0x1840, 0x2081, 0x1820, 0x1000, 0x1820, 0x1800, 0x1840, 0x2060,
		0x30c1, 0x28a1, 0x30c1, 0x3902, 0x3902, 0x3902, 0x51c5, 0x836b, 0x838c,
		0x8bcd, 0x732a, 0x62a9, 0x62ca, 0x6aea, 0x6aca, 0x6aa9, 0x5a48, 0x49c6,
		0x4145, 0x2862, 0x2021, 0x30c3, 0x38c3, 0x2862, 0x3083, 0x2842, 0x2842,
		0x30a3, 0x30a2, 0x3082, 0x3082, 0x3062, 0x2862, 0x2863, 0x2863, 0x2062,
		0x2083, 0x20a3, 0x20a3, 0x20a3, 0x3104, 0x4166, 0x3945, 0x3925, 0x28a3,
		0x0800, 0x0000, 0x0000, 0x0000, 0x0020, 0x0000, 0x0000, 0x0000, 0x0000,
		0x0000, 0x0000, 0x0000, 0x0000, 0x0020, 0x0841, 0x0861, 0x1082, 0x1082,
		0x1082, 0x10a2, 0x18a2, 0x18a2, 0x18a2, 0x18a2, 0x18a2, 0x18c2, 0x20a2,
		0x20c2, 0x20c2, 0x20c2, 0x39a4, 0x41c5, 0x3164, 0x18a1, 0x1040, 0x1880,
		0x18a1, 0x18a1, 0x1880, 0x1040, 0x20e2, 0x3985, 0x1061, 0x0000, 0x0000,
		0x0801, 0x1840, 0x1040, 0x1040, 0x1861, 0x1881, 0x1861, 0x1861, 0x1861,
		0x1860, 0x1840, 0x1020, 0x1000, 0x1020, 0x1861, 0x1861, 0x1881, 0x20a2,
		0x5249, 0x5248, 0x5a89, 0x3165, 0x0000, 0x2964, 0x6b4c, 0x62ca, 0x62ea,
		0x6b0b, 0x7b4c, 0x41a5, 0x2060, 0x28c1, 0x30c1, 0x2081, 0x1820, 0x1840,
		0x1000, 0x1800, 0x1820, 0x2020, 0x2880, 0x30a1, 0x4143, 0x4143, 0x3102,
		0x6267, 0x8bac, 0x940e, 0x6ae9, 0x62c9, 0x6aca, 0x6aea, 0x6aca, 0x6aca,
		0x6aca, 0x6269, 0x5a28, 0x4125, 0x2882, 0x30a3, 0x30a3, 0x30a3, 0x4105,
		0x4105, 0x40e5, 0x3924, 0x4125, 0x3925, 0x38e4, 0x30c3, 0x30a3, 0x30c4,
		0x3105, 0x2083, 0x20a3, 0x20c3, 0x20c3, 0x20c3, 0x28e4, 0x3945, 0x4186,
		0x4166, 0x28e3, 0x0800, 0x0000, 0x0020, 0x0000, 0x0000, 0x0000, 0x0000,
		0x0000, 0x0000, 0x0800, 0x0820, 0x0020, 0x0020, 0x0860, 0x0841, 0x0861,
		0x1082, 0x1082, 0x10a2, 0x18a2, 0x18a2, 0x18a2, 0x18a2, 0x18a2, 0x20c2,
		0x20c2, 0x20a2, 0x20c2, 0x20c2, 0x20c2, 0x41e5, 0x3163, 0x18a0, 0x1880,
		0x3143, 0x3984, 0x28e2, 0x1881, 0x1881, 0x1040, 0x1040, 0x2903, 0x1061,
		0x0820, 0x0800, 0x0821, 0x1860, 0x1040, 0x1040, 0x1860, 0x1861, 0x1860,
		0x1861, 0x1861, 0x1861, 0x1020, 0x1000, 0x1020, 0x1840, 0x1861, 0x1861,
		0x1841, 0x28e3, 0x5aaa, 0x5a89, 0x5aaa, 0x39c6, 0x2944, 0x5289, 0x630b,
		0x62ca, 0x6b2b, 0x732b, 0x7b6c, 0x28e2, 0x2880, 0x30c1, 0x3902, 0x2081,
		0x1820, 0x28a1, 0x2881, 0x28a1, 0x2040, 0x1800, 0x1820, 0x1820, 0x2880,
		0x2880, 0x1840, 0x3902, 0x5a47, 0x6288, 0x5a67, 0x6aea, 0x6aea, 0x6aea,
		0x6aea, 0x6aeb, 0x72eb, 0x6acb, 0x6aaa, 0x5a29, 0x4165, 0x4125, 0x3925,
		0x4146, 0x51c8, 0x51c8, 0x51c8, 0x51e7, 0x49c7, 0x4186, 0x4166, 0x4145,
		0x4146, 0x4146, 0x3966, 0x2904, 0x2904, 0x2904, 0x2904, 0x2904, 0x28e4,
		0x3124, 0x41a7, 0x4986, 0x3104, 0x0800, 0x0000, 0x0020, 0x0000, 0x0020,
		0x0840, 0x0840, 0x1020, 0x0800, 0x0820, 0x1040, 0x0820, 0x0040, 0x0861,
		0x0861, 0x1061, 0x1082, 0x18a2, 0x18a2, 0x18a2, 0x18a2, 0x18c2, 0x18a2,
		0x20c2, 0x20c2, 0x20c2, 0x20c2, 0x20a2, 0x20c2, 0x20c2, 0x41c4, 0x39a4,
		0x2942, 0x2902, 0x2902, 0x20e2, 0x20c1, 0x20e2, 0x20a1, 0x18a1, 0x1060,
		0x20c2, 0x1040, 0x0820, 0x0820, 0x0821, 0x1020, 0x1020, 0x1040, 0x1840,
		0x1860, 0x1840, 0x1840, 0x1860, 0x1840, 0x1000, 0x1000, 0x1840, 0x1840,
		0x1840, 0x1861, 0x1840, 0x2924, 0x62ca, 0x5268, 0x5a89, 0x5a89, 0x5aca,
		0x6b4c, 0x5aaa, 0x6b0b, 0x734c, 0x7b4c, 0x7b2b, 0x2060, 0x30c1, 0x38e2,
		0x38e2, 0x3102, 0x1840, 0x2060, 0x28c1, 0x30e2, 0x30a1, 0x2880, 0x2880,
		0x2040, 0x1820, 0x2040, 0x28a0, 0x28c1, 0x30e1, 0x3922, 0x6267, 0x6b0a,
		0x6b0b, 0x6aeb, 0x6aea, 0x6aeb, 0x6b0b, 0x6aeb, 0x6acb, 0x6aaa, 0x5a28,
		0x5a28, 0x5208, 0x5208, 0x5a29, 0x5a29, 0x5a29, 0x5228, 0x49e7, 0x49c7,
		0x49a6, 0x49c7, 0x49a7, 0x4186, 0x3966, 0x3966, 0x3166, 0x3145, 0x3145,
		0x3125, 0x28e4, 0x3104, 0x4186, 0x4186, 0x3104, 0x0800, 0x0000, 0x0020,
		0x0020, 0x0881, 0x1081, 0x1861, 0x1841, 0x1020, 0x1841, 0x1041, 0x0820,
		0x0020, 0x0861, 0x1061, 0x1081, 0x1082, 0x18a2, 0x18a2, 0x18a2, 0x18a2,
		0x18c2, 0x20c2, 0x20c2, 0x20c2, 0x20c2, 0x20c2, 0x20a2, 0x20c2, 0x20c2,
		0x39a3, 0x39a3, 0x39a4, 0x3984, 0x3984, 0x39a4, 0x3123, 0x1880, 0x1860,
		0x1060, 0x1040, 0x1040, 0x0820, 0x0800, 0x0820, 0x0821, 0x1020, 0x1020,
		0x1040, 0x1040, 0x1040, 0x1040, 0x1040, 0x1860, 0x1020, 0x1000, 0x1020,
		0x1860, 0x1840, 0x1840, 0x1861, 0x1861, 0x3123, 0x5a89, 0x5248, 0x5a89,
		0x62ea, 0x62ea, 0x630b, 0x630b, 0x6b0b, 0x734c, 0x838d, 0x6ac9, 0x2060,
		0x38e2, 0x3902, 0x38e1, 0x3923, 0x28c1, 0x1800, 0x28a1, 0x38e2, 0x30e1,
		0x3902, 0x38e1, 0x38e1, 0x30a0, 0x30e1, 0x3922, 0x3901, 0x38e1, 0x30e1,
		0x6a88, 0x6b0a, 0x6b0b, 0x730b, 0x730b, 0x730b, 0x730b, 0x730b, 0x6aeb,
		0x6aca, 0x628a, 0x62aa, 0x628a, 0x6269, 0x5a69, 0x5a48, 0x5a48, 0x5228,
		0x5228, 0x5208, 0x49e7, 0x49c7, 0x41c7, 0x41a7, 0x41a6, 0x3986, 0x3986,
		0x3166, 0x3145, 0x3145, 0x2904, 0x28e4, 0x3125, 0x4165, 0x3924, 0x1020,
		0x0000, 0x0000, 0x0840, 0x18a2, 0x1882, 0x1861, 0x1841, 0x1821, 0x1841,
		0x1861, 0x0820, 0x0040, 0x0881, 0x1061, 0x1082, 0x1882, 0x18a2, 0x18a2,
		0x18a2, 0x18a2, 0x20c2, 0x20c2, 0x20c2, 0x20c2, 0x20c2, 0x20c2, 0x20a2,
		0x20c2, 0x20e2, 0x41c3, 0x3983, 0x39a3, 0x39a4, 0x3984, 0x41e5, 0x4a26,
		0x41e5, 0x2902, 0x18a0, 0x18a1, 0x1060, 0x0840, 0x0820, 0x0800, 0x0820,
		0x1040, 0x1040, 0x1040, 0x1040, 0x1020, 0x1020, 0x1840, 0x1861, 0x1000,
		0x1000, 0x1840, 0x1860, 0x1840, 0x1840, 0x1860, 0x2081, 0x20a2, 0x4a07,
		0x5a89, 0x5a89, 0x62eb, 0x62ea, 0x62ea, 0x6b2b, 0x6b0b, 0x734c, 0x8bce,
		0x5a27, 0x2060, 0x38e1, 0x3902, 0x38e1, 0x3102, 0x3902, 0x1820, 0x30e2,
		0x3902, 0x30c1, 0x3902, 0x38c1, 0x4102, 0x3901, 0x38e1, 0x3901, 0x4102,
		0x4122, 0x3922, 0x6a67, 0x730a, 0x730b, 0x730a, 0x730b, 0x730b, 0x730b,
		0x730b, 0x730b, 0x6aeb, 0x62ca, 0x62aa, 0x62aa, 0x62aa, 0x6289, 0x5a69,
		0x5a68, 0x5268, 0x5248, 0x4a28, 0x4a07, 0x49e7, 0x49e7, 0x41c7, 0x41c7,
		0x3986, 0x39a6, 0x3186, 0x3145, 0x3145, 0x3125, 0x3104, 0x3104, 0x3945,
		0x3965, 0x20a2, 0x0800, 0x0000, 0x0820, 0x1082, 0x1862, 0x1841, 0x2041,
		0x2021, 0x2042, 0x1861, 0x1040, 0x0840, 0x0881, 0x1061, 0x1881, 0x18a2,
		0x18a2, 0x18a2, 0x18a2, 0x20c2, 0x20c2, 0x20c2, 0x20c2, 0x20c2, 0x20c2,
		0x20c2, 0x20c2, 0x20c2, 0x20c2, 0x39c3, 0x3982, 0x39a3, 0x41c4, 0x41e4,
		0x41c4, 0x41e5, 0x4a06, 0x4a26, 0x4205, 0x4a06, 0x3143, 0x1040, 0x1040,
		0x0000, 0x0800, 0x1861, 0x1841, 0x1040, 0x1020, 0x1020, 0x1040, 0x1841,
		0x1861, 0x1000, 0x1040, 0x1840, 0x1840, 0x1840, 0x1860, 0x2061, 0x2081,
		0x0800, 0x3144, 0x5a89, 0x5248, 0x62ca, 0x630b, 0x62eb, 0x62ea, 0x6b2b,
		0x736c, 0x8bcd, 0x4164, 0x2060, 0x38e1, 0x38e1, 0x38c1, 0x3902, 0x4143,
		0x2060, 0x2880, 0x38e1, 0x30a0, 0x4101, 0x4101, 0x4101, 0x4101, 0x38e1,
		0x4101, 0x4122, 0x4122, 0x4142, 0x6a87, 0x732a, 0x732a, 0x730a, 0x730a,
		0x6b0a, 0x6b0b, 0x6b0b, 0x6b0b, 0x6b0b, 0x6aea, 0x62a9, 0x62a9, 0x62ca,
		0x62a9, 0x5aa9, 0x5a89, 0x5a89, 0x5269, 0x5228, 0x4a08, 0x5208, 0x4a08,
		0x49e7, 0x41c7, 0x41c7, 0x39a6, 0x3986, 0x3986, 0x3165, 0x3945, 0x3125,
		0x30e4, 0x3904, 0x3945, 0x3145, 0x0820, 0x0000, 0x0000, 0x1041, 0x1862,
		0x2042, 0x2842, 0x2842, 0x2042, 0x1841, 0x1041, 0x0840, 0x0881, 0x1881,
		0x1882, 0x18a2, 0x18a2, 0x20a2, 0x20a2, 0x20c2, 0x20c2, 0x20e3, 0x20c2,
		0x20c2, 0x20c2, 0x20c2, 0x20c2, 0x20a2, 0x20c2, 0x39c3, 0x4204, 0x41e3,
		0x39a3, 0x41c4, 0x41e4, 0x41e5, 0x4a05, 0x4a05, 0x5267, 0x5aa8, 0x3163,
		0x0000, 0x1060, 0x0820, 0x0820, 0x1881, 0x1861, 0x1040, 0x1020, 0x1040,
		0x1840, 0x1840, 0x1040, 0x1000, 0x1840, 0x1840, 0x1820, 0x1840, 0x1860,
		0x2061, 0x20a1, 0x1020, 0x20a2, 0x5268, 0x5248, 0x5aca, 0x62ea, 0x62ea,
		0x6b2b, 0x6b2b, 0x732b, 0x7b6c, 0x30e1, 0x2060, 0x38e2, 0x38c1, 0x38c1,
		0x3102, 0x3923, 0x2880, 0x2040, 0x3902, 0x38e1, 0x4101, 0x4101, 0x40e1,
		0x4922, 0x4922, 0x4101, 0x4942, 0x4101, 0x4942, 0x72a7, 0x730a, 0x730a,
		0x732a, 0x732a, 0x732b, 0x732b, 0x6b0b, 0x6b0b, 0x6b0a, 0x6b0a, 0x62ca,
		0x62ca, 0x62ca, 0x5aa9, 0x5aa8, 0x5a88, 0x5a69, 0x5a69, 0x5269, 0x5248,
		0x4a08, 0x49e7, 0x49e7, 0x41e7, 0x41e7, 0x39a6, 0x3986, 0x3986, 0x3965,
		0x3125, 0x3125, 0x3104, 0x30c3, 0x3104, 0x3966, 0x1021, 0x0000, 0x0000,
		0x1041, 0x2082, 0x2042, 0x2842, 0x2842, 0x2042, 0x2042, 0x1061, 0x0861,
		0x0881, 0x1881, 0x1882, 0x18a2, 0x20a2, 0x20a2, 0x20c2, 0x20c2, 0x20e3,
		0x20e3, 0x20c2, 0x20a2, 0x20c2, 0x20c2, 0x20c2, 0x18a1, 0x20a2 };

#endif /* HAL_TFT_TFT_IMAGE2_H_ */
